{"type":"FeatureCollection","features":[{"type":"Feature","properties":{"name":"Hedensted"},"geometry":{"type":"Polygon","coordinates":[[[9.44919,55.86046],[9.4602,55.86192],[9.44046,55.87674],[9.43044,55.88673],[9.41253,55.89244],[9.3864,55.91923],[9.38844,55.91971],[9.38858,55.91983],[9.3895,55.92011],[9.38701,55.92415],[9.39869,55.92221],[9.41046,55.91469],[9.43604,55.9098],[9.46985,55.90683],[9.50218,55.90689],[9.52073,55.90055],[9.5235,55.90666],[9.53359,55.9064],[9.54019,55.91146],[9.54009,55.90575],[9.55834,55.90539],[9.55903,55.91591],[9.56976,55.91452],[9.57842,55.91798],[9.59557,55.90944],[9.61797,55.91079],[9.61742,55.91641],[9.63411,55.92447],[9.64024,55.9157],[9.69465,55.90366],[9.68999,55.87122],[9.68856,55.86503],[9.72427,55.86653],[9.73484,55.85297],[9.74532,55.84924],[9.74421,55.84583],[9.7471,55.84075],[9.74449,55.8376],[9.74939,55.83515],[9.75474,55.82952],[9.76564,55.82755],[9.78032,55.82168],[9.7856,55.81601],[9.78975,55.81141],[9.805,55.80745],[9.81699,55.80236],[9.81417,55.79799],[9.81956,55.79808],[9.83896,55.80825],[9.85098,55.79899],[9.87983,55.80246],[9.91808,55.80684],[9.94712,55.80693],[9.94652,55.82248],[9.96043,55.83125],[9.96348,55.83092],[9.96858,55.83197],[9.96865,55.8315],[9.96986,55.83073],[9.97483,55.8285],[9.97883,55.82748],[9.98136,55.82705],[9.98267,55.82732],[9.98267,55.82732],[9.98523,55.82763],[9.98899,55.82728],[9.9901,55.82695],[9.9925,55.82644],[9.99981,55.82522],[10.00178,55.82538],[10.00422,55.82514],[10.00632,55.82549],[10.00788,55.82602],[10.0081,55.82605],[10.00823,55.82614],[10.00891,55.82638],[10.012,55.82801],[10.01705,55.83241],[10.01959,55.83482],[10.02185,55.8379],[10.02334,55.84289],[10.02346,55.83884],[10.02226,55.83564],[10.02268,55.83291],[10.02254,55.83116],[10.02025,55.82778],[10.01971,55.82804],[10.01686,55.82833],[10.01627,55.8271],[10.01608,55.82671],[10.01655,55.82614],[10.01763,55.82604],[10.02114,55.82488],[10.02044,55.82405],[10.01897,55.82364],[10.01784,55.82193],[10.01475,55.81944],[10.01454,55.81809],[10.01402,55.81737],[10.01478,55.81758],[10.01634,55.81801],[10.017,55.8189],[10.0212,55.82021],[10.02174,55.82069],[10.02429,55.82123],[10.02733,55.8226],[10.03042,55.8235],[10.03056,55.82354],[10.03477,55.824],[10.03724,55.82392],[10.03883,55.82345],[10.04089,55.82322],[10.04543,55.82333],[10.04575,55.82338],[10.04753,55.82368],[10.04717,55.82557],[10.04865,55.82444],[10.04989,55.82364],[10.0516,55.82298],[10.05088,55.82252],[10.05224,55.82135],[10.05325,55.82153],[10.0528,55.82033],[10.05277,55.81772],[10.05334,55.81643],[10.05734,55.81222],[10.05944,55.81087],[10.06339,55.81066],[10.06386,55.80968],[10.06566,55.80844],[10.06599,55.80812],[10.06592,55.80806],[10.06405,55.80662],[10.06116,55.80604],[10.05936,55.80533],[10.05649,55.80384],[10.054,55.80216],[10.05346,55.8019],[10.05308,55.80155],[10.05147,55.80047],[10.04365,55.79265],[10.0426,55.79223],[10.0421,55.79196],[10.04158,55.79195],[10.0413,55.79171],[10.04063,55.79162],[10.04062,55.79142],[10.03998,55.79137],[10.03492,55.78834],[10.02591,55.78215],[10.02256,55.78133],[10.01981,55.78055],[10.01771,55.77894],[10.01622,55.7755],[10.01573,55.77136],[10.01741,55.76558],[10.01902,55.76317],[10.02112,55.76115],[10.02524,55.75859],[10.02899,55.75728],[10.03194,55.75691],[10.03481,55.75756],[10.03958,55.75614],[10.04307,55.75552],[10.04817,55.75499],[10.04908,55.75485],[10.05084,55.75472],[10.06234,55.75447],[10.07395,55.75289],[10.07708,55.75276],[10.07854,55.75034],[10.08169,55.74778],[10.08246,55.7461],[10.08226,55.74542],[10.08165,55.74515],[10.08148,55.74516],[10.06554,55.74627],[10.06228,55.74581],[10.05719,55.74612],[10.05436,55.74571],[10.05392,55.74571],[10.05348,55.74558],[10.04448,55.74128],[10.04286,55.74015],[10.03775,55.73503],[10.03626,55.73452],[10.03159,55.73401],[10.02749,55.73411],[10.02652,55.73391],[10.02533,55.73382],[10.02189,55.73396],[10.02026,55.73378],[10.01703,55.73324],[10.01652,55.73321],[10.0158,55.73304],[10.0118,55.73161],[10.00731,55.73116],[10.00649,55.73088],[10.00551,55.73066],[10.00516,55.73043],[10.00339,55.72982],[10.00119,55.72792],[10.00119,55.72792],[9.99956,55.72562],[9.99883,55.72315],[9.99894,55.72088],[9.99968,55.71926],[9.99975,55.71887],[9.99991,55.71877],[10.00007,55.71841],[10.00471,55.71714],[10.00744,55.71688],[10.00941,55.7167],[10.01045,55.71644],[10.01154,55.71617],[10.01333,55.71561],[10.01469,55.71539],[10.01499,55.7142],[10.0151,55.71407],[10.01584,55.7138],[10.01674,55.7144],[10.01766,55.71502],[10.01655,55.71588],[10.01748,55.71625],[10.01915,55.71564],[10.01926,55.71471],[10.01972,55.71349],[10.02073,55.70968],[10.02345,55.70536],[10.02803,55.70079],[10.02966,55.69826],[10.03003,55.6972],[10.02969,55.69669],[10.02391,55.6987],[10.0178,55.70038],[10.01253,55.70145],[10.01097,55.70154],[10.01074,55.7016],[10.00751,55.7016],[10.0011,55.7008],[10,55.70075],[9.99687,55.69968],[9.99687,55.69968],[9.98561,55.69656],[9.98346,55.69654],[9.97544,55.69525],[9.96765,55.69556],[9.96101,55.69527],[9.95896,55.69507],[9.95521,55.69397],[9.95007,55.69394],[9.95002,55.69394],[9.94147,55.69427],[9.92845,55.69362],[9.9212,55.69298],[9.91386,55.692],[9.90163,55.68959],[9.89444,55.68887],[9.88575,55.68711],[9.88188,55.68674],[9.87774,55.68527],[9.87136,55.68426],[9.8676,55.68337],[9.86348,55.68195],[9.8626,55.68172],[9.86226,55.68152],[9.86162,55.68131],[9.85882,55.67958],[9.85683,55.67847],[9.85482,55.67782],[9.84946,55.6743],[9.84742,55.67353],[9.84559,55.67346],[9.84559,55.67346],[9.83768,55.67143],[9.83476,55.67095],[9.82954,55.66987],[9.82928,55.66982],[9.82114,55.66885],[9.81895,55.66898],[9.81733,55.67001],[9.81399,55.67447],[9.8126,55.67575],[9.8108,55.67697],[9.8082,55.67806],[9.80642,55.67817],[9.79842,55.67811],[9.79486,55.67895],[9.79168,55.68019],[9.78516,55.68154],[9.78377,55.68159],[9.78362,55.68159],[9.78336,55.68166],[9.78249,55.68165],[9.77929,55.68129],[9.77898,55.68093],[9.77667,55.68103],[9.76306,55.68053],[9.75368,55.68115],[9.75035,55.68112],[9.74665,55.68056],[9.7463,55.68055],[9.74597,55.68081],[9.74494,55.68234],[9.74396,55.68422],[9.74199,55.68464],[9.73505,55.68781],[9.7326,55.69019],[9.72652,55.69275],[9.72452,55.69534],[9.72228,55.69642],[9.71922,55.69727],[9.71672,55.69928],[9.71617,55.70079],[9.71506,55.70196],[9.71464,55.70253],[9.71538,55.70269],[9.71504,55.70276],[9.71352,55.70305],[9.71111,55.70274],[9.70244,55.70279],[9.69947,55.70311],[9.6978,55.70467],[9.69577,55.70624],[9.69443,55.70684],[9.69421,55.70701],[9.69359,55.70722],[9.68618,55.70896],[9.68421,55.71029],[9.68144,55.71105],[9.68112,55.7111],[9.67934,55.71096],[9.67401,55.71202],[9.67203,55.71217],[9.68447,55.7359],[9.68152,55.74945],[9.65193,55.7596],[9.64782,55.75389],[9.62458,55.75831],[9.60214,55.75201],[9.59276,55.7525],[9.59209,55.7608],[9.58486,55.7641],[9.59671,55.77298],[9.58571,55.78135],[9.57949,55.77475],[9.57612,55.77643],[9.56433,55.77291],[9.55577,55.77815],[9.53926,55.77333],[9.5409,55.78366],[9.5203,55.78572],[9.51938,55.79586],[9.51437,55.79557],[9.51489,55.80021],[9.50801,55.80249],[9.50716,55.81029],[9.50371,55.82711],[9.48297,55.82741],[9.48339,55.8327],[9.44732,55.83468],[9.44567,55.83982],[9.45556,55.84999],[9.44019,55.85378],[9.44919,55.86046]]]}},{"type":"Feature","properties":{"name":"Hedensted"},"geometry":{"type":"Polygon","coordinates":[[[10.06198,55.83301],[10.06243,55.83312],[10.0643,55.83335],[10.06695,55.83342],[10.06833,55.83402],[10.07063,55.83343],[10.07389,55.83433],[10.07426,55.83489],[10.07636,55.8347],[10.08471,55.83124],[10.08922,55.8297],[10.09535,55.82918],[10.08865,55.83097],[10.08367,55.83337],[10.08422,55.83358],[10.08632,55.83287],[10.09569,55.82951],[10.09892,55.82778],[10.10143,55.8263],[10.10202,55.82513],[10.09931,55.82258],[10.09593,55.82128],[10.09314,55.81925],[10.09019,55.8183],[10.08659,55.81777],[10.08284,55.81748],[10.07394,55.81754],[10.07132,55.8181],[10.06822,55.81809],[10.06764,55.81877],[10.06958,55.81928],[10.07094,55.82005],[10.07366,55.81899],[10.07488,55.81806],[10.0823,55.81808],[10.08264,55.8187],[10.08258,55.81956],[10.07986,55.82094],[10.0756,55.82097],[10.06992,55.82118],[10.06658,55.82284],[10.06536,55.82301],[10.06393,55.82225],[10.06433,55.82334],[10.0631,55.82434],[10.06247,55.82653],[10.05797,55.82949],[10.05778,55.83007],[10.0576,55.83063],[10.05939,55.83191],[10.06164,55.83293],[10.06198,55.83301]]]}},{"type":"Feature","properties":{"name":"Esbjerg"},"geometry":{"type":"Polygon","coordinates":[[[8.59656,55.53506],[8.60144,55.52856],[8.61454,55.53363],[8.66104,55.54676],[8.68354,55.54289],[8.67488,55.54833],[8.68073,55.54922],[8.69239,55.5481],[8.7255,55.52767],[8.73141,55.53219],[8.73231,55.53745],[8.73745,55.53952],[8.73519,55.54038],[8.74181,55.54178],[8.74446,55.54828],[8.76221,55.55339],[8.80123,55.53679],[8.81607,55.52613],[8.8138,55.52092],[8.85707,55.51247],[8.85945,55.50765],[8.8544,55.50741],[8.8579,55.49912],[8.85937,55.49976],[8.86639,55.49512],[8.86488,55.49369],[8.87003,55.49234],[8.86963,55.48836],[8.86487,55.48787],[8.87062,55.48507],[8.86507,55.48459],[8.86187,55.47134],[8.83585,55.45261],[8.8465,55.45021],[8.84563,55.43772],[8.86725,55.43734],[8.8657,55.4334],[8.86702,55.40889],[8.92016,55.40864],[8.92361,55.40113],[8.90713,55.39592],[8.91243,55.39282],[8.9371,55.39328],[8.93266,55.38114],[8.91075,55.38127],[8.89741,55.36484],[8.87344,55.36627],[8.88667,55.34506],[8.89955,55.34138],[8.89198,55.32314],[8.88493,55.32084],[8.89967,55.31738],[8.92711,55.29989],[8.91366,55.29058],[8.90791,55.27905],[8.93891,55.27338],[8.93282,55.24419],[8.93642,55.22069],[8.90612,55.22773],[8.87993,55.22782],[8.85998,55.22495],[8.80862,55.2306],[8.78166,55.23908],[8.77733,55.23852],[8.72324,55.24471],[8.65859,55.23926],[8.65641,55.24254],[8.65612,55.2434],[8.65682,55.245],[8.65832,55.24544],[8.66113,55.24471],[8.66134,55.24727],[8.65931,55.24813],[8.65793,55.24862],[8.65749,55.24916],[8.65759,55.25003],[8.6589,55.25166],[8.65984,55.25208],[8.66065,55.25236],[8.66455,55.25297],[8.66467,55.25411],[8.66375,55.25458],[8.66025,55.25391],[8.65706,55.25471],[8.6555,55.25549],[8.65384,55.25967],[8.6545,55.26031],[8.65551,55.25998],[8.65819,55.25949],[8.66117,55.26059],[8.66286,55.26082],[8.66287,55.26151],[8.66065,55.2619],[8.66083,55.26345],[8.66102,55.26501],[8.66007,55.26499],[8.6585,55.26448],[8.65648,55.26382],[8.65596,55.26396],[8.65344,55.26412],[8.65331,55.26413],[8.65231,55.26508],[8.65189,55.26679],[8.65133,55.26779],[8.64717,55.26818],[8.64534,55.2677],[8.64339,55.2686],[8.64291,55.27013],[8.6431,55.27087],[8.64904,55.2728],[8.64892,55.27474],[8.64967,55.27643],[8.64922,55.27739],[8.65066,55.2792],[8.65306,55.27883],[8.6543,55.27623],[8.65521,55.27618],[8.65859,55.27682],[8.65926,55.27699],[8.6594,55.27702],[8.65679,55.27885],[8.65586,55.28038],[8.65455,55.28542],[8.65402,55.29166],[8.65345,55.29406],[8.65373,55.29634],[8.65468,55.29872],[8.65641,55.30117],[8.65769,55.30298],[8.65869,55.30538],[8.64291,55.3084],[8.61318,55.29861],[8.60599,55.29334],[8.58644,55.28903],[8.58516,55.28723],[8.58424,55.28594],[8.57881,55.27831],[8.5697,55.26777],[8.56703,55.26852],[8.56461,55.26717],[8.56169,55.26588],[8.55736,55.26495],[8.5496,55.26558],[8.5486,55.26558],[8.54854,55.26547],[8.54795,55.2654],[8.54421,55.26561],[8.54014,55.26714],[8.53825,55.2682],[8.5338,55.27099],[8.53179,55.27322],[8.53117,55.2746],[8.53059,55.27838],[8.53216,55.2819],[8.53682,55.28587],[8.54054,55.28777],[8.542,55.28998],[8.54312,55.29091],[8.5475,55.29347],[8.55343,55.29532],[8.56049,55.29609],[8.56149,55.2962],[8.57106,55.29477],[8.5807,55.29364],[8.58075,55.29366],[8.58562,55.29542],[8.59015,55.29498],[8.59101,55.29373],[8.60187,55.29613],[8.60813,55.30013],[8.64244,55.3114],[8.65857,55.30829],[8.6598,55.30831],[8.6617,55.31196],[8.66391,55.31412],[8.66498,55.31591],[8.66461,55.31719],[8.66953,55.32345],[8.66645,55.3241],[8.66347,55.32472],[8.66363,55.32596],[8.66515,55.32733],[8.66622,55.32738],[8.66623,55.32611],[8.66998,55.32534],[8.67061,55.32654],[8.67056,55.32725],[8.67008,55.32832],[8.67008,55.32833],[8.66983,55.33001],[8.66983,55.33003],[8.66991,55.33181],[8.67014,55.33224],[8.67051,55.33254],[8.67161,55.33262],[8.6743,55.3328],[8.67515,55.33254],[8.67733,55.33173],[8.67754,55.33177],[8.67752,55.33206],[8.67752,55.33207],[8.67746,55.3327],[8.67393,55.3349],[8.6696,55.33466],[8.66468,55.33692],[8.66383,55.33981],[8.66401,55.34084],[8.66576,55.34158],[8.67498,55.33981],[8.67581,55.34006],[8.67504,55.34045],[8.67084,55.34123],[8.66341,55.34294],[8.66169,55.34361],[8.6615,55.34506],[8.66009,55.34597],[8.65876,55.34641],[8.65956,55.34866],[8.65731,55.34859],[8.65686,55.34882],[8.65631,55.35122],[8.65627,55.35244],[8.65599,55.35355],[8.65424,55.35714],[8.65358,55.35873],[8.65208,55.35995],[8.65131,55.36134],[8.65094,55.36426],[8.65065,55.36493],[8.65061,55.36612],[8.65061,55.36613],[8.6494,55.36912],[8.64914,55.37017],[8.64937,55.37105],[8.64773,55.3728],[8.64715,55.37369],[8.6461,55.37638],[8.64684,55.37692],[8.64635,55.37819],[8.64422,55.3786],[8.6432,55.38106],[8.64222,55.38344],[8.64093,55.38429],[8.64049,55.38474],[8.63998,55.38565],[8.63955,55.38641],[8.64036,55.38759],[8.64012,55.39072],[8.63935,55.39171],[8.63672,55.39126],[8.63518,55.39299],[8.63472,55.39365],[8.63464,55.39406],[8.63342,55.39633],[8.6348,55.39709],[8.63497,55.39756],[8.63268,55.39793],[8.63248,55.39957],[8.6324,55.40018],[8.63323,55.40113],[8.63199,55.40418],[8.63119,55.40524],[8.63122,55.40578],[8.63124,55.40627],[8.6288,55.40756],[8.6279,55.4102],[8.62705,55.41203],[8.6239,55.41772],[8.62327,55.41922],[8.62392,55.42046],[8.62287,55.42593],[8.62031,55.42805],[8.60745,55.43205],[8.60597,55.43184],[8.60458,55.43153],[8.6044,55.43169],[8.60291,55.43299],[8.59585,55.43563],[8.59585,55.43563],[8.59207,55.43864],[8.58599,55.44126],[8.5806,55.44283],[8.57686,55.44342],[8.56877,55.44532],[8.56417,55.44661],[8.56185,55.44768],[8.56039,55.44923],[8.55641,55.45191],[8.55605,55.4528],[8.5531,55.45352],[8.55227,55.45451],[8.54798,55.45495],[8.54694,55.45546],[8.54325,55.4561],[8.54253,55.45588],[8.5423,55.45513],[8.54093,55.45544],[8.54092,55.45544],[8.54022,55.45559],[8.5404,55.45516],[8.53624,55.45401],[8.53508,55.45441],[8.53395,55.45444],[8.53374,55.45444],[8.52485,55.45175],[8.51992,55.45148],[8.51298,55.4517],[8.50256,55.45283],[8.50144,55.45354],[8.49923,55.45391],[8.49204,55.45544],[8.48896,55.45672],[8.48909,55.45673],[8.4889,55.45676],[8.48469,55.45553],[8.47273,55.4581],[8.47246,55.45806],[8.47187,55.45785],[8.46872,55.45345],[8.46734,55.45138],[8.4665,55.4511],[8.46092,55.45256],[8.45923,55.45306],[8.45633,55.45375],[8.45541,55.45373],[8.45509,55.4534],[8.45087,55.45435],[8.44151,55.45735],[8.44291,55.45802],[8.44976,55.45774],[8.45082,55.4621],[8.44891,55.46225],[8.44844,55.46039],[8.4459,55.46051],[8.44217,55.4607],[8.44089,55.46077],[8.4407,55.46095],[8.44053,55.4609],[8.44027,55.46105],[8.44018,55.46102],[8.43694,55.46219],[8.43692,55.46218],[8.43574,55.46047],[8.43546,55.45841],[8.43426,55.45899],[8.43084,55.46062],[8.43093,55.46278],[8.43241,55.4645],[8.43635,55.46632],[8.42944,55.47174],[8.4239,55.46997],[8.42295,55.47121],[8.42728,55.47257],[8.42266,55.47729],[8.42182,55.47814],[8.42146,55.47851],[8.42066,55.47933],[8.42,55.47912],[8.41994,55.4791],[8.41627,55.47796],[8.4139,55.47871],[8.41241,55.47825],[8.41223,55.4782],[8.41214,55.47827],[8.41089,55.47779],[8.40944,55.47881],[8.40904,55.48025],[8.40908,55.48035],[8.41694,55.48328],[8.41728,55.48341],[8.41606,55.48363],[8.41294,55.486],[8.40843,55.48814],[8.40842,55.48814],[8.40215,55.49166],[8.38429,55.50328],[8.38029,55.50847],[8.38027,55.5085],[8.38004,55.50881],[8.37936,55.50915],[8.37563,55.51176],[8.37093,55.51321],[8.36523,55.51635],[8.35874,55.51914],[8.35536,55.52113],[8.35435,55.52134],[8.34954,55.52571],[8.34829,55.52636],[8.34273,55.5311],[8.34092,55.53228],[8.33739,55.53497],[8.33554,55.53575],[8.33052,55.53832],[8.32863,55.53978],[8.32158,55.5432],[8.31714,55.54621],[8.31692,55.54642],[8.31691,55.54643],[8.31586,55.54744],[8.31369,55.55052],[8.31285,55.55137],[8.31212,55.55232],[8.31104,55.55322],[8.31028,55.55383],[8.30556,55.55757],[8.29834,55.56212],[8.29474,55.56483],[8.29317,55.56677],[8.29293,55.5682],[8.29288,55.56847],[8.29381,55.5719],[8.29659,55.57432],[8.30238,55.57574],[8.30537,55.57637],[8.31013,55.57699],[8.31409,55.57855],[8.31417,55.57864],[8.31416,55.5786],[8.31822,55.57898],[8.32801,55.58134],[8.33382,55.59059],[8.35161,55.59259],[8.35776,55.5969],[8.36075,55.59136],[8.41077,55.57205],[8.4032,55.55736],[8.42957,55.54954],[8.44133,55.55306],[8.45309,55.54617],[8.45477,55.55189],[8.44111,55.56316],[8.46873,55.57139],[8.47069,55.57635],[8.46212,55.58153],[8.47073,55.5849],[8.48713,55.58175],[8.50971,55.58658],[8.50975,55.58658],[8.54624,55.58408],[8.56737,55.5669],[8.55737,55.56379],[8.57263,55.56032],[8.57934,55.55269],[8.59749,55.54506],[8.59656,55.53506]]]}},{"type":"Feature","properties":{"name":"Jammerbugt"},"geometry":{"type":"Polygon","coordinates":[[[9.78314,57.07319],[9.78172,57.07336],[9.78102,57.07416],[9.78094,57.07473],[9.78155,57.07541],[9.78215,57.07568],[9.78393,57.07642],[9.78748,57.07649],[9.78898,57.07619],[9.78912,57.07607],[9.78972,57.07605],[9.7897,57.0759],[9.78917,57.07514],[9.78801,57.07408],[9.78619,57.07398],[9.78533,57.07376],[9.78455,57.07364],[9.78314,57.07319]]]}},{"type":"Feature","properties":{"name":"Jammerbugt"},"geometry":{"type":"Polygon","coordinates":[[[9.19738,57.13868],[9.20749,57.13986],[9.21957,57.14075],[9.23314,57.14111],[9.23442,57.14114],[9.23446,57.14114],[9.2492,57.1417],[9.25157,57.14187],[9.25408,57.14199],[9.25595,57.14222],[9.25883,57.14243],[9.27118,57.14381],[9.28014,57.14514],[9.28015,57.14514],[9.32087,57.15446],[9.32665,57.15436],[9.3316,57.15484],[9.35319,57.15546],[9.3672,57.15642],[9.38028,57.15866],[9.39189,57.1614],[9.39948,57.16356],[9.39953,57.16357],[9.40239,57.16459],[9.40242,57.1646],[9.41944,57.17097],[9.44008,57.17984],[9.44255,57.18106],[9.45811,57.18879],[9.49091,57.20308],[9.49092,57.20308],[9.49644,57.20562],[9.50789,57.21018],[9.51234,57.21241],[9.51587,57.21359],[9.52566,57.21735],[9.52951,57.21925],[9.5395,57.22559],[9.55756,57.23863],[9.56408,57.24366],[9.57179,57.24977],[9.57647,57.25403],[9.5969,57.27017],[9.60157,57.27454],[9.60482,57.27698],[9.60619,57.27849],[9.60752,57.27923],[9.60753,57.27923],[9.61101,57.28218],[9.61447,57.28588],[9.62189,57.29159],[9.62395,57.29368],[9.6294,57.29838],[9.63433,57.30193],[9.63645,57.30365],[9.63723,57.30481],[9.639,57.30637],[9.63912,57.30648],[9.64469,57.31106],[9.65593,57.32341],[9.66736,57.33281],[9.68031,57.34471],[9.69018,57.35555],[9.69023,57.35561],[9.70672,57.35231],[9.73727,57.33728],[9.77051,57.30789],[9.77127,57.3071],[9.78389,57.29317],[9.78272,57.278],[9.78296,57.27101],[9.7639,57.26131],[9.74671,57.25248],[9.73904,57.23753],[9.77385,57.22919],[9.83695,57.21684],[9.84847,57.21436],[9.84041,57.21093],[9.86602,57.20468],[9.88281,57.18053],[9.90785,57.17023],[9.91508,57.16501],[9.91215,57.15598],[9.91909,57.14779],[9.89734,57.13698],[9.84244,57.14262],[9.84322,57.13475],[9.83588,57.13733],[9.83592,57.13458],[9.80876,57.13487],[9.79071,57.1238],[9.78299,57.13012],[9.75496,57.13199],[9.74292,57.13235],[9.75682,57.12276],[9.75038,57.12125],[9.76674,57.1106],[9.77755,57.10567],[9.77756,57.10567],[9.77721,57.10282],[9.78017,57.10228],[9.78051,57.10167],[9.78092,57.10092],[9.77939,57.09975],[9.77893,57.09923],[9.77844,57.09752],[9.77758,57.09663],[9.77661,57.09521],[9.78064,57.09496],[9.78296,57.09539],[9.78277,57.09657],[9.78148,57.09805],[9.78235,57.09898],[9.78399,57.09884],[9.78991,57.09682],[9.79112,57.09632],[9.79153,57.09554],[9.78877,57.09366],[9.78754,57.09346],[9.78712,57.09366],[9.78669,57.09426],[9.78344,57.09471],[9.7761,57.09324],[9.7767,57.09248],[9.77543,57.09125],[9.77448,57.09059],[9.77148,57.08601],[9.76463,57.08037],[9.7585,57.07601],[9.75696,57.07445],[9.7591,57.07384],[9.76,57.07569],[9.76808,57.08098],[9.76645,57.07873],[9.76611,57.07844],[9.76416,57.07749],[9.76363,57.07655],[9.75887,57.07188],[9.75503,57.06998],[9.75291,57.06918],[9.75068,57.06779],[9.74741,57.06676],[9.74493,57.06633],[9.7295,57.06402],[9.72246,57.06334],[9.71791,57.06387],[9.7107,57.06388],[9.70765,57.06296],[9.7051,57.06325],[9.70218,57.06254],[9.70049,57.06273],[9.70045,57.06264],[9.70011,57.06265],[9.70009,57.06272],[9.69961,57.06268],[9.69857,57.06362],[9.69396,57.06531],[9.6905,57.06748],[9.68893,57.06833],[9.68513,57.06955],[9.68113,57.07008],[9.67562,57.07251],[9.67361,57.07285],[9.67333,57.0729],[9.67189,57.07283],[9.66998,57.07252],[9.66622,57.07451],[9.66617,57.07451],[9.66166,57.07428],[9.65555,57.07214],[9.65448,57.07135],[9.65299,57.07181],[9.65231,57.07156],[9.65122,57.07134],[9.64888,57.07889],[9.65158,57.08259],[9.65659,57.0843],[9.66301,57.08336],[9.66444,57.08374],[9.67035,57.08531],[9.67237,57.08836],[9.67777,57.08936],[9.68138,57.09298],[9.6818,57.09582],[9.68056,57.09589],[9.67896,57.09597],[9.67734,57.09536],[9.67658,57.09671],[9.67393,57.09666],[9.67385,57.09666],[9.67096,57.0967],[9.668,57.09491],[9.66647,57.09506],[9.66829,57.09621],[9.65659,57.09436],[9.65736,57.09336],[9.63841,57.08839],[9.62991,57.0833],[9.62755,57.08322],[9.62667,57.08492],[9.62459,57.08342],[9.62546,57.08162],[9.6213,57.08158],[9.62285,57.08056],[9.62171,57.07956],[9.62083,57.07878],[9.61145,57.07503],[9.6148,57.07444],[9.62345,57.06883],[9.63764,57.06991],[9.64234,57.06827],[9.63191,57.06444],[9.62533,57.06203],[9.6252,57.0618],[9.62437,57.0615],[9.62416,57.06098],[9.62462,57.06098],[9.6249,57.06112],[9.62515,57.06092],[9.62495,57.06017],[9.62268,57.05742],[9.61955,57.05574],[9.61803,57.05409],[9.61793,57.05403],[9.61753,57.05401],[9.61604,57.05274],[9.61417,57.05093],[9.61175,57.04963],[9.60784,57.04911],[9.60177,57.04911],[9.59877,57.04875],[9.59666,57.04899],[9.59507,57.0493],[9.59207,57.05073],[9.58838,57.05038],[9.58714,57.04997],[9.58309,57.04861],[9.58147,57.04706],[9.58024,57.04632],[9.57895,57.04521],[9.57802,57.04375],[9.57907,57.04216],[9.58045,57.04295],[9.58353,57.04388],[9.58397,57.04375],[9.58363,57.04333],[9.58304,57.04301],[9.58152,57.04219],[9.57755,57.04102],[9.57549,57.04088],[9.57035,57.0415],[9.5651,57.04278],[9.56197,57.04283],[9.55979,57.04252],[9.55916,57.04248],[9.55636,57.0427],[9.55311,57.04416],[9.54539,57.04479],[9.50782,57.04474],[9.50378,57.04348],[9.5013,57.04265],[9.5009,57.04252],[9.49795,57.04185],[9.49628,57.04189],[9.49381,57.04306],[9.49344,57.04406],[9.48824,57.04592],[9.48096,57.04451],[9.47576,57.04262],[9.45795,57.04031],[9.45718,57.03935],[9.45698,57.03928],[9.45676,57.03883],[9.45155,57.03989],[9.44661,57.03948],[9.43313,57.03766],[9.4303,57.03697],[9.42938,57.03705],[9.42937,57.03705],[9.42656,57.03677],[9.41444,57.03446],[9.41049,57.03311],[9.40864,57.03288],[9.40386,57.03158],[9.40189,57.03072],[9.40131,57.03047],[9.40144,57.03011],[9.40152,57.02999],[9.40285,57.02781],[9.40266,57.02784],[9.40149,57.02799],[9.40024,57.02903],[9.39928,57.02926],[9.39933,57.02934],[9.39913,57.02941],[9.39821,57.02951],[9.39725,57.02949],[9.39647,57.02905],[9.39575,57.02887],[9.39423,57.02872],[9.38673,57.0267],[9.38317,57.02638],[9.3816,57.02606],[9.37941,57.02463],[9.37569,57.02375],[9.37029,57.02406],[9.36638,57.02462],[9.36086,57.02442],[9.36084,57.02442],[9.35342,57.02362],[9.34563,57.0218],[9.3409,57.01997],[9.33699,57.01936],[9.33105,57.01749],[9.31667,57.01384],[9.31422,57.01355],[9.30826,57.01219],[9.29895,57.00877],[9.29965,57.00824],[9.29833,57.00766],[9.29823,57.00762],[9.28947,57.00816],[9.28204,57.01416],[9.27523,57.02871],[9.25544,57.0301],[9.24519,57.02479],[9.20786,57.0183],[9.20019,57.02793],[9.17054,57.02258],[9.16839,57.0233],[9.16585,57.02551],[9.16561,57.02799],[9.16117,57.03032],[9.16078,57.03011],[9.1649,57.02772],[9.16397,57.02604],[9.16435,57.02478],[9.1611,57.02451],[9.16528,57.02353],[9.16601,57.02212],[9.16391,57.0225],[9.16266,57.0231],[9.15705,57.02552],[9.15684,57.02615],[9.15567,57.02695],[9.15572,57.02732],[9.1552,57.02887],[9.15437,57.0297],[9.15139,57.03115],[9.15103,57.03176],[9.15034,57.03108],[9.15093,57.03012],[9.15245,57.02922],[9.15369,57.02917],[9.15515,57.02703],[9.15388,57.02779],[9.15215,57.02814],[9.1485,57.03149],[9.14848,57.03151],[9.14762,57.03164],[9.14787,57.03194],[9.14815,57.03312],[9.14745,57.03411],[9.14551,57.03625],[9.14472,57.03653],[9.14393,57.03656],[9.14301,57.03734],[9.14088,57.03861],[9.1374,57.03953],[9.13602,57.04019],[9.13583,57.04103],[9.1034,57.03312],[9.09763,57.03149],[9.09594,57.03129],[9.09589,57.03128],[9.09559,57.03165],[9.07687,57.0543],[9.06112,57.05057],[9.0595,57.09],[9.05286,57.09651],[9.03513,57.12346],[9.02991,57.15868],[9.03004,57.15867],[9.03215,57.15836],[9.03772,57.1567],[9.04701,57.15526],[9.0597,57.15221],[9.06631,57.15098],[9.07267,57.149],[9.08057,57.14725],[9.09167,57.1449],[9.10317,57.14316],[9.10329,57.14315],[9.11446,57.14161],[9.12789,57.14063],[9.13567,57.13955],[9.1453,57.13885],[9.14834,57.13875],[9.14835,57.13875],[9.16908,57.13784],[9.18647,57.1379],[9.19738,57.13868]]]}},{"type":"Feature","properties":{"name":"Jammerbugt"},"geometry":{"type":"Polygon","coordinates":[[[9.14551,57.03228],[9.14418,57.03372],[9.14037,57.03613],[9.13912,57.03745],[9.13493,57.03858],[9.13305,57.03961],[9.13407,57.03976],[9.13572,57.0387],[9.13781,57.03887],[9.13939,57.03822],[9.14058,57.03773],[9.14023,57.03735],[9.14243,57.03668],[9.14404,57.03575],[9.1457,57.03479],[9.14567,57.03388],[9.14471,57.03425],[9.14471,57.0339],[9.14761,57.03298],[9.14711,57.03239],[9.14618,57.0331],[9.14551,57.03228]]]}},{"type":"Feature","properties":{"name":"Jammerbugt"},"geometry":{"type":"Polygon","coordinates":[[[9.49285,57.03007],[9.49329,57.03007],[9.49218,57.02948],[9.48866,57.02871],[9.48659,57.02884],[9.48616,57.02923],[9.4863,57.03002],[9.48737,57.03072],[9.48954,57.03071],[9.48931,57.03027],[9.49059,57.0301],[9.49285,57.03007]]]}},{"type":"Feature","properties":{"name":"Lemvig"},"geometry":{"type":"Polygon","coordinates":[[[8.11941,56.54235],[8.12084,56.54657],[8.12083,56.54668],[8.12072,56.54814],[8.12237,56.55489],[8.12362,56.55853],[8.12813,56.56915],[8.13319,56.5791],[8.13609,56.58601],[8.13568,56.58647],[8.14302,56.60137],[8.14339,56.6033],[8.14681,56.6105],[8.14874,56.61396],[8.15088,56.61935],[8.15087,56.6214],[8.15156,56.62462],[8.15252,56.62772],[8.15328,56.62911],[8.15529,56.63421],[8.15704,56.63774],[8.15954,56.64258],[8.16161,56.64632],[8.1661,56.654],[8.16755,56.65719],[8.1689,56.65962],[8.16897,56.65999],[8.17105,56.66274],[8.17386,56.66615],[8.17605,56.66897],[8.17636,56.66919],[8.17848,56.6723],[8.1808,56.67503],[8.18301,56.67711],[8.18522,56.67975],[8.18551,56.68081],[8.18582,56.68138],[8.19029,56.68609],[8.19188,56.68818],[8.19338,56.6906],[8.19506,56.69366],[8.19679,56.695],[8.1968,56.69501],[8.19746,56.69656],[8.20311,56.7022],[8.20642,56.7046],[8.20809,56.70524],[8.21004,56.70705],[8.21098,56.70769],[8.21305,56.70874],[8.21155,56.71056],[8.21201,56.71068],[8.21321,56.71027],[8.2161,56.70883],[8.22171,56.707],[8.22228,56.70681],[8.22214,56.70595],[8.22207,56.70551],[8.22196,56.70489],[8.22212,56.70422],[8.22239,56.70303],[8.2208,56.7028],[8.21998,56.70243],[8.21793,56.70152],[8.21904,56.70078],[8.22071,56.70137],[8.22156,56.70073],[8.22222,56.69976],[8.22317,56.69869],[8.22256,56.69807],[8.22091,56.6964],[8.21858,56.69942],[8.21713,56.69918],[8.21944,56.69489],[8.22296,56.69546],[8.22419,56.69604],[8.22561,56.69682],[8.22582,56.69694],[8.22604,56.69706],[8.22762,56.69193],[8.22567,56.69134],[8.2249,56.69026],[8.22434,56.68948],[8.22536,56.68937],[8.2262,56.68928],[8.22653,56.68924],[8.22665,56.68917],[8.22705,56.68918],[8.23352,56.685],[8.23289,56.68419],[8.23072,56.68419],[8.23044,56.68472],[8.22627,56.68823],[8.22577,56.68875],[8.22525,56.6889],[8.22205,56.68888],[8.2228,56.68742],[8.22233,56.68727],[8.22212,56.68697],[8.22229,56.68639],[8.2223,56.68638],[8.22283,56.68579],[8.22349,56.68452],[8.22452,56.68403],[8.22478,56.68394],[8.22905,56.68319],[8.23024,56.68284],[8.22434,56.68047],[8.22205,56.67778],[8.21169,56.6708],[8.20592,56.66692],[8.20445,56.66552],[8.20441,56.66533],[8.20451,56.66528],[8.20476,56.66426],[8.20728,56.66371],[8.21144,56.66226],[8.21204,56.66181],[8.21333,56.66086],[8.21529,56.65644],[8.21764,56.65567],[8.21781,56.65489],[8.21415,56.65352],[8.20873,56.65231],[8.20611,56.652],[8.20186,56.6523],[8.19977,56.65325],[8.19686,56.65555],[8.19581,56.65541],[8.19458,56.65194],[8.19389,56.6505],[8.19207,56.64843],[8.18804,56.63896],[8.18623,56.6342],[8.18618,56.63271],[8.18722,56.63204],[8.19342,56.63428],[8.19926,56.63396],[8.20301,56.63315],[8.20847,56.63169],[8.21371,56.63059],[8.22229,56.62891],[8.22818,56.62714],[8.23086,56.62562],[8.23346,56.62321],[8.2329,56.62229],[8.23173,56.6217],[8.23083,56.62162],[8.23027,56.62188],[8.22906,56.62221],[8.2229,56.62111],[8.21846,56.61865],[8.21322,56.62033],[8.21276,56.62009],[8.21329,56.61966],[8.21699,56.61797],[8.21149,56.61507],[8.20942,56.61376],[8.2081,56.61305],[8.20924,56.61335],[8.20926,56.61336],[8.21236,56.61422],[8.22486,56.62019],[8.2254,56.62025],[8.22745,56.62032],[8.23083,56.61871],[8.23147,56.61807],[8.23121,56.61739],[8.22989,56.61501],[8.22933,56.6121],[8.22969,56.61021],[8.22922,56.60796],[8.23047,56.60644],[8.23185,56.60575],[8.23611,56.60545],[8.23687,56.60661],[8.24426,56.60191],[8.24971,56.60035],[8.24972,56.60035],[8.25144,56.5999],[8.2539,56.59982],[8.25732,56.59908],[8.26105,56.59898],[8.26236,56.59928],[8.26396,56.59848],[8.26616,56.598],[8.27049,56.59779],[8.27128,56.59776],[8.27608,56.59796],[8.2815,56.59858],[8.29162,56.59885],[8.29498,56.59792],[8.29686,56.59678],[8.29729,56.59641],[8.30136,56.59519],[8.30252,56.59433],[8.30675,56.5893],[8.30552,56.58768],[8.30288,56.58716],[8.30107,56.58751],[8.3008,56.58798],[8.30428,56.58781],[8.30379,56.58832],[8.30145,56.5888],[8.29951,56.5886],[8.29688,56.58763],[8.29493,56.58731],[8.29275,56.5871],[8.28892,56.58743],[8.28818,56.58733],[8.28681,56.58715],[8.28434,56.5861],[8.28309,56.58488],[8.28306,56.58455],[8.28292,56.58447],[8.28302,56.58411],[8.28285,56.58196],[8.28464,56.57817],[8.28477,56.57791],[8.28728,56.57491],[8.29211,56.57078],[8.2927,56.5708],[8.2927,56.5708],[8.29291,56.56974],[8.29568,56.56811],[8.29633,56.56789],[8.29784,56.56751],[8.29809,56.56728],[8.2981,56.56722],[8.29796,56.56722],[8.29615,56.56665],[8.29685,56.56589],[8.29776,56.56491],[8.29933,56.56503],[8.29803,56.56347],[8.29496,56.56277],[8.29422,56.56194],[8.29515,56.55887],[8.29563,56.55769],[8.29612,56.55397],[8.29684,56.55275],[8.29843,56.55137],[8.30231,56.55101],[8.3026,56.5509],[8.3028,56.55097],[8.30288,56.55061],[8.30297,56.55023],[8.3062,56.55053],[8.30782,56.551],[8.30756,56.55133],[8.30893,56.55205],[8.30797,56.55453],[8.3077,56.55497],[8.30774,56.55541],[8.30594,56.55689],[8.30594,56.5569],[8.30592,56.5569],[8.30507,56.55827],[8.30492,56.56002],[8.30674,56.56367],[8.30628,56.56598],[8.30716,56.57096],[8.30785,56.57175],[8.31245,56.57292],[8.31458,56.57379],[8.32412,56.57662],[8.32538,56.57725],[8.32854,56.57791],[8.33233,56.57716],[8.34109,56.57698],[8.34751,56.57546],[8.34983,56.57536],[8.35173,56.57527],[8.35609,56.57548],[8.36131,56.57583],[8.36496,56.57656],[8.3685,56.57687],[8.36857,56.57688],[8.37107,56.57729],[8.38771,56.57896],[8.39282,56.57727],[8.39529,56.57715],[8.40211,56.57506],[8.40596,56.5748],[8.40687,56.57458],[8.40985,56.57343],[8.41501,56.57236],[8.41841,56.57201],[8.42546,56.57034],[8.43015,56.5682],[8.43904,56.56685],[8.44403,56.56459],[8.45379,56.56168],[8.45594,56.56063],[8.4589,56.55947],[8.46326,56.55913],[8.46331,56.55913],[8.46594,56.55826],[8.46821,56.5581],[8.47209,56.55741],[8.47571,56.5559],[8.48784,56.55246],[8.49044,56.55136],[8.49272,56.54993],[8.49447,56.54941],[8.49655,56.54857],[8.49498,56.54795],[8.49602,56.54753],[8.4964,56.54726],[8.49732,56.5476],[8.49728,56.54708],[8.4974,56.54657],[8.50016,56.54486],[8.5024,56.54386],[8.50484,56.54327],[8.50678,56.54235],[8.51198,56.54211],[8.51466,56.54131],[8.51823,56.54176],[8.52394,56.54327],[8.52402,56.5433],[8.51648,56.53287],[8.4906,56.54177],[8.48259,56.53633],[8.49093,56.52473],[8.49734,56.52414],[8.49295,56.51707],[8.49707,56.49661],[8.48431,56.47718],[8.47041,56.45658],[8.45857,56.45619],[8.456,56.4509],[8.46262,56.44693],[8.45585,56.44203],[8.44986,56.43336],[8.43928,56.43597],[8.42996,56.42769],[8.41031,56.4324],[8.39381,56.40694],[8.43313,56.39904],[8.43168,56.38887],[8.39792,56.38991],[8.37825,56.38375],[8.37718,56.37674],[8.36634,56.37719],[8.36478,56.38056],[8.34658,56.3764],[8.34524,56.3714],[8.31936,56.35812],[8.29898,56.3729],[8.27805,56.35082],[8.26286,56.34725],[8.2444,56.35051],[8.2444,56.35051],[8.2445,56.35054],[8.2436,56.35111],[8.24375,56.35261],[8.24256,56.3544],[8.24052,56.35608],[8.23973,56.35648],[8.23673,56.35801],[8.23151,56.36002],[8.22935,56.3605],[8.2229,56.36248],[8.22207,56.3633],[8.22129,56.36452],[8.21863,56.36622],[8.20075,56.37065],[8.19201,56.3759],[8.18644,56.37967],[8.18637,56.37981],[8.18653,56.3819],[8.18537,56.38419],[8.18432,56.38555],[8.18249,56.38695],[8.1813,56.38953],[8.1768,56.39326],[8.17521,56.39408],[8.17351,56.39543],[8.17226,56.39709],[8.16807,56.40002],[8.16592,56.40478],[8.16594,56.40887],[8.16757,56.40944],[8.16817,56.41151],[8.16724,56.41185],[8.16324,56.41229],[8.16268,56.41296],[8.16506,56.41514],[8.1671,56.41621],[8.16953,56.41691],[8.16893,56.41844],[8.16759,56.41893],[8.16625,56.42024],[8.16582,56.4218],[8.16461,56.42633],[8.16487,56.42925],[8.16535,56.43099],[8.16616,56.43299],[8.1664,56.43314],[8.16624,56.43325],[8.16627,56.43339],[8.16448,56.43553],[8.16174,56.43576],[8.16047,56.43528],[8.15882,56.43371],[8.15245,56.43209],[8.14724,56.43207],[8.14576,56.43236],[8.14149,56.43486],[8.13771,56.43644],[8.13656,56.43757],[8.13172,56.43923],[8.13116,56.43889],[8.13054,56.43723],[8.13109,56.43509],[8.13018,56.4335],[8.12872,56.43276],[8.12442,56.4343],[8.12429,56.43241],[8.12745,56.4318],[8.12817,56.43131],[8.13044,56.42932],[8.12935,56.42786],[8.12917,56.42761],[8.13047,56.42535],[8.13056,56.42419],[8.13212,56.42176],[8.13196,56.42022],[8.13164,56.41946],[8.12897,56.41775],[8.1279,56.41755],[8.1265,56.41743],[8.12544,56.4175],[8.12433,56.41705],[8.12331,56.41728],[8.12371,56.41449],[8.12383,56.41365],[8.12653,56.41224],[8.12872,56.40867],[8.12814,56.40809],[8.12667,56.4078],[8.12305,56.40811],[8.12299,56.40783],[8.1228,56.40782],[8.12298,56.40776],[8.12283,56.40719],[8.12914,56.40595],[8.12993,56.40573],[8.13086,56.40525],[8.13106,56.40432],[8.13061,56.4035],[8.12692,56.40318],[8.12254,56.39995],[8.12249,56.39977],[8.12261,56.39974],[8.12264,56.39965],[8.12271,56.39939],[8.1255,56.3987],[8.12927,56.39949],[8.1313,56.39943],[8.13194,56.39836],[8.1314,56.39573],[8.13277,56.39556],[8.13404,56.39276],[8.13558,56.3907],[8.13562,56.38956],[8.13436,56.38888],[8.13264,56.38885],[8.1262,56.39009],[8.12457,56.39067],[8.1245,56.39062],[8.12447,56.39015],[8.12731,56.38756],[8.12874,56.38685],[8.13053,56.38684],[8.13175,56.38524],[8.13015,56.38378],[8.12718,56.38196],[8.12422,56.38114],[8.12167,56.38009],[8.12203,56.37999],[8.12195,56.37995],[8.12209,56.37997],[8.12282,56.37976],[8.12532,56.38062],[8.12795,56.38021],[8.12841,56.37995],[8.11689,56.37942],[8.11774,56.38953],[8.11712,56.3924],[8.11846,56.39994],[8.11843,56.40396],[8.1196,56.41003],[8.1194,56.41103],[8.11959,56.4133],[8.12029,56.41824],[8.11997,56.42141],[8.12158,56.43084],[8.12165,56.4393],[8.12175,56.44045],[8.12284,56.44797],[8.12286,56.44816],[8.12373,56.45668],[8.1244,56.46517],[8.12484,56.46893],[8.12475,56.46961],[8.12505,56.47354],[8.12434,56.47519],[8.12348,56.47596],[8.1227,56.47607],[8.12302,56.47926],[8.12245,56.4798],[8.1217,56.4798],[8.12269,56.48269],[8.12206,56.4835],[8.12244,56.48608],[8.12154,56.48703],[8.12194,56.48795],[8.12195,56.48797],[8.1219,56.48966],[8.12155,56.49065],[8.12108,56.49064],[8.12103,56.4908],[8.12109,56.49354],[8.12058,56.49421],[8.1196,56.4942],[8.11976,56.49638],[8.11937,56.49733],[8.11884,56.49747],[8.11874,56.49779],[8.1186,56.50042],[8.11823,56.50084],[8.11774,56.50081],[8.11769,56.50096],[8.118,56.50146],[8.11782,56.50355],[8.11659,56.50431],[8.11687,56.50667],[8.11654,56.50761],[8.11573,56.50779],[8.11627,56.51023],[8.11534,56.51103],[8.11606,56.51301],[8.11603,56.51323],[8.1159,56.51414],[8.11501,56.51434],[8.11586,56.51728],[8.11559,56.51776],[8.11497,56.51778],[8.11608,56.5204],[8.11582,56.52115],[8.11524,56.52118],[8.11634,56.52417],[8.11615,56.52456],[8.1153,56.52462],[8.11629,56.52639],[8.11664,56.5274],[8.116,56.52801],[8.11697,56.52996],[8.11669,56.5305],[8.11619,56.53053],[8.11716,56.5322],[8.11684,56.53311],[8.11745,56.53508],[8.11883,56.53724],[8.11823,56.53808],[8.11891,56.54144],[8.11941,56.54235]]]}},{"type":"Feature","properties":{"name":"Lemvig"},"geometry":{"type":"Polygon","coordinates":[[[8.13443,56.38449],[8.134,56.38471],[8.13362,56.38502],[8.13313,56.38518],[8.13243,56.38531],[8.13144,56.38707],[8.13153,56.3872],[8.13349,56.38711],[8.13521,56.38711],[8.13584,56.38691],[8.13605,56.38665],[8.13629,56.38589],[8.13612,56.38528],[8.1356,56.38478],[8.13502,56.38455],[8.13443,56.38449]]]}},{"type":"Feature","properties":{"name":"Sønderborg"},"geometry":{"type":"Polygon","coordinates":[[[9.56771,54.95265],[9.58312,54.95579],[9.59287,54.96724],[9.59615,54.9725],[9.60956,54.97752],[9.62864,54.99997],[9.63003,55.0104],[9.63007,55.01033],[9.63078,55.01006],[9.63363,55.00978],[9.63943,55.00978],[9.64478,55.0074],[9.64692,55.00706],[9.64813,55.00687],[9.65322,55.00605],[9.65466,55.00536],[9.65627,55.00307],[9.65867,55.00243],[9.66176,55.00107],[9.66293,55.00055],[9.66493,55.00026],[9.66835,54.99923],[9.67035,54.9993],[9.67205,54.998],[9.67486,54.99668],[9.67753,54.99587],[9.68009,54.99556],[9.68154,54.99526],[9.68291,54.99489],[9.68977,54.98914],[9.69191,54.98807],[9.69342,54.98798],[9.69343,54.98798],[9.69695,54.98809],[9.70468,54.98938],[9.70876,54.98954],[9.71351,54.99029],[9.71588,54.99009],[9.7196,54.98977],[9.7197,54.98949],[9.71874,54.98954],[9.72136,54.98835],[9.72635,54.98734],[9.73488,54.98756],[9.73777,54.98751],[9.73845,54.98652],[9.73898,54.98283],[9.74008,54.97934],[9.73988,54.97519],[9.74067,54.97438],[9.73936,54.97419],[9.74106,54.97397],[9.74564,54.97053],[9.75086,54.96735],[9.75151,54.96661],[9.75189,54.96617],[9.7508,54.96388],[9.74955,54.95909],[9.75055,54.95411],[9.75163,54.95183],[9.75179,54.94992],[9.75101,54.94873],[9.7516,54.94826],[9.75149,54.94723],[9.75148,54.94722],[9.75141,54.9466],[9.75244,54.94627],[9.75309,54.9454],[9.75327,54.94338],[9.75442,54.94205],[9.75564,54.93921],[9.75542,54.93326],[9.75582,54.93134],[9.75475,54.92897],[9.75565,54.9287],[9.75647,54.92654],[9.75665,54.92653],[9.75673,54.92643],[9.75739,54.9265],[9.75834,54.92645],[9.76019,54.92677],[9.7612,54.92687],[9.76167,54.92684],[9.76306,54.92611],[9.7638,54.92564],[9.76287,54.92291],[9.76362,54.92171],[9.76362,54.92171],[9.76363,54.91932],[9.76733,54.91596],[9.77828,54.91406],[9.77877,54.91389],[9.78229,54.91105],[9.78107,54.90844],[9.78091,54.90845],[9.78081,54.90787],[9.77975,54.90709],[9.77968,54.90692],[9.78073,54.90561],[9.78047,54.9049],[9.77782,54.90346],[9.77782,54.90346],[9.77357,54.90142],[9.76869,54.8996],[9.75649,54.89712],[9.75019,54.89783],[9.74407,54.89976],[9.73003,54.90212],[9.72618,54.90214],[9.72373,54.90295],[9.71808,54.90353],[9.71311,54.90331],[9.71004,54.9035],[9.70846,54.90321],[9.70566,54.90184],[9.70552,54.90177],[9.70552,54.90177],[9.70291,54.89877],[9.7019,54.89636],[9.70158,54.89588],[9.70163,54.89571],[9.7015,54.8954],[9.70159,54.89291],[9.70221,54.89161],[9.70314,54.8906],[9.7051,54.88945],[9.70935,54.88824],[9.71155,54.88803],[9.71242,54.888],[9.71671,54.8882],[9.71958,54.88888],[9.72268,54.8883],[9.72505,54.88907],[9.72724,54.8883],[9.72933,54.88673],[9.7319,54.886],[9.73296,54.88544],[9.73913,54.88217],[9.74002,54.88133],[9.74095,54.87957],[9.74164,54.87644],[9.74111,54.87386],[9.74147,54.8714],[9.74269,54.86959],[9.74397,54.86909],[9.7476,54.86568],[9.7513,54.86337],[9.75745,54.8625],[9.75854,54.86173],[9.7592,54.85426],[9.76135,54.85044],[9.76078,54.84925],[9.75741,54.84727],[9.75594,54.84599],[9.75267,54.84032],[9.75218,54.84003],[9.74998,54.83876],[9.74401,54.83705],[9.74367,54.83695],[9.74059,54.83693],[9.7336,54.83626],[9.72976,54.83625],[9.72718,54.83507],[9.72661,54.8351],[9.72162,54.84101],[9.71768,54.84246],[9.7131,54.84353],[9.70582,54.84588],[9.70467,54.84674],[9.70499,54.84788],[9.70807,54.84984],[9.70757,54.8514],[9.70645,54.85241],[9.69591,54.85353],[9.6905,54.85577],[9.68948,54.85595],[9.68579,54.8566],[9.68043,54.85722],[9.6748,54.8573],[9.67101,54.85672],[9.66668,54.8551],[9.66334,54.85449],[9.65802,54.85512],[9.64669,54.85748],[9.64393,54.85841],[9.6427,54.85956],[9.63877,54.86088],[9.63723,54.86239],[9.63696,54.86597],[9.63627,54.8668],[9.63986,54.86792],[9.64546,54.86995],[9.64738,54.87163],[9.64771,54.87256],[9.65018,54.87259],[9.65052,54.8726],[9.65062,54.87329],[9.64969,54.87374],[9.65207,54.87455],[9.65203,54.87477],[9.65211,54.87481],[9.65202,54.87484],[9.6519,54.87544],[9.65469,54.87705],[9.65624,54.87747],[9.65682,54.87818],[9.65635,54.87945],[9.65671,54.88099],[9.65412,54.88155],[9.65059,54.88214],[9.64932,54.88153],[9.64787,54.88176],[9.6432,54.88405],[9.642,54.88519],[9.64179,54.88717],[9.64237,54.88936],[9.64104,54.89131],[9.64067,54.89157],[9.64064,54.89167],[9.64016,54.89191],[9.63845,54.89306],[9.63687,54.89351],[9.63664,54.89363],[9.63632,54.89367],[9.6352,54.89347],[9.63455,54.89312],[9.63085,54.89369],[9.62996,54.8935],[9.62966,54.89418],[9.62963,54.89423],[9.62659,54.89469],[9.62645,54.89436],[9.62276,54.89555],[9.61961,54.89575],[9.62071,54.89618],[9.61912,54.89722],[9.61785,54.89905],[9.61761,54.8993],[9.61576,54.90062],[9.61194,54.90275],[9.60914,54.90382],[9.59893,54.90485],[9.59851,54.9059],[9.59886,54.90612],[9.60087,54.90741],[9.601,54.90805],[9.60212,54.90838],[9.60378,54.90887],[9.60517,54.91021],[9.60668,54.91076],[9.61559,54.91141],[9.61636,54.9125],[9.61779,54.91303],[9.61989,54.91295],[9.62102,54.9126],[9.62279,54.91293],[9.62591,54.91299],[9.63406,54.91406],[9.63627,54.91469],[9.63734,54.9156],[9.64321,54.91578],[9.64486,54.91543],[9.64623,54.91446],[9.64626,54.91436],[9.64634,54.91439],[9.64648,54.91429],[9.6476,54.91436],[9.64852,54.91509],[9.6489,54.91282],[9.65035,54.91164],[9.65104,54.91185],[9.65268,54.91174],[9.65311,54.91042],[9.6525,54.90963],[9.65337,54.90931],[9.65545,54.9097],[9.65582,54.90849],[9.65749,54.90976],[9.65922,54.9094],[9.66182,54.91014],[9.66349,54.90934],[9.66596,54.90972],[9.66651,54.90949],[9.66913,54.9095],[9.67269,54.9115],[9.67444,54.91318],[9.67445,54.91319],[9.67445,54.91319],[9.67446,54.9132],[9.67433,54.91361],[9.67259,54.91426],[9.67333,54.91528],[9.67325,54.91627],[9.67121,54.91663],[9.67026,54.91738],[9.67076,54.91855],[9.67032,54.91914],[9.67021,54.91918],[9.66948,54.91946],[9.66699,54.919],[9.66598,54.921],[9.66209,54.92257],[9.65997,54.92205],[9.6594,54.92241],[9.65798,54.92434],[9.65382,54.92665],[9.65283,54.92704],[9.65129,54.92763],[9.64635,54.9289],[9.64257,54.92943],[9.64114,54.93105],[9.6391,54.9323],[9.63907,54.93232],[9.6369,54.93325],[9.63592,54.93321],[9.62749,54.93513],[9.62533,54.93496],[9.62418,54.93525],[9.62318,54.93516],[9.62174,54.93467],[9.62146,54.93465],[9.6213,54.93451],[9.61953,54.93391],[9.61822,54.9331],[9.61531,54.92981],[9.6149,54.92949],[9.61499,54.92944],[9.61479,54.92922],[9.61495,54.9283],[9.6144,54.92827],[9.61232,54.92314],[9.61164,54.91699],[9.61133,54.91555],[9.60929,54.91425],[9.60753,54.91436],[9.60743,54.91553],[9.60534,54.91739],[9.6048,54.91861],[9.60315,54.91929],[9.60116,54.9192],[9.60064,54.91918],[9.59708,54.91901],[9.59667,54.91854],[9.59468,54.91807],[9.59383,54.91751],[9.59035,54.91521],[9.58894,54.91507],[9.58902,54.91405],[9.59036,54.91392],[9.59737,54.91419],[9.59876,54.91356],[9.60171,54.91119],[9.60202,54.91079],[9.60232,54.91041],[9.60173,54.90953],[9.6,54.90977],[9.59915,54.90953],[9.59867,54.90939],[9.59873,54.90934],[9.5984,54.90923],[9.59742,54.90903],[9.59753,54.90818],[9.59842,54.90739],[9.59809,54.90693],[9.58986,54.90549],[9.58787,54.90572],[9.58591,54.90534],[9.58497,54.90592],[9.58275,54.90547],[9.58096,54.90458],[9.58093,54.90456],[9.5792,54.90288],[9.57663,54.90262],[9.57515,54.902],[9.57436,54.90098],[9.5742,54.90089],[9.57426,54.90086],[9.57415,54.90072],[9.57488,54.89947],[9.57867,54.89815],[9.57905,54.89791],[9.57885,54.8965],[9.5795,54.89565],[9.57763,54.88998],[9.57583,54.88737],[9.57501,54.88633],[9.57338,54.88599],[9.57046,54.8835],[9.56853,54.88252],[9.56793,54.88097],[9.56615,54.87938],[9.561,54.87829],[9.55879,54.87738],[9.55772,54.87638],[9.55683,54.87617],[9.55307,54.87668],[9.54666,54.87996],[9.54487,54.88064],[9.5387,54.88157],[9.53685,54.8809],[9.53515,54.87935],[9.5351,54.8793],[9.53505,54.87819],[9.53642,54.87766],[9.53601,54.8766],[9.53377,54.87654],[9.53186,54.87714],[9.52735,54.87778],[9.52389,54.87687],[9.52386,54.87685],[9.50972,54.89221],[9.53461,54.89312],[9.53567,54.89557],[9.52013,54.90065],[9.51995,54.90446],[9.46831,54.90849],[9.47189,54.92369],[9.46597,54.93429],[9.47003,54.93549],[9.48161,54.93855],[9.49607,54.95007],[9.48597,54.96183],[9.49852,54.96274],[9.50388,54.95917],[9.51772,54.96226],[9.52612,54.9507],[9.5325,54.95026],[9.53199,54.94704],[9.53283,54.94511],[9.53922,54.94654],[9.53926,54.94463],[9.54082,54.94338],[9.54212,54.94331],[9.54531,54.9439],[9.54671,54.94375],[9.54872,54.94453],[9.54957,54.94384],[9.54903,54.94197],[9.55079,54.94214],[9.55312,54.9433],[9.55475,54.94501],[9.55746,54.94561],[9.56103,54.94735],[9.56771,54.95265]]]}},{"type":"Feature","properties":{"name":"Sønderborg"},"geometry":{"type":"Polygon","coordinates":[[[9.86397,54.94128],[9.86526,54.94105],[9.86747,54.9421],[9.86747,54.9421],[9.87014,54.94218],[9.8703,54.94206],[9.8707,54.94206],[9.87121,54.94195],[9.87209,54.94214],[9.87269,54.94218],[9.87295,54.94227],[9.87292,54.94232],[9.87347,54.94244],[9.87368,54.94249],[9.87381,54.94277],[9.87325,54.94446],[9.87057,54.94383],[9.8704,54.94403],[9.86996,54.94408],[9.86718,54.94388],[9.86431,54.94319],[9.85762,54.94262],[9.85697,54.94219],[9.85763,54.94173],[9.85373,54.94192],[9.85245,54.94245],[9.85025,54.9427],[9.84397,54.94413],[9.8406,54.94564],[9.83558,54.94837],[9.83719,54.95034],[9.84145,54.94968],[9.84476,54.95133],[9.85135,54.95333],[9.85362,54.95357],[9.85439,54.95306],[9.85651,54.95289],[9.85669,54.95344],[9.85561,54.95417],[9.85507,54.95413],[9.85488,54.95491],[9.85488,54.95491],[9.85478,54.95491],[9.85324,54.95501],[9.85228,54.95467],[9.85119,54.95471],[9.84985,54.95397],[9.84765,54.95366],[9.84571,54.95399],[9.84025,54.95347],[9.83944,54.95386],[9.84039,54.95417],[9.84044,54.95459],[9.84039,54.95459],[9.83959,54.95471],[9.83899,54.95444],[9.83878,54.95415],[9.83764,54.95431],[9.83329,54.95606],[9.83259,54.9569],[9.83694,54.96103],[9.83951,54.9645],[9.84121,54.9653],[9.84276,54.96603],[9.84657,54.96671],[9.8476,54.96661],[9.84847,54.96652],[9.84744,54.96626],[9.84806,54.9655],[9.84924,54.96529],[9.85225,54.96478],[9.85311,54.96557],[9.85556,54.96643],[9.85558,54.96663],[9.85572,54.96671],[9.8556,54.96684],[9.8556,54.96696],[9.85401,54.96709],[9.85407,54.96758],[9.85242,54.96856],[9.85239,54.9694],[9.85305,54.96966],[9.85663,54.96948],[9.85749,54.96973],[9.85896,54.96911],[9.85988,54.9691],[9.85988,54.96914],[9.85983,54.97024],[9.8579,54.97066],[9.85528,54.97024],[9.85279,54.97061],[9.85068,54.97057],[9.85029,54.96915],[9.84948,54.96831],[9.84886,54.9681],[9.84824,54.96819],[9.84717,54.9685],[9.84558,54.96858],[9.83915,54.97064],[9.8389,54.97117],[9.84052,54.97171],[9.84272,54.97385],[9.84095,54.97383],[9.83895,54.97261],[9.83742,54.97296],[9.83703,54.97311],[9.83429,54.97484],[9.83211,54.97519],[9.82927,54.97628],[9.82263,54.97943],[9.82242,54.97946],[9.81441,54.98056],[9.80632,54.98068],[9.79636,54.9815],[9.79581,54.98163],[9.79228,54.98248],[9.78779,54.98355],[9.78597,54.98315],[9.78554,54.98263],[9.78467,54.98274],[9.78319,54.98399],[9.78242,54.9859],[9.78086,54.98796],[9.78143,54.98911],[9.78434,54.99152],[9.78675,54.99277],[9.79085,54.99364],[9.79302,54.99446],[9.79382,54.99515],[9.79531,54.99462],[9.80076,54.9959],[9.80202,54.99564],[9.80334,54.9962],[9.80314,54.99632],[9.80311,54.99634],[9.80277,54.99653],[9.80162,54.99663],[9.79858,54.99642],[9.79702,54.99597],[9.79628,54.9953],[9.79604,54.99531],[9.79548,54.99536],[9.79482,54.99582],[9.79404,54.99601],[9.7938,54.99596],[9.79394,54.9956],[9.78805,54.99488],[9.78374,54.99362],[9.78083,54.99346],[9.78009,54.99316],[9.77714,54.99427],[9.77588,54.99558],[9.77574,54.99572],[9.77543,54.99724],[9.77571,54.99888],[9.77655,54.99959],[9.77769,55.0001],[9.78579,55.00182],[9.7871,55.00234],[9.79011,55.00263],[9.7913,55.00309],[9.79202,55.00325],[9.7922,55.00344],[9.79362,55.00398],[9.79565,55.00568],[9.79568,55.00712],[9.79568,55.00713],[9.79397,55.0099],[9.79152,55.0111],[9.7869,55.01161],[9.78218,55.01091],[9.78029,55.0111],[9.77888,55.01132],[9.77752,55.01132],[9.76965,55.01035],[9.76594,55.01112],[9.76244,55.01069],[9.7527,55.00974],[9.74886,55.00901],[9.74818,55.00893],[9.74818,55.00893],[9.74721,55.00886],[9.74314,55.00914],[9.73605,55.00807],[9.73423,55.00864],[9.72939,55.00928],[9.72764,55.00915],[9.72508,55.00963],[9.72369,55.00955],[9.71815,55.00774],[9.71099,55.00756],[9.70916,55.00687],[9.7064,55.00722],[9.70039,55.00669],[9.69662,55.00752],[9.69446,55.00771],[9.69289,55.00818],[9.69256,55.00892],[9.69154,55.01012],[9.68663,55.01156],[9.68327,55.01303],[9.67968,55.0147],[9.67764,55.01492],[9.67418,55.01775],[9.67203,55.01819],[9.67049,55.01887],[9.66857,55.02099],[9.66628,55.02137],[9.66432,55.02078],[9.66184,55.02127],[9.65943,55.02409],[9.65945,55.02722],[9.66099,55.02862],[9.66363,55.02973],[9.66619,55.02978],[9.66868,55.03039],[9.67032,55.03128],[9.67153,55.0315],[9.67839,55.03083],[9.68213,55.03159],[9.68485,55.03257],[9.6861,55.0324],[9.68992,55.0336],[9.69101,55.03499],[9.69465,55.03657],[9.69618,55.03715],[9.69654,55.03789],[9.69712,55.03821],[9.69906,55.03756],[9.70179,55.03762],[9.70202,55.03728],[9.70308,55.03722],[9.7043,55.03743],[9.70542,55.03668],[9.70371,55.03573],[9.70298,55.03397],[9.70264,55.03353],[9.70275,55.03343],[9.70263,55.03316],[9.70373,55.03208],[9.70454,55.03183],[9.7047,55.03168],[9.70503,55.03167],[9.70583,55.03142],[9.71207,55.03221],[9.71348,55.03182],[9.7156,55.03201],[9.71566,55.03167],[9.71732,55.03121],[9.71857,55.03129],[9.7179,55.03229],[9.71335,55.03391],[9.71248,55.03591],[9.71171,55.03654],[9.7075,55.03745],[9.70757,55.03806],[9.70846,55.03883],[9.71005,55.03855],[9.70984,55.03872],[9.70982,55.03872],[9.709,55.0393],[9.7072,55.03947],[9.70425,55.03875],[9.70013,55.03848],[9.69887,55.0388],[9.69809,55.03937],[9.69855,55.04025],[9.70034,55.04086],[9.70486,55.04149],[9.70488,55.04176],[9.70693,55.04186],[9.70757,55.04356],[9.70637,55.04476],[9.70489,55.04479],[9.70322,55.04495],[9.69772,55.04457],[9.69715,55.04432],[9.69671,55.04428],[9.69672,55.04415],[9.69601,55.04385],[9.696,55.04283],[9.69666,55.04214],[9.69699,55.04215],[9.69612,55.04164],[9.69294,55.04168],[9.68998,55.0396],[9.6886,55.03874],[9.68659,55.03831],[9.6864,55.03742],[9.68872,55.03558],[9.6899,55.03531],[9.68431,55.03481],[9.68263,55.03517],[9.68011,55.03516],[9.67617,55.03583],[9.67557,55.036],[9.6659,55.0378],[9.66193,55.03901],[9.6569,55.03898],[9.65307,55.03832],[9.64977,55.03842],[9.64648,55.0391],[9.64412,55.03905],[9.64185,55.04004],[9.64078,55.04073],[9.63945,55.04251],[9.63876,55.04454],[9.63943,55.04747],[9.63921,55.05123],[9.64106,55.05234],[9.64265,55.05269],[9.64833,55.05363],[9.65126,55.05457],[9.65228,55.0548],[9.65253,55.05499],[9.65296,55.05513],[9.65635,55.05717],[9.66306,55.06325],[9.66736,55.0659],[9.67918,55.06946],[9.68346,55.07109],[9.69344,55.07419],[9.69758,55.07614],[9.69953,55.07754],[9.70656,55.07837],[9.70978,55.07907],[9.71956,55.07922],[9.72265,55.07959],[9.72676,55.08008],[9.73305,55.08213],[9.73851,55.08331],[9.74419,55.08383],[9.74528,55.08379],[9.75401,55.08344],[9.763,55.08171],[9.76821,55.08071],[9.77268,55.07955],[9.78117,55.07634],[9.78118,55.07634],[9.80783,55.0672],[9.81237,55.06622],[9.81341,55.06588],[9.81677,55.06455],[9.81971,55.063],[9.82027,55.06288],[9.82077,55.06263],[9.82408,55.05853],[9.82789,55.05568],[9.83678,55.05118],[9.84061,55.04961],[9.84355,55.0484],[9.84796,55.04689],[9.84896,55.04668],[9.84933,55.04653],[9.8496,55.04654],[9.85094,55.04624],[9.85232,55.04625],[9.85286,55.0466],[9.85764,55.04105],[9.85944,55.03913],[9.86129,55.03714],[9.86157,55.03691],[9.86754,55.03413],[9.86755,55.03413],[9.87573,55.02824],[9.87706,55.02752],[9.87761,55.02714],[9.87848,55.02676],[9.89764,55.02028],[9.90116,55.01944],[9.9071,55.01875],[9.91552,55.01914],[9.9191,55.01951],[9.92622,55.01902],[9.93902,55.01644],[9.94918,55.0132],[9.95556,55.01111],[9.95856,55.00966],[9.96208,55.00761],[9.96539,55.00617],[9.96694,55.00493],[9.96825,55.00288],[9.97109,54.99999],[9.97872,54.99456],[9.98226,54.99345],[9.98401,54.99404],[9.98597,54.99542],[9.98544,54.99471],[9.98534,54.99458],[9.98508,54.99424],[9.98598,54.99401],[9.98645,54.99415],[9.98665,54.99349],[9.98593,54.99255],[9.9848,54.99193],[9.98571,54.99123],[9.98667,54.99155],[9.98672,54.99101],[9.98694,54.99031],[9.98714,54.9902],[9.98732,54.98986],[9.99057,54.98755],[9.99542,54.98571],[9.99652,54.98454],[9.99653,54.98454],[9.99947,54.98205],[10.00216,54.97887],[10.00317,54.97827],[10.00624,54.97346],[10.01237,54.96624],[10.01533,54.96142],[10.01658,54.96085],[10.01924,54.95735],[10.02311,54.95413],[10.02456,54.95256],[10.02601,54.94999],[10.02601,54.94999],[10.02648,54.94866],[10.02756,54.94753],[10.03068,54.94505],[10.03408,54.94124],[10.03995,54.93647],[10.04143,54.93451],[10.04143,54.93451],[10.04229,54.93336],[10.04396,54.93317],[10.04358,54.9327],[10.04385,54.93218],[10.04404,54.93181],[10.04413,54.93163],[10.04459,54.93174],[10.0445,54.93185],[10.04482,54.93207],[10.04512,54.93311],[10.04564,54.93299],[10.04464,54.93072],[10.04454,54.93027],[10.0447,54.92634],[10.04396,54.92382],[10.04473,54.91909],[10.04603,54.91634],[10.0476,54.91441],[10.04924,54.9095],[10.05147,54.90517],[10.05389,54.90253],[10.0554,54.9016],[10.05856,54.89725],[10.06014,54.89653],[10.06287,54.89632],[10.06469,54.89572],[10.0655,54.89459],[10.06618,54.89364],[10.06718,54.89172],[10.06759,54.88873],[10.06981,54.88402],[10.0696,54.88198],[10.07158,54.87775],[10.07141,54.87718],[10.07137,54.87702],[10.06454,54.87338],[10.05707,54.87384],[10.05416,54.87445],[10.04696,54.87449],[10.04005,54.87495],[10.03746,54.87496],[10.03602,54.87504],[10.03561,54.87496],[10.03446,54.87497],[10.02929,54.87425],[10.02279,54.87273],[10.02142,54.87241],[10.01432,54.86984],[10.01045,54.86793],[10.00967,54.86743],[10.00606,54.86511],[9.99533,54.85698],[9.99308,54.85547],[9.99308,54.85546],[9.99028,54.85323],[9.98871,54.85245],[9.98628,54.85258],[9.98509,54.85344],[9.98224,54.85413],[9.97379,54.85345],[9.97197,54.85355],[9.96014,54.85246],[9.95685,54.85293],[9.94844,54.85296],[9.94378,54.85376],[9.9424,54.85368],[9.94065,54.85432],[9.93748,54.85446],[9.93535,54.85469],[9.92965,54.85602],[9.92492,54.85785],[9.92108,54.85874],[9.91483,54.86231],[9.90971,54.86406],[9.90896,54.86432],[9.90237,54.86524],[9.89785,54.86497],[9.89686,54.86478],[9.89087,54.865],[9.89025,54.86512],[9.8889,54.86537],[9.88751,54.86682],[9.88356,54.86794],[9.88113,54.86902],[9.87392,54.87384],[9.86776,54.87708],[9.86761,54.87756],[9.86902,54.87994],[9.87028,54.88053],[9.87378,54.88116],[9.87661,54.88377],[9.88183,54.88609],[9.88353,54.88798],[9.88381,54.88917],[9.88493,54.89041],[9.88971,54.89211],[9.89255,54.89386],[9.89349,54.89418],[9.89418,54.89501],[9.89654,54.89597],[9.90279,54.898],[9.89983,54.8967],[9.90003,54.89512],[9.90617,54.8934],[9.90806,54.89242],[9.91104,54.89022],[9.91218,54.88748],[9.91342,54.88573],[9.91493,54.88528],[9.91717,54.88403],[9.91877,54.88407],[9.92044,54.88351],[9.92465,54.88361],[9.92788,54.88304],[9.93409,54.87923],[9.93595,54.87852],[9.93976,54.87775],[9.94556,54.87709],[9.94866,54.87546],[9.9513,54.87459],[9.9521,54.87422],[9.953,54.87282],[9.95313,54.86939],[9.95443,54.8684],[9.95732,54.86767],[9.96244,54.86794],[9.96584,54.86736],[9.97127,54.86767],[9.9711,54.86638],[9.97131,54.86607],[9.97132,54.8659],[9.97158,54.86569],[9.97419,54.86426],[9.97558,54.86298],[9.97675,54.8625],[9.97811,54.86127],[9.98236,54.85859],[9.9857,54.85732],[9.9894,54.85765],[9.98907,54.85703],[9.98981,54.85608],[9.99228,54.85584],[9.99233,54.85584],[9.99236,54.85583],[9.99332,54.8562],[9.99692,54.85894],[9.99757,54.85995],[9.99751,54.8602],[9.99761,54.86028],[9.99744,54.86053],[9.99737,54.86084],[9.99261,54.8662],[9.98832,54.87341],[9.9818,54.87792],[9.97953,54.87914],[9.97509,54.88062],[9.96905,54.88369],[9.96391,54.88587],[9.95414,54.88871],[9.94919,54.89304],[9.94905,54.89305],[9.94902,54.89306],[9.94487,54.89339],[9.94486,54.89339],[9.93962,54.89436],[9.93769,54.89532],[9.93498,54.89597],[9.9279,54.8986],[9.92214,54.89989],[9.91954,54.89983],[9.91829,54.90008],[9.91449,54.90411],[9.9107,54.90557],[9.90999,54.90573],[9.90938,54.90595],[9.90853,54.90606],[9.89991,54.90801],[9.89717,54.90818],[9.89597,54.90798],[9.89307,54.90832],[9.89245,54.90818],[9.89231,54.9082],[9.89146,54.90796],[9.89128,54.90768],[9.89096,54.90719],[9.89045,54.90664],[9.88962,54.90725],[9.88965,54.90732],[9.8893,54.9075],[9.88862,54.90739],[9.88743,54.90704],[9.88627,54.9067],[9.8876,54.90549],[9.88544,54.90578],[9.88379,54.90453],[9.88289,54.90257],[9.88269,54.90214],[9.88366,54.9015],[9.87991,54.89912],[9.87819,54.899],[9.87394,54.90005],[9.8715,54.90019],[9.86603,54.89827],[9.86601,54.89826],[9.8614,54.8963],[9.85429,54.89459],[9.84951,54.89261],[9.84261,54.89082],[9.83612,54.89011],[9.83196,54.88924],[9.83162,54.88933],[9.83022,54.88974],[9.82801,54.88984],[9.82703,54.89075],[9.8245,54.89216],[9.82334,54.89251],[9.8218,54.89287],[9.81486,54.89342],[9.81486,54.89342],[9.81151,54.89334],[9.80562,54.89439],[9.80385,54.89557],[9.79874,54.89762],[9.79614,54.89759],[9.79417,54.899],[9.79457,54.89927],[9.7944,54.89964],[9.7939,54.89955],[9.79399,54.89991],[9.79433,54.90051],[9.79421,54.90072],[9.79147,54.90253],[9.78845,54.90396],[9.78505,54.90465],[9.78538,54.90533],[9.78309,54.90636],[9.78268,54.90693],[9.7827,54.90707],[9.78317,54.90737],[9.78312,54.90747],[9.78485,54.90773],[9.78545,54.90855],[9.78539,54.91073],[9.78519,54.91108],[9.78464,54.91208],[9.78451,54.91231],[9.7818,54.9155],[9.77904,54.91668],[9.77908,54.91672],[9.77864,54.91687],[9.77814,54.91688],[9.77804,54.91697],[9.77578,54.91729],[9.76958,54.91861],[9.76907,54.92047],[9.76928,54.92233],[9.76928,54.92234],[9.77016,54.9238],[9.76983,54.92669],[9.7657,54.93028],[9.76563,54.93164],[9.76337,54.93415],[9.7652,54.93599],[9.76381,54.94043],[9.76531,54.94354],[9.76367,54.94451],[9.76207,54.94616],[9.76072,54.95262],[9.76035,54.95628],[9.76101,54.95967],[9.75935,54.97121],[9.75802,54.9736],[9.75555,54.97602],[9.75403,54.97704],[9.75158,54.97721],[9.75116,54.97768],[9.75165,54.97785],[9.75208,54.97824],[9.75685,54.9804],[9.75985,54.9826],[9.75977,54.98184],[9.76667,54.97505],[9.77059,54.9721],[9.77351,54.97058],[9.77511,54.97016],[9.77634,54.96983],[9.78358,54.97009],[9.78402,54.96976],[9.7852,54.9699],[9.78577,54.9697],[9.78777,54.96959],[9.79036,54.96891],[9.79331,54.96713],[9.79557,54.96428],[9.79786,54.96266],[9.79855,54.96203],[9.79953,54.96062],[9.805,54.95648],[9.80782,54.95369],[9.81216,54.95033],[9.81256,54.94953],[9.81751,54.94469],[9.82036,54.94167],[9.82228,54.94079],[9.82728,54.94007],[9.82984,54.93775],[9.82987,54.93693],[9.82829,54.93525],[9.82569,54.93475],[9.82376,54.93389],[9.82559,54.93365],[9.82705,54.93279],[9.83497,54.93365],[9.83637,54.9327],[9.83665,54.93116],[9.83777,54.93092],[9.83953,54.93231],[9.83941,54.93329],[9.84032,54.93431],[9.83993,54.93503],[9.84601,54.93647],[9.8474,54.93649],[9.8495,54.93743],[9.85344,54.93851],[9.85541,54.93859],[9.85692,54.93905],[9.85839,54.93936],[9.86252,54.94119],[9.86397,54.94128]]]}},{"type":"Feature","properties":{"name":"Sønderborg"},"geometry":{"type":"Polygon","coordinates":[[[9.83213,54.97223],[9.83248,54.97201],[9.83269,54.97144],[9.83315,54.97096],[9.83457,54.97041],[9.83766,54.97154],[9.83819,54.97179],[9.8386,54.97189],[9.83882,54.97184],[9.83662,54.9705],[9.83554,54.97028],[9.83445,54.96998],[9.83204,54.97049],[9.83032,54.97107],[9.82989,54.97132],[9.82975,54.9715],[9.82946,54.97248],[9.83044,54.97284],[9.83076,54.97288],[9.83328,54.97273],[9.83385,54.97264],[9.83388,54.97255],[9.83191,54.97257],[9.83188,54.97238],[9.83213,54.97223]]]}},{"type":"Feature","properties":{"name":"Gladsaxe"},"geometry":{"type":"Polygon","coordinates":[[[12.45123,55.73125],[12.44817,55.73736],[12.44543,55.74045],[12.44635,55.74983],[12.4401,55.75177],[12.43535,55.7523],[12.41618,55.75299],[12.41693,55.76117],[12.4193,55.77298],[12.42535,55.77188],[12.43895,55.77672],[12.44819,55.77338],[12.45837,55.77269],[12.4628,55.76903],[12.46936,55.77521],[12.47465,55.77583],[12.48758,55.77275],[12.48345,55.76827],[12.47991,55.76843],[12.48146,55.7654],[12.47951,55.76039],[12.50053,55.75956],[12.50048,55.75643],[12.49865,55.75152],[12.50168,55.75026],[12.50071,55.74749],[12.51004,55.74414],[12.51274,55.74303],[12.5162,55.7439],[12.51815,55.74145],[12.51784,55.73575],[12.52138,55.72853],[12.52148,55.72783],[12.51829,55.72674],[12.5138,55.72077],[12.51348,55.71987],[12.50435,55.71985],[12.49932,55.72096],[12.48814,55.72451],[12.48674,55.72456],[12.48432,55.72477],[12.4775,55.7221],[12.47287,55.71887],[12.4708,55.71887],[12.46621,55.71887],[12.45864,55.71682],[12.45333,55.72343],[12.45123,55.73125]]]}},{"type":"Feature","properties":{"name":"Christiansø"},"geometry":{"type":"Polygon","coordinates":[[[15.18922,55.31728],[15.18891,55.31729],[15.1875,55.31759],[15.18717,55.31869],[15.18638,55.31891],[15.18613,55.31942],[15.18623,55.32129],[15.18674,55.32282],[15.18797,55.32364],[15.18956,55.3234],[15.19142,55.32319],[15.19182,55.32282],[15.1912,55.32229],[15.19143,55.3216],[15.19206,55.32113],[15.19323,55.3201],[15.19308,55.31973],[15.19181,55.31941],[15.19075,55.31759],[15.19005,55.31745],[15.18922,55.31728]]]}},{"type":"Feature","properties":{"name":"Christiansø"},"geometry":{"type":"Polygon","coordinates":[[[15.18575,55.31884],[15.18376,55.31934],[15.18356,55.31938],[15.18347,55.31966],[15.18315,55.32061],[15.18313,55.32066],[15.18321,55.32207],[15.18357,55.32228],[15.18399,55.32252],[15.18444,55.32278],[15.18544,55.32247],[15.18468,55.32155],[15.18562,55.32053],[15.18499,55.31954],[15.18575,55.31884]]]}},{"type":"Feature","properties":{"name":"Christiansø"},"geometry":{"type":"Polygon","coordinates":[[[15.17787,55.32537],[15.17884,55.32553],[15.18028,55.32553],[15.18087,55.32511],[15.18098,55.3238],[15.18039,55.3238],[15.17983,55.32296],[15.17815,55.32289],[15.17712,55.32284],[15.17586,55.32315],[15.17536,55.32317],[15.17428,55.32448],[15.17446,55.325],[15.17484,55.32519],[15.17584,55.32534],[15.17678,55.32539],[15.17787,55.32537]]]}},{"type":"Feature","properties":{"name":"Halsnæs"},"geometry":{"type":"Polygon","coordinates":[[[11.97642,55.96682],[11.97403,55.96631],[11.97104,55.96496],[11.96514,55.96304],[11.96041,55.96156],[11.95542,55.95939],[11.94932,55.95835],[11.94552,55.95628],[11.9441,55.95487],[11.94428,55.95448],[11.94396,55.95322],[11.94069,55.95207],[11.93302,55.94991],[11.92228,55.94866],[11.91956,55.94829],[11.91486,55.94746],[11.91125,55.94664],[11.90264,55.9444],[11.90069,55.94423],[11.89385,55.943],[11.89049,55.94177],[11.88805,55.94186],[11.88545,55.94222],[11.87948,55.94432],[11.87169,55.94501],[11.87076,55.94499],[11.86841,55.94493],[11.86604,55.94455],[11.86569,55.94403],[11.8657,55.94271],[11.86558,55.94261],[11.8657,55.94242],[11.8657,55.94164],[11.86283,55.9429],[11.85469,55.94505],[11.85336,55.94603],[11.85224,55.9479],[11.85105,55.95568],[11.84702,55.95704],[11.84826,55.95737],[11.84746,55.96017],[11.84744,55.96019],[11.84656,55.96101],[11.84642,55.96114],[11.84639,55.96117],[11.84631,55.96116],[11.84621,55.96125],[11.84529,55.96204],[11.84507,55.96348],[11.84406,55.96458],[11.84405,55.96459],[11.84342,55.96694],[11.8456,55.96713],[11.84862,55.96861],[11.84857,55.97008],[11.85126,55.97374],[11.85256,55.975],[11.85543,55.97663],[11.86209,55.97902],[11.86542,55.97986],[11.86838,55.98112],[11.86958,55.98126],[11.87519,55.9832],[11.87721,55.9838],[11.8815,55.98443],[11.88399,55.98503],[11.89277,55.98796],[11.90264,55.99169],[11.91614,55.99696],[11.92464,56.00139],[11.92871,56.00248],[11.92872,56.00248],[11.93266,56.00377],[11.94307,56.00817],[11.95192,56.01102],[11.95611,56.01297],[11.95887,56.01354],[11.96162,56.01472],[11.96459,56.01612],[11.96472,56.01612],[11.96501,56.01551],[11.96636,56.01563],[11.96769,56.01575],[11.96866,56.01611],[11.96884,56.01611],[11.97504,56.01844],[11.99866,56.02706],[12.00861,56.03103],[12.03673,56.02611],[12.0512,56.02343],[12.04987,56.00327],[12.06486,55.99908],[12.0657,55.99293],[12.08844,56.00148],[12.12789,55.9866],[12.12594,55.97254],[12.08553,55.94911],[12.08219,55.92961],[12.08907,55.92216],[12.1069,55.92161],[12.11499,55.91427],[12.11661,55.90566],[12.0882,55.89485],[12.07801,55.89144],[12.07739,55.88648],[12.06822,55.88445],[12.07006,55.8787],[12.06472,55.87917],[12.06383,55.87998],[12.05557,55.88563],[12.05367,55.88918],[12.05001,55.89392],[12.04875,55.89696],[12.04643,55.90001],[12.04574,55.90167],[12.04563,55.90388],[12.04629,55.90658],[12.04707,55.90779],[12.04811,55.9145],[12.04643,55.91693],[12.04596,55.91996],[12.04461,55.92156],[12.04341,55.92336],[12.04324,55.92451],[12.04041,55.92874],[12.03942,55.92965],[12.03857,55.93122],[12.03538,55.93373],[12.03359,55.93421],[12.03243,55.93634],[12.0303,55.93859],[12.02809,55.94163],[12.02507,55.94379],[12.023,55.94626],[12.02264,55.94669],[12.02158,55.9517],[12.02097,55.95575],[12.01864,55.9593],[12.01803,55.95958],[12.01792,55.95974],[12.0177,55.95983],[12.01752,55.95982],[12.01317,55.95762],[12.01105,55.95922],[12.01254,55.96009],[12.01257,55.96011],[12.01439,55.96117],[12.01611,55.96163],[12.01646,55.96184],[12.01317,55.96385],[12.01157,55.96341],[12.00951,55.95977],[12.00417,55.96056],[12.00474,55.96297],[12.00614,55.965],[12.00618,55.96506],[12.01181,55.96712],[12.01161,55.96745],[12.01111,55.96826],[12.01072,55.96859],[12.0057,55.96768],[12.00557,55.96762],[12.0033,55.9666],[12.00299,55.96549],[12.00277,55.96525],[12.00211,55.96508],[12.0007,55.9649],[11.99705,55.96433],[11.99649,55.96432],[11.99875,55.96636],[11.99898,55.96649],[11.99901,55.96664],[11.9994,55.96704],[11.99812,55.96741],[11.99747,55.96759],[11.99718,55.96768],[11.99417,55.96645],[11.98891,55.96508],[11.98677,55.96522],[11.98549,55.96531],[11.97923,55.96703],[11.9766,55.96685],[11.97642,55.96682]]]}},{"type":"Feature","properties":{"name":"Halsnæs"},"geometry":{"type":"Polygon","coordinates":[[[11.69651,56.19754],[11.69481,56.19838],[11.69435,56.19913],[11.69876,56.19992],[11.70029,56.1993],[11.70026,56.19887],[11.70152,56.19882],[11.70163,56.19923],[11.7033,56.19959],[11.70694,56.19917],[11.71006,56.19926],[11.71338,56.19853],[11.71388,56.1979],[11.71463,56.19826],[11.71506,56.1981],[11.71492,56.19781],[11.71458,56.19748],[11.71496,56.1961],[11.71438,56.1949],[11.71577,56.19284],[11.71141,56.19321],[11.70809,56.19303],[11.70377,56.19323],[11.70076,56.1941],[11.69833,56.19544],[11.69651,56.19754]]]}},{"type":"Feature","properties":{"name":"Vallensbæk"},"geometry":{"type":"Polygon","coordinates":[[[12.39144,55.61322],[12.38762,55.6127],[12.37876,55.6149],[12.34662,55.63758],[12.34134,55.64196],[12.34704,55.64771],[12.3542,55.64925],[12.35274,55.65486],[12.36499,55.65621],[12.39238,55.62911],[12.40339,55.61838],[12.40388,55.61649],[12.40387,55.61649],[12.40343,55.61648],[12.39933,55.61579],[12.39873,55.61539],[12.39868,55.61466],[12.39972,55.61385],[12.39875,55.61252],[12.39904,55.61164],[12.39764,55.61109],[12.39697,55.61122],[12.39777,55.61221],[12.3971,55.61252],[12.39701,55.61268],[12.39632,55.61288],[12.39485,55.61174],[12.39399,55.61203],[12.39387,55.61254],[12.39441,55.61319],[12.39528,55.61342],[12.39595,55.61326],[12.39625,55.61334],[12.39748,55.61323],[12.3959,55.61433],[12.39561,55.61446],[12.39506,55.61435],[12.39144,55.61322]]]}},{"type":"Feature","properties":{"name":"Vallensbæk"},"geometry":{"type":"Polygon","coordinates":[[[12.40449,55.6141],[12.40491,55.61246],[12.40491,55.61246],[12.40215,55.61181],[12.40032,55.61126],[12.4009,55.61375],[12.40449,55.6141]]]}},{"type":"Feature","properties":{"name":"Tårnby"},"geometry":{"type":"Polygon","coordinates":[[[12.59232,55.63797],[12.60034,55.63808],[12.60837,55.63919],[12.61739,55.64046],[12.61944,55.63934],[12.62729,55.64141],[12.62597,55.64379],[12.64793,55.64632],[12.64791,55.64628],[12.64786,55.64618],[12.64831,55.64531],[12.64885,55.64428],[12.64777,55.64333],[12.64777,55.64332],[12.64778,55.64327],[12.64859,55.64242],[12.65057,55.64233],[12.65065,55.64225],[12.65183,55.64096],[12.65306,55.64093],[12.65344,55.64052],[12.65337,55.64049],[12.65471,55.63909],[12.65643,55.63887],[12.65741,55.63824],[12.65678,55.63692],[12.65672,55.6368],[12.65779,55.6358],[12.65636,55.63504],[12.6563,55.63501],[12.65457,55.63407],[12.65553,55.63341],[12.6569,55.63397],[12.66719,55.63402],[12.67173,55.63363],[12.67577,55.6328],[12.67578,55.63279],[12.67781,55.63207],[12.67961,55.6309],[12.68098,55.6289],[12.68147,55.6136],[12.68084,55.61149],[12.67933,55.6093],[12.67825,55.60855],[12.67552,55.60702],[12.67525,55.60695],[12.67399,55.60663],[12.67033,55.60664],[12.6703,55.60659],[12.67029,55.60658],[12.63244,55.60866],[12.63243,55.60215],[12.62235,55.6034],[12.61139,55.57612],[12.58635,55.57967],[12.56371,55.57581],[12.55691,55.57446],[12.55694,55.5745],[12.55634,55.57463],[12.54557,55.57277],[12.54089,55.57245],[12.53677,55.57284],[12.53129,55.57455],[12.52819,55.57654],[12.51428,55.59085],[12.51221,55.59413],[12.51112,55.59741],[12.5089,55.60696],[12.50893,55.60854],[12.51059,55.61163],[12.51322,55.6138],[12.57184,55.61575],[12.58967,55.62206],[12.59232,55.63797]]]}},{"type":"Feature","properties":{"name":"Tårnby"},"geometry":{"type":"Polygon","coordinates":[[[12.73915,55.62815],[12.7369,55.62891],[12.73726,55.62824],[12.73601,55.62754],[12.73528,55.62763],[12.73638,55.62846],[12.7357,55.6288],[12.73605,55.6293],[12.7362,55.63007],[12.73766,55.63025],[12.73854,55.63007],[12.74019,55.62938],[12.73962,55.63013],[12.73859,55.63111],[12.73781,55.63075],[12.73714,55.63043],[12.73697,55.63112],[12.73742,55.63169],[12.73754,55.63179],[12.73895,55.63156],[12.73909,55.63218],[12.73629,55.63214],[12.73693,55.63245],[12.73634,55.63271],[12.73645,55.63305],[12.73756,55.63301],[12.73646,55.63369],[12.73586,55.63373],[12.73632,55.63413],[12.73507,55.63478],[12.73431,55.63456],[12.73406,55.63331],[12.7332,55.63312],[12.73271,55.63363],[12.73373,55.63519],[12.73394,55.63608],[12.73515,55.63594],[12.73498,55.63633],[12.73575,55.63623],[12.73661,55.63634],[12.73709,55.63694],[12.7362,55.63787],[12.73476,55.6378],[12.73543,55.63815],[12.73581,55.63868],[12.73522,55.63865],[12.73423,55.63892],[12.73357,55.63903],[12.73398,55.63935],[12.73454,55.63934],[12.73549,55.63997],[12.73675,55.63951],[12.7373,55.63978],[12.7378,55.63938],[12.73773,55.64068],[12.73825,55.64046],[12.73889,55.6405],[12.73891,55.64054],[12.73873,55.64095],[12.73792,55.64091],[12.73749,55.64125],[12.73805,55.6417],[12.73661,55.64135],[12.73616,55.64163],[12.73554,55.64181],[12.73505,55.64149],[12.73453,55.64175],[12.7346,55.64216],[12.73366,55.64259],[12.73387,55.64288],[12.73527,55.64267],[12.7368,55.64207],[12.73722,55.64213],[12.73723,55.64318],[12.73632,55.6428],[12.73652,55.64331],[12.73552,55.6438],[12.73524,55.64451],[12.73546,55.64454],[12.73621,55.64419],[12.73748,55.64432],[12.73755,55.64461],[12.73853,55.64449],[12.73889,55.6451],[12.73913,55.64514],[12.73896,55.64522],[12.73904,55.64533],[12.73855,55.64543],[12.73836,55.64554],[12.73841,55.64595],[12.73753,55.64584],[12.73761,55.64536],[12.73691,55.64556],[12.73672,55.64642],[12.73607,55.64641],[12.73655,55.64671],[12.73824,55.64776],[12.7394,55.6476],[12.73878,55.64825],[12.73924,55.64864],[12.73847,55.6491],[12.73683,55.64933],[12.7383,55.65027],[12.73922,55.65027],[12.7397,55.6511],[12.73872,55.65083],[12.739,55.65299],[12.73949,55.65279],[12.74035,55.65322],[12.73964,55.65368],[12.73885,55.65372],[12.73945,55.65431],[12.73894,55.65449],[12.73943,55.65495],[12.74002,55.65444],[12.74021,55.65516],[12.73974,55.65549],[12.741,55.6562],[12.74103,55.65675],[12.73932,55.65698],[12.74109,55.65713],[12.74175,55.65764],[12.74221,55.65819],[12.7418,55.65863],[12.74269,55.65877],[12.7425,55.65945],[12.74173,55.65935],[12.74132,55.65954],[12.74262,55.65983],[12.74444,55.6598],[12.74487,55.66039],[12.74489,55.66052],[12.74439,55.6613],[12.74337,55.66185],[12.74383,55.66203],[12.74282,55.66264],[12.74509,55.66279],[12.7436,55.66332],[12.74232,55.66339],[12.74242,55.66396],[12.74344,55.66382],[12.74631,55.66322],[12.74601,55.66377],[12.74522,55.66405],[12.74569,55.66455],[12.74523,55.66523],[12.74428,55.66522],[12.74449,55.66594],[12.7451,55.66696],[12.74595,55.66661],[12.74539,55.66735],[12.74641,55.66687],[12.74691,55.66601],[12.74928,55.66592],[12.7499,55.66629],[12.75027,55.66583],[12.75109,55.66578],[12.7517,55.66661],[12.75081,55.66736],[12.75344,55.6667],[12.75429,55.66631],[12.75538,55.6662],[12.75721,55.66824],[12.75853,55.6695],[12.75877,55.66904],[12.75782,55.66858],[12.75803,55.66778],[12.75939,55.6682],[12.76112,55.66797],[12.76164,55.66805],[12.76293,55.66812],[12.76242,55.66848],[12.76358,55.66896],[12.76282,55.66944],[12.76234,55.66921],[12.76147,55.66933],[12.76259,55.66984],[12.76468,55.66981],[12.76447,55.6711],[12.76358,55.67126],[12.76245,55.67094],[12.76141,55.67101],[12.7622,55.67127],[12.76225,55.67169],[12.76377,55.67139],[12.76423,55.67169],[12.76518,55.67116],[12.76647,55.67097],[12.76644,55.67164],[12.76742,55.67183],[12.76828,55.67274],[12.76962,55.67219],[12.76951,55.67153],[12.77148,55.67132],[12.77299,55.67047],[12.77219,55.67027],[12.77233,55.66829],[12.77151,55.66827],[12.77422,55.66758],[12.77498,55.66701],[12.7761,55.66722],[12.77632,55.66718],[12.77626,55.66608],[12.77591,55.66449],[12.77673,55.66352],[12.77684,55.66254],[12.77898,55.66078],[12.7792,55.65718],[12.77999,55.65426],[12.78064,55.65135],[12.78034,55.64542],[12.77992,55.64482],[12.78026,55.64278],[12.78038,55.6412],[12.78167,55.6402],[12.78287,55.63985],[12.78377,55.63995],[12.78402,55.6397],[12.78353,55.63729],[12.78241,55.6374],[12.78185,55.63699],[12.78299,55.63675],[12.78326,55.63676],[12.78382,55.63667],[12.78398,55.63647],[12.78303,55.63591],[12.78248,55.63626],[12.78188,55.63579],[12.78226,55.63553],[12.78165,55.63514],[12.78168,55.63505],[12.78246,55.63492],[12.78193,55.63465],[12.7833,55.63468],[12.78344,55.63421],[12.78122,55.63227],[12.78156,55.63187],[12.78126,55.63137],[12.7817,55.63014],[12.78271,55.62913],[12.78117,55.62845],[12.77946,55.62818],[12.77911,55.62786],[12.78233,55.62816],[12.78223,55.62762],[12.78332,55.62732],[12.78329,55.62625],[12.78374,55.62596],[12.78313,55.62485],[12.78359,55.62437],[12.78312,55.62375],[12.78409,55.624],[12.78408,55.62356],[12.78279,55.62306],[12.78364,55.62272],[12.78441,55.62297],[12.78624,55.62251],[12.78686,55.62272],[12.78736,55.62226],[12.78784,55.62233],[12.78866,55.62079],[12.78935,55.62047],[12.78845,55.61923],[12.78702,55.61906],[12.78782,55.61832],[12.78655,55.61814],[12.78624,55.61953],[12.78707,55.61989],[12.78656,55.62024],[12.78592,55.62008],[12.78605,55.6197],[12.78577,55.61851],[12.78492,55.6182],[12.78491,55.61778],[12.78372,55.61763],[12.78533,55.61685],[12.78428,55.61667],[12.78441,55.61592],[12.78489,55.61559],[12.78548,55.61543],[12.78612,55.61605],[12.78727,55.61545],[12.78685,55.61502],[12.78796,55.61484],[12.78931,55.6142],[12.78901,55.61341],[12.7897,55.61326],[12.78978,55.61284],[12.79035,55.61231],[12.79151,55.61206],[12.79223,55.61228],[12.79351,55.61189],[12.7938,55.61131],[12.79324,55.6109],[12.79401,55.61035],[12.79191,55.6095],[12.79197,55.60902],[12.78954,55.6093],[12.7876,55.609],[12.78697,55.61005],[12.78757,55.6108],[12.78751,55.61145],[12.78688,55.61183],[12.78646,55.61147],[12.78613,55.61103],[12.78651,55.61021],[12.7862,55.6099],[12.78706,55.60859],[12.78416,55.60805],[12.78385,55.60875],[12.78326,55.60866],[12.78316,55.60806],[12.78384,55.60771],[12.78318,55.60713],[12.78217,55.60716],[12.78166,55.6064],[12.78057,55.60657],[12.78009,55.60618],[12.77934,55.60665],[12.77798,55.60685],[12.77727,55.6066],[12.77645,55.60699],[12.77596,55.60789],[12.77511,55.60809],[12.7751,55.60751],[12.77589,55.60675],[12.77542,55.6065],[12.77517,55.60658],[12.77443,55.60654],[12.77377,55.6057],[12.77287,55.60579],[12.77247,55.60644],[12.77108,55.60616],[12.77146,55.60578],[12.77043,55.60583],[12.76861,55.60623],[12.76859,55.60673],[12.76774,55.60663],[12.76764,55.60573],[12.76675,55.6057],[12.76642,55.6063],[12.76518,55.60678],[12.76459,55.60708],[12.76374,55.60645],[12.7628,55.60683],[12.76298,55.60748],[12.76259,55.6076],[12.76257,55.60769],[12.76382,55.60804],[12.76372,55.60831],[12.76198,55.60831],[12.76169,55.60881],[12.7627,55.60935],[12.76287,55.60987],[12.76212,55.61029],[12.76146,55.61003],[12.76105,55.61057],[12.76043,55.6111],[12.76065,55.61158],[12.7608,55.61276],[12.76029,55.61298],[12.76102,55.61344],[12.7608,55.61423],[12.75958,55.6143],[12.75979,55.615],[12.75842,55.61445],[12.75873,55.61409],[12.758,55.61374],[12.75752,55.61401],[12.75796,55.61499],[12.75745,55.61515],[12.75822,55.61558],[12.75828,55.61613],[12.75744,55.61586],[12.75658,55.61599],[12.7566,55.61604],[12.75686,55.61657],[12.75746,55.61635],[12.75735,55.61708],[12.7562,55.61773],[12.7554,55.61732],[12.75554,55.61675],[12.75522,55.61704],[12.75423,55.61648],[12.75355,55.61671],[12.75312,55.61733],[12.75341,55.61844],[12.75306,55.61909],[12.75393,55.62122],[12.75376,55.62127],[12.75377,55.62139],[12.75359,55.62132],[12.75327,55.6214],[12.75294,55.62053],[12.75214,55.62024],[12.75046,55.61993],[12.7488,55.6194],[12.74763,55.61741],[12.74653,55.61844],[12.74701,55.61915],[12.74712,55.6201],[12.74556,55.62093],[12.7445,55.62093],[12.74424,55.62068],[12.74508,55.61986],[12.74393,55.61913],[12.74345,55.61959],[12.74271,55.61965],[12.74245,55.6201],[12.74304,55.62082],[12.74232,55.62171],[12.74173,55.62209],[12.7406,55.62187],[12.74089,55.62131],[12.74028,55.62124],[12.73992,55.62193],[12.73908,55.62229],[12.73869,55.6242],[12.7398,55.62412],[12.73944,55.62321],[12.7406,55.62335],[12.74101,55.62281],[12.74249,55.6227],[12.74264,55.62296],[12.74432,55.62286],[12.74338,55.62207],[12.74454,55.62206],[12.74536,55.62313],[12.74589,55.62335],[12.74561,55.62357],[12.74471,55.62345],[12.74446,55.62315],[12.74294,55.62328],[12.7434,55.62378],[12.74301,55.62433],[12.74325,55.62514],[12.74429,55.62571],[12.74373,55.62604],[12.7436,55.62683],[12.74288,55.62762],[12.74186,55.62746],[12.74149,55.62858],[12.74065,55.62903],[12.73983,55.62881],[12.73888,55.62923],[12.73915,55.62815]]]}},{"type":"Feature","properties":{"name":"Tårnby"},"geometry":{"type":"Polygon","coordinates":[[[12.72806,55.61139],[12.7281,55.61138],[12.734,55.60916],[12.73964,55.60763],[12.74388,55.60677],[12.75204,55.60114],[12.75686,55.59854],[12.75794,55.59786],[12.75881,55.59749],[12.76032,55.59668],[12.76935,55.59268],[12.77691,55.58982],[12.77718,55.58896],[12.77616,55.58846],[12.77498,55.58845],[12.77096,55.58976],[12.76409,55.59143],[12.75759,55.59235],[12.75323,55.59572],[12.74829,55.59895],[12.74606,55.60053],[12.74552,55.6008],[12.74466,55.60136],[12.73397,55.60683],[12.72633,55.61014],[12.72604,55.61094],[12.72697,55.61144],[12.72806,55.61139]]]}},{"type":"Feature","properties":{"name":"Tårnby"},"geometry":{"type":"Polygon","coordinates":[[[12.7908,55.60494],[12.79038,55.60505],[12.79021,55.60522],[12.79089,55.60574],[12.79145,55.6059],[12.7919,55.60646],[12.79302,55.60621],[12.79409,55.60643],[12.79485,55.60595],[12.79536,55.60607],[12.79602,55.60668],[12.79772,55.60617],[12.79876,55.60625],[12.79839,55.6059],[12.79776,55.60579],[12.79356,55.60521],[12.7908,55.60494]]]}},{"type":"Feature","properties":{"name":"Tårnby"},"geometry":{"type":"Polygon","coordinates":[[[12.73915,55.62815],[12.73963,55.62802],[12.73942,55.62754],[12.73962,55.62725],[12.73817,55.62708],[12.73823,55.62775],[12.73915,55.62815]]]}},{"type":"Feature","properties":{"name":"Ringsted"},"geometry":{"type":"Polygon","coordinates":[[[11.80885,55.5437],[11.80793,55.54893],[11.8203,55.54944],[11.82258,55.55756],[11.82601,55.56131],[11.84656,55.56363],[11.84709,55.55809],[11.86023,55.55815],[11.86261,55.5545],[11.86611,55.55458],[11.86624,55.55355],[11.86485,55.55237],[11.8686,55.54902],[11.86902,55.54645],[11.87501,55.54487],[11.90232,55.54313],[11.91387,55.52988],[11.91629,55.52277],[11.91102,55.51422],[11.92257,55.51221],[11.91641,55.49662],[11.92265,55.49418],[11.92679,55.47572],[11.93929,55.46993],[11.93793,55.46161],[11.94503,55.46144],[11.94549,55.46095],[11.93381,55.44879],[11.93565,55.43648],[11.93597,55.43248],[11.9575,55.42378],[11.95424,55.4096],[11.96353,55.40203],[11.97969,55.40031],[11.97834,55.39803],[11.96477,55.39764],[11.96865,55.39082],[11.94694,55.37496],[11.9383,55.37451],[11.92901,55.36743],[11.88838,55.36731],[11.87742,55.36954],[11.86889,55.36289],[11.86556,55.35186],[11.85974,55.35628],[11.84277,55.36086],[11.80724,55.37144],[11.78629,55.36867],[11.74193,55.39835],[11.73803,55.40102],[11.73133,55.40171],[11.72993,55.40415],[11.73265,55.40706],[11.73178,55.40827],[11.72492,55.40754],[11.72233,55.40498],[11.71527,55.4064],[11.71229,55.40372],[11.70521,55.40513],[11.70768,55.41274],[11.6919,55.41845],[11.70164,55.42635],[11.71081,55.44554],[11.68864,55.44841],[11.68731,55.45764],[11.66407,55.46458],[11.65983,55.47358],[11.65322,55.47248],[11.65348,55.47535],[11.64024,55.47958],[11.63683,55.49075],[11.64029,55.49321],[11.65033,55.49187],[11.64073,55.49868],[11.64424,55.50661],[11.66336,55.51275],[11.68005,55.50893],[11.69882,55.51657],[11.73812,55.51778],[11.74426,55.52493],[11.73892,55.52615],[11.73911,55.54046],[11.75372,55.54704],[11.7661,55.54403],[11.76575,55.5395],[11.76657,55.539],[11.78223,55.53986],[11.80885,55.5437]]]}},{"type":"Feature","properties":{"name":"Langeland"},"geometry":{"type":"Polygon","coordinates":[[[10.54515,54.9017],[10.5437,54.90224],[10.54315,54.90258],[10.54073,54.90409],[10.539,54.90568],[10.53785,54.90673],[10.53788,54.90778],[10.53788,54.90805],[10.53948,54.90815],[10.54328,54.90774],[10.5467,54.90814],[10.54787,54.90679],[10.54787,54.90494],[10.54808,54.90463],[10.54559,54.90489],[10.54474,54.90473],[10.54443,54.9043],[10.54673,54.90282],[10.54746,54.90194],[10.54746,54.90193],[10.5473,54.90143],[10.54727,54.90134],[10.54554,54.90155],[10.54515,54.9017]]]}},{"type":"Feature","properties":{"name":"Langeland"},"geometry":{"type":"Polygon","coordinates":[[[10.59328,54.92464],[10.59289,54.92347],[10.59211,54.92264],[10.59183,54.92234],[10.59101,54.92176],[10.58891,54.92114],[10.58822,54.9208],[10.5883,54.92041],[10.58864,54.92036],[10.58876,54.92024],[10.58782,54.92032],[10.58769,54.92068],[10.58766,54.92153],[10.59011,54.92396],[10.59099,54.92441],[10.5923,54.92471],[10.59294,54.92477],[10.59328,54.92464]]]}},{"type":"Feature","properties":{"name":"Langeland"},"geometry":{"type":"Polygon","coordinates":[[[10.57708,54.90212],[10.57775,54.90149],[10.57799,54.9014],[10.57987,54.90109],[10.58203,54.90042],[10.58471,54.89777],[10.58311,54.89634],[10.58207,54.89529],[10.57882,54.89533],[10.57343,54.89683],[10.57077,54.89809],[10.5707,54.90026],[10.57499,54.90206],[10.57668,54.9025],[10.57708,54.90212]]]}},{"type":"Feature","properties":{"name":"Langeland"},"geometry":{"type":"Polygon","coordinates":[[[10.67527,54.95986],[10.68008,54.95847],[10.68336,54.96003],[10.68573,54.96032],[10.69224,54.95897],[10.6988,54.9572],[10.69948,54.95681],[10.70144,54.9557],[10.70162,54.95532],[10.70203,54.95447],[10.70159,54.95152],[10.70156,54.94998],[10.70297,54.94946],[10.70271,54.94914],[10.70254,54.94894],[10.69874,54.94943],[10.69537,54.9504],[10.69113,54.94891],[10.68966,54.94921],[10.68814,54.95292],[10.68681,54.95399],[10.68479,54.9546],[10.68276,54.95428],[10.6816,54.95376],[10.68037,54.95372],[10.67963,54.95592],[10.67827,54.95738],[10.67231,54.95829],[10.67038,54.95772],[10.66879,54.95738],[10.66525,54.95822],[10.66531,54.95853],[10.66597,54.95981],[10.66583,54.96068],[10.66409,54.96119],[10.6624,54.96192],[10.66165,54.9623],[10.66191,54.96253],[10.66426,54.96152],[10.66642,54.96086],[10.67035,54.96104],[10.67527,54.95986]]]}},{"type":"Feature","properties":{"name":"Langeland"},"geometry":{"type":"Polygon","coordinates":[[[10.71833,54.94502],[10.71984,54.94552],[10.71992,54.94555],[10.72182,54.94868],[10.72414,54.95042],[10.72481,54.95144],[10.72415,54.9543],[10.72499,54.95487],[10.72775,54.95675],[10.7291,54.9571],[10.73284,54.95849],[10.73614,54.96176],[10.73972,54.9636],[10.74885,54.96936],[10.74939,54.97003],[10.7494,54.97003],[10.7514,54.97073],[10.75299,54.97185],[10.75381,54.97309],[10.75663,54.97504],[10.75639,54.97583],[10.76253,54.97686],[10.76672,54.97877],[10.76726,54.97894],[10.76946,54.98066],[10.77012,54.98177],[10.76907,54.98253],[10.76987,54.98282],[10.771,54.9826],[10.77393,54.98179],[10.77637,54.9815],[10.77748,54.98137],[10.78405,54.9812],[10.78809,54.98164],[10.78812,54.98164],[10.78978,54.98214],[10.79505,54.98497],[10.79997,54.98921],[10.80657,54.9931],[10.80729,54.99387],[10.80887,54.99453],[10.80903,54.99468],[10.80924,54.99493],[10.80991,54.99571],[10.81124,54.99812],[10.8125,55.00227],[10.81321,55.00311],[10.81634,55.00416],[10.81758,55.00487],[10.81799,55.00503],[10.81803,55.00525],[10.81872,55.00604],[10.81914,55.00734],[10.82109,55.00825],[10.82369,55.01044],[10.82385,55.01079],[10.82401,55.01089],[10.82443,55.01209],[10.82537,55.01424],[10.82692,55.01717],[10.8273,55.02059],[10.82731,55.0206],[10.82731,55.0206],[10.83043,55.02411],[10.83495,55.02683],[10.83715,55.02874],[10.83877,55.02992],[10.84327,55.03212],[10.84635,55.03418],[10.84666,55.03446],[10.8467,55.03463],[10.8479,55.03619],[10.84847,55.03911],[10.84749,55.0419],[10.84868,55.0436],[10.84891,55.0451],[10.85069,55.04721],[10.85307,55.04876],[10.8548,55.05173],[10.8617,55.06009],[10.86199,55.062],[10.86154,55.06231],[10.86124,55.06241],[10.86014,55.06301],[10.86165,55.06277],[10.86268,55.06333],[10.86297,55.06358],[10.86304,55.06375],[10.86253,55.06759],[10.86458,55.07151],[10.86458,55.07151],[10.86869,55.07774],[10.87202,55.08502],[10.87202,55.08503],[10.87324,55.09449],[10.87429,55.09666],[10.87654,55.10217],[10.87786,55.1036],[10.88083,55.10535],[10.88271,55.10697],[10.88552,55.111],[10.88679,55.11442],[10.88828,55.11569],[10.8933,55.11918],[10.89789,55.12366],[10.89886,55.12561],[10.89887,55.12562],[10.89913,55.12606],[10.90244,55.13156],[10.90237,55.13274],[10.90242,55.13455],[10.90183,55.13458],[10.90192,55.13479],[10.90175,55.13485],[10.90164,55.13522],[10.90278,55.1352],[10.90277,55.13556],[10.90268,55.1359],[10.90226,55.13585],[10.90176,55.13579],[10.90199,55.13602],[10.90203,55.13621],[10.90174,55.13738],[10.90158,55.13858],[10.90579,55.14028],[10.91231,55.14438],[10.9204,55.14855],[10.92092,55.14891],[10.92114,55.14915],[10.92635,55.15345],[10.92702,55.15457],[10.92702,55.1559],[10.92789,55.15717],[10.9301,55.15896],[10.93092,55.1603],[10.93631,55.16269],[10.9398,55.1647],[10.94406,55.16361],[10.94806,55.16085],[10.95236,55.15893],[10.95456,55.15744],[10.95571,55.15455],[10.95566,55.1463],[10.95438,55.14471],[10.9492,55.13353],[10.94287,55.11235],[10.94287,55.11235],[10.9416,55.1101],[10.9397,55.1005],[10.93706,55.09164],[10.93573,55.08789],[10.93569,55.08256],[10.93279,55.08143],[10.93075,55.07846],[10.92718,55.06844],[10.92401,55.06186],[10.92401,55.06186],[10.92251,55.0579],[10.91993,55.05106],[10.91726,55.04468],[10.90843,55.03344],[10.90507,55.02478],[10.90298,55.01879],[10.90183,55.01733],[10.90004,55.0137],[10.89829,55.01207],[10.89633,55.0076],[10.89633,55.00758],[10.89558,55.00404],[10.89553,54.99649],[10.89483,54.99474],[10.89293,54.99319],[10.89025,54.9897],[10.88819,54.9877],[10.88585,54.98677],[10.87545,54.98167],[10.86833,54.97635],[10.86833,54.97635],[10.86832,54.97635],[10.86119,54.97044],[10.85781,54.96751],[10.85567,54.96487],[10.85456,54.96259],[10.85113,54.95966],[10.84855,54.95608],[10.84527,54.95279],[10.83661,54.94116],[10.83435,54.93684],[10.83437,54.93565],[10.83411,54.93531],[10.83387,54.93522],[10.83391,54.93506],[10.83388,54.93499],[10.83379,54.93473],[10.83364,54.9343],[10.83301,54.93388],[10.83259,54.93349],[10.83168,54.93351],[10.83099,54.93227],[10.83074,54.93223],[10.83042,54.93219],[10.83037,54.9321],[10.83006,54.93158],[10.82992,54.93134],[10.82979,54.93113],[10.82922,54.93018],[10.82857,54.92614],[10.82729,54.92167],[10.82681,54.91692],[10.82365,54.91325],[10.8219,54.91021],[10.8186,54.90887],[10.81763,54.90881],[10.81817,54.90801],[10.81742,54.90663],[10.81643,54.90435],[10.81802,54.8994],[10.81795,54.89549],[10.81656,54.89096],[10.81506,54.88813],[10.81475,54.88575],[10.81025,54.87954],[10.8102,54.87947],[10.8102,54.87947],[10.80818,54.87586],[10.80818,54.87586],[10.7916,54.85308],[10.79066,54.85131],[10.7893,54.84939],[10.78676,54.8466],[10.78459,54.84331],[10.78404,54.84165],[10.78219,54.83945],[10.78218,54.83943],[10.78074,54.83655],[10.78074,54.83654],[10.7763,54.82929],[10.77533,54.8249],[10.77549,54.82352],[10.7761,54.82308],[10.77564,54.82282],[10.77455,54.81892],[10.77266,54.81706],[10.76939,54.81205],[10.76852,54.80902],[10.76845,54.80713],[10.76414,54.80172],[10.76114,54.79626],[10.76114,54.79626],[10.75896,54.79282],[10.75469,54.78727],[10.75305,54.78286],[10.75152,54.78047],[10.75113,54.77868],[10.75146,54.77732],[10.7509,54.77548],[10.74575,54.76503],[10.74554,54.76268],[10.74185,54.75737],[10.74187,54.75599],[10.73929,54.75279],[10.73726,54.74909],[10.73701,54.74674],[10.73594,54.74499],[10.73584,54.74364],[10.73464,54.74286],[10.72593,54.73386],[10.72142,54.73052],[10.71956,54.72977],[10.71665,54.72747],[10.71041,54.72656],[10.70642,54.72515],[10.69426,54.72194],[10.69385,54.72193],[10.69326,54.72192],[10.6892,54.72364],[10.68621,54.72372],[10.68278,54.7261],[10.68217,54.7274],[10.68004,54.72961],[10.67632,54.73141],[10.67371,54.73475],[10.67214,54.73646],[10.66765,54.73999],[10.67003,54.74077],[10.67041,54.74198],[10.66953,54.74531],[10.66674,54.74889],[10.66704,54.74942],[10.66716,54.74965],[10.66897,54.75004],[10.67111,54.75199],[10.67124,54.75154],[10.67042,54.75096],[10.67101,54.75049],[10.67129,54.75054],[10.67181,54.75076],[10.67172,54.75103],[10.67157,54.75146],[10.67192,54.75117],[10.67217,54.75083],[10.67242,54.75076],[10.67322,54.75095],[10.67348,54.75113],[10.67359,54.75121],[10.67485,54.75208],[10.67384,54.75255],[10.67333,54.75247],[10.67332,54.7525],[10.67323,54.75286],[10.67175,54.75298],[10.67296,54.75301],[10.67426,54.75321],[10.67441,54.75285],[10.6748,54.75284],[10.67507,54.75294],[10.67622,54.75479],[10.67586,54.75813],[10.67523,54.75943],[10.67432,54.76012],[10.67312,54.76034],[10.67236,54.76192],[10.67249,54.7639],[10.6719,54.76495],[10.67179,54.76538],[10.67133,54.76595],[10.67059,54.76723],[10.66941,54.768],[10.66638,54.77245],[10.66239,54.77652],[10.66006,54.77967],[10.66076,54.78231],[10.66026,54.78408],[10.66128,54.78549],[10.66149,54.7872],[10.66059,54.79169],[10.66059,54.7917],[10.66063,54.79339],[10.65958,54.7956],[10.65849,54.79738],[10.65848,54.7974],[10.6583,54.7976],[10.65151,54.80546],[10.64683,54.80941],[10.64252,54.81306],[10.63777,54.81629],[10.63558,54.81793],[10.63462,54.81843],[10.63253,54.81986],[10.62527,54.82365],[10.62302,54.82448],[10.61604,54.82705],[10.61235,54.82748],[10.60823,54.82836],[10.60272,54.8304],[10.60255,54.83052],[10.60175,54.83109],[10.60153,54.83175],[10.60104,54.83251],[10.5989,54.83397],[10.59579,54.83881],[10.5959,54.83888],[10.59731,54.83974],[10.59825,54.83953],[10.59939,54.84004],[10.60229,54.84031],[10.59958,54.83912],[10.59848,54.83714],[10.5987,54.83619],[10.60626,54.83677],[10.61346,54.83512],[10.61412,54.83509],[10.61449,54.83502],[10.615,54.83506],[10.61624,54.835],[10.61911,54.83535],[10.62087,54.83548],[10.62172,54.83537],[10.62231,54.8353],[10.6257,54.83401],[10.62592,54.83315],[10.62709,54.83245],[10.63315,54.83038],[10.6342,54.83002],[10.63572,54.8304],[10.63744,54.83172],[10.63754,54.83263],[10.63729,54.83303],[10.64201,54.83257],[10.64205,54.83251],[10.64298,54.83115],[10.64308,54.83016],[10.64253,54.83008],[10.64215,54.8315],[10.64117,54.83156],[10.64086,54.83074],[10.64146,54.8295],[10.6417,54.82949],[10.64169,54.82941],[10.64199,54.82944],[10.64229,54.82948],[10.64257,54.82986],[10.64412,54.82976],[10.64674,54.83022],[10.64706,54.83036],[10.64745,54.83043],[10.64756,54.83058],[10.64853,54.83099],[10.64996,54.83237],[10.65056,54.83372],[10.65014,54.83444],[10.65372,54.83784],[10.65415,54.84011],[10.65685,54.84322],[10.65658,54.84362],[10.65897,54.84549],[10.66003,54.84632],[10.66244,54.84674],[10.66686,54.847],[10.66751,54.84762],[10.66992,54.8479],[10.66905,54.84873],[10.66787,54.84832],[10.66357,54.85069],[10.66349,54.85121],[10.66344,54.85158],[10.66638,54.85726],[10.66639,54.86006],[10.66576,54.86219],[10.66673,54.86497],[10.66794,54.87043],[10.66865,54.87666],[10.67062,54.88075],[10.67155,54.8819],[10.67369,54.88288],[10.67521,54.88312],[10.67669,54.88296],[10.6762,54.88241],[10.67675,54.88192],[10.67836,54.8817],[10.68007,54.88248],[10.68254,54.88274],[10.6831,54.88189],[10.68268,54.88058],[10.68431,54.87842],[10.68574,54.87796],[10.68622,54.87747],[10.68589,54.87631],[10.69025,54.87667],[10.69041,54.87758],[10.68918,54.87853],[10.68855,54.88046],[10.68853,54.88052],[10.69105,54.88148],[10.69245,54.88236],[10.69266,54.88204],[10.69204,54.87881],[10.69095,54.87814],[10.69154,54.87725],[10.6913,54.876],[10.69017,54.87648],[10.6858,54.87612],[10.68606,54.87487],[10.6873,54.87431],[10.68849,54.87321],[10.68938,54.87304],[10.69075,54.87362],[10.69426,54.87339],[10.69496,54.87323],[10.6969,54.87299],[10.69795,54.87286],[10.70051,54.87191],[10.70155,54.87073],[10.70199,54.87047],[10.70212,54.8705],[10.70212,54.8705],[10.70314,54.87075],[10.70374,54.87273],[10.70334,54.87443],[10.70434,54.87583],[10.70589,54.87682],[10.70514,54.87818],[10.70392,54.87785],[10.70294,54.87787],[10.70177,54.87924],[10.70552,54.88016],[10.70823,54.88005],[10.70859,54.87979],[10.70549,54.87804],[10.70605,54.87692],[10.70869,54.87543],[10.70943,54.87541],[10.71069,54.87539],[10.71324,54.8756],[10.7173,54.87611],[10.71786,54.87627],[10.72009,54.87746],[10.72248,54.87693],[10.72707,54.87736],[10.72767,54.87758],[10.72777,54.8778],[10.72787,54.87781],[10.72782,54.87792],[10.72799,54.87828],[10.72739,54.87977],[10.72711,54.8799],[10.72707,54.88001],[10.72687,54.88001],[10.72636,54.88025],[10.7224,54.88014],[10.72239,54.88099],[10.72123,54.8819],[10.71995,54.88238],[10.71705,54.88453],[10.71578,54.88466],[10.71465,54.88443],[10.71461,54.88324],[10.71374,54.88367],[10.71539,54.8862],[10.71585,54.88769],[10.7157,54.88854],[10.71578,54.88875],[10.71561,54.88902],[10.71553,54.88946],[10.71415,54.89133],[10.71402,54.89138],[10.71205,54.89109],[10.7114,54.89136],[10.71159,54.89349],[10.71323,54.8936],[10.7147,54.8944],[10.71771,54.89419],[10.71828,54.89531],[10.7183,54.89535],[10.71831,54.89536],[10.71807,54.89533],[10.71676,54.89595],[10.70944,54.89658],[10.70717,54.89718],[10.70709,54.8973],[10.70689,54.89759],[10.70759,54.89891],[10.70679,54.90107],[10.70808,54.90274],[10.70789,54.90412],[10.7086,54.90591],[10.708,54.90674],[10.70682,54.90732],[10.70542,54.9073],[10.70406,54.90574],[10.70349,54.90459],[10.70109,54.90304],[10.7007,54.90186],[10.69963,54.90128],[10.69842,54.89792],[10.69775,54.89716],[10.69757,54.89718],[10.69729,54.89722],[10.69278,54.89875],[10.69192,54.89965],[10.69099,54.89995],[10.68914,54.89964],[10.68788,54.90058],[10.68636,54.90094],[10.68424,54.90026],[10.68383,54.89973],[10.68312,54.8994],[10.68165,54.89908],[10.68141,54.89841],[10.68162,54.89812],[10.68121,54.89787],[10.6803,54.89803],[10.68011,54.89806],[10.67941,54.89863],[10.67955,54.89969],[10.68024,54.90047],[10.67959,54.90131],[10.67896,54.90211],[10.67824,54.90235],[10.67659,54.90194],[10.67862,54.90093],[10.67649,54.90147],[10.67504,54.90421],[10.67454,54.90713],[10.67517,54.9103],[10.67575,54.91111],[10.67724,54.91205],[10.68113,54.91296],[10.68255,54.91373],[10.68303,54.9144],[10.68398,54.91573],[10.68339,54.91887],[10.68374,54.92134],[10.68465,54.92236],[10.68576,54.92361],[10.69073,54.92633],[10.69305,54.92853],[10.6946,54.92968],[10.69551,54.92996],[10.69823,54.93041],[10.69937,54.93112],[10.69938,54.93114],[10.70108,54.93458],[10.70196,54.93505],[10.70258,54.93612],[10.70288,54.93725],[10.70307,54.93747],[10.70326,54.9375],[10.70338,54.93779],[10.70402,54.93848],[10.70472,54.9381],[10.70479,54.93813],[10.70531,54.9379],[10.70551,54.93781],[10.70689,54.9387],[10.70761,54.93916],[10.70903,54.9396],[10.70905,54.93961],[10.70873,54.94014],[10.7094,54.94062],[10.71252,54.94165],[10.71392,54.94181],[10.71497,54.94221],[10.71562,54.94264],[10.71704,54.94356],[10.71739,54.94408],[10.71711,54.94446],[10.71722,54.9446],[10.71692,54.94473],[10.7168,54.94489],[10.71275,54.94592],[10.71262,54.94637],[10.71322,54.94663],[10.71833,54.94502]]]}},{"type":"Feature","properties":{"name":"Langeland"},"geometry":{"type":"Polygon","coordinates":[[[10.62849,54.90358],[10.62905,54.90365],[10.62971,54.90363],[10.62991,54.9036],[10.62992,54.90341],[10.62794,54.9035],[10.62803,54.90344],[10.62786,54.90344],[10.62691,54.9035],[10.62677,54.90342],[10.62646,54.90342],[10.62586,54.90309],[10.62542,54.90285],[10.62538,54.89842],[10.62538,54.89836],[10.62221,54.89519],[10.61931,54.89416],[10.6163,54.89163],[10.61335,54.88995],[10.61102,54.88953],[10.61071,54.8896],[10.60801,54.89069],[10.60693,54.89083],[10.60595,54.89059],[10.60148,54.897],[10.59661,54.89959],[10.59698,54.89998],[10.59785,54.8999],[10.59954,54.9005],[10.59993,54.90157],[10.59814,54.90249],[10.59626,54.90418],[10.59524,54.90406],[10.59516,54.90452],[10.59326,54.90538],[10.5911,54.90862],[10.59,54.91077],[10.59111,54.91473],[10.59458,54.91491],[10.5962,54.91545],[10.59684,54.91607],[10.60347,54.91719],[10.60527,54.91789],[10.61043,54.91892],[10.61481,54.91888],[10.61733,54.91851],[10.62181,54.91673],[10.62296,54.91585],[10.62261,54.91522],[10.6213,54.9137],[10.62062,54.91308],[10.62069,54.91082],[10.61968,54.91022],[10.62026,54.90751],[10.6238,54.90489],[10.6246,54.90371],[10.62849,54.90358]]]}},{"type":"Feature","properties":{"name":"Langeland"},"geometry":{"type":"Polygon","coordinates":[[[10.59038,54.84672],[10.59107,54.84735],[10.59136,54.84722],[10.59213,54.84452],[10.59496,54.84363],[10.59522,54.84362],[10.59585,54.84381],[10.59693,54.84403],[10.5971,54.84397],[10.59714,54.84388],[10.5973,54.84349],[10.59642,54.8421],[10.59388,54.84154],[10.59206,54.8428],[10.59044,54.84374],[10.59045,54.84552],[10.5817,54.85075],[10.58416,54.85032],[10.58811,54.84856],[10.58846,54.84763],[10.59038,54.84672]]]}},{"type":"Feature","properties":{"name":"Struer"},"geometry":{"type":"Polygon","coordinates":[[[8.4906,56.54177],[8.51648,56.53287],[8.52402,56.5433],[8.52517,56.54366],[8.53345,56.54723],[8.53972,56.55071],[8.54921,56.55722],[8.55188,56.55945],[8.55465,56.56222],[8.55793,56.56564],[8.5602,56.56914],[8.56053,56.56979],[8.5618,56.57278],[8.56206,56.57708],[8.56372,56.57935],[8.56605,56.58088],[8.56679,56.58067],[8.56568,56.57915],[8.56625,56.57773],[8.56662,56.57711],[8.56548,56.57633],[8.56596,56.5757],[8.56626,56.57379],[8.56568,56.57204],[8.56796,56.56588],[8.56727,56.56416],[8.56745,56.5623],[8.5676,56.56218],[8.56763,56.56193],[8.57001,56.55935],[8.57636,56.55445],[8.57754,56.55202],[8.57696,56.55007],[8.57563,56.54873],[8.57511,56.54886],[8.57463,56.54898],[8.574,56.54973],[8.57345,56.54966],[8.57334,56.54969],[8.57311,56.54961],[8.57298,56.54913],[8.57294,56.549],[8.57291,56.54835],[8.57317,56.54828],[8.57391,56.54806],[8.57316,56.54699],[8.57257,56.54579],[8.57349,56.54349],[8.57375,56.54336],[8.57375,56.54327],[8.57439,56.54302],[8.57807,56.54104],[8.58063,56.54024],[8.58537,56.53848],[8.58977,56.53462],[8.59098,56.53022],[8.59243,56.52806],[8.59331,56.52675],[8.59693,56.52317],[8.5999,56.52197],[8.60096,56.52112],[8.604,56.51985],[8.60971,56.51903],[8.61177,56.51805],[8.61402,56.51751],[8.61441,56.51707],[8.6136,56.51705],[8.61378,56.51695],[8.61349,56.5169],[8.61209,56.51739],[8.61171,56.51744],[8.6087,56.51838],[8.60393,56.51839],[8.6037,56.51834],[8.60056,56.51758],[8.59749,56.51594],[8.59646,56.51509],[8.59622,56.51497],[8.59538,56.51419],[8.59392,56.51234],[8.59292,56.51186],[8.59174,56.51024],[8.58845,56.50462],[8.58592,56.50269],[8.58352,56.50058],[8.58314,56.5],[8.58317,56.49992],[8.58295,56.49948],[8.58372,56.49624],[8.58439,56.49535],[8.5856,56.49463],[8.58144,56.49458],[8.58274,56.49646],[8.57923,56.50361],[8.57401,56.50543],[8.56768,56.50549],[8.55093,56.5025],[8.54333,56.49638],[8.54702,56.49251],[8.54208,56.48616],[8.52898,56.48706],[8.52881,56.48626],[8.52849,56.4847],[8.52385,56.48391],[8.52603,56.48278],[8.52605,56.48277],[8.52749,56.4823],[8.53041,56.48135],[8.54838,56.48329],[8.5508,56.48761],[8.54903,56.49099],[8.55283,56.49237],[8.55254,56.49513],[8.55242,56.49627],[8.55664,56.49646],[8.55715,56.49807],[8.57031,56.49377],[8.58578,56.49461],[8.58772,56.49568],[8.58764,56.49457],[8.58759,56.49394],[8.59026,56.49344],[8.5905,56.49401],[8.5889,56.49465],[8.58865,56.49475],[8.59103,56.49455],[8.59106,56.49462],[8.59298,56.49378],[8.59394,56.49294],[8.59561,56.49263],[8.59691,56.49256],[8.59695,56.49245],[8.59872,56.49246],[8.59862,56.49341],[8.60251,56.49327],[8.60266,56.49418],[8.59848,56.49433],[8.5982,56.49518],[8.59886,56.49572],[8.59964,56.49569],[8.60317,56.49555],[8.60404,56.49621],[8.60729,56.49866],[8.61126,56.50007],[8.61178,56.49995],[8.6112,56.49937],[8.61092,56.49772],[8.611,56.49673],[8.61193,56.49138],[8.61155,56.49034],[8.61295,56.48715],[8.61181,56.48518],[8.61182,56.48518],[8.61357,56.48303],[8.61359,56.48188],[8.61456,56.48051],[8.61543,56.4798],[8.61562,56.47951],[8.61597,56.47936],[8.61649,56.47894],[8.61922,56.47752],[8.62228,56.47658],[8.62253,56.47588],[8.62192,56.47468],[8.62236,56.47429],[8.62733,56.4723],[8.63402,56.47043],[8.63737,56.46939],[8.63738,56.46939],[8.64398,56.46784],[8.64795,56.46726],[8.64904,56.46704],[8.64965,56.46701],[8.6542,56.46682],[8.65842,56.46707],[8.67034,56.46821],[8.68027,56.47044],[8.68361,56.47103],[8.68848,56.47127],[8.69256,56.47239],[8.69444,56.47205],[8.69644,56.47222],[8.70179,56.47323],[8.70604,56.47467],[8.70966,56.47527],[8.71217,56.47602],[8.71241,56.4761],[8.70263,56.46895],[8.70543,56.45093],[8.69418,56.43194],[8.68174,56.413],[8.6739,56.4105],[8.67566,56.40598],[8.66361,56.39892],[8.65386,56.40605],[8.65181,56.40196],[8.62624,56.40574],[8.62371,56.41501],[8.60903,56.41854],[8.58499,56.42387],[8.58219,56.41462],[8.57634,56.41439],[8.57471,56.41077],[8.55258,56.4144],[8.55825,56.42192],[8.54712,56.42286],[8.50905,56.42083],[8.51297,56.41152],[8.50753,56.40113],[8.492,56.39739],[8.46891,56.40178],[8.45437,56.391],[8.44006,56.38734],[8.43168,56.38887],[8.43313,56.39904],[8.39381,56.40694],[8.41031,56.4324],[8.42996,56.42769],[8.43928,56.43597],[8.44986,56.43336],[8.45585,56.44203],[8.46262,56.44693],[8.456,56.4509],[8.45857,56.45619],[8.47041,56.45658],[8.48431,56.47718],[8.49707,56.49661],[8.49295,56.51707],[8.49734,56.52414],[8.49093,56.52473],[8.48259,56.53633],[8.4906,56.54177]]]}},{"type":"Feature","properties":{"name":"Struer"},"geometry":{"type":"Polygon","coordinates":[[[8.50141,56.61159],[8.49746,56.61952],[8.49746,56.61953],[8.49676,56.62186],[8.49375,56.62605],[8.4923,56.62747],[8.48914,56.62836],[8.48787,56.62943],[8.4831,56.63411],[8.47985,56.63471],[8.47854,56.63588],[8.47542,56.63746],[8.46913,56.63832],[8.46444,56.6431],[8.459,56.64732],[8.45899,56.64732],[8.45534,56.6495],[8.45253,56.65093],[8.45209,56.65109],[8.4456,56.65244],[8.44282,56.65367],[8.42635,56.66433],[8.42466,56.66499],[8.42144,56.66623],[8.41348,56.66837],[8.4041,56.67041],[8.40408,56.67041],[8.40526,56.67587],[8.40752,56.67511],[8.40919,56.67434],[8.4122,56.67495],[8.41424,56.67492],[8.41584,56.67405],[8.41526,56.67167],[8.41721,56.67103],[8.42045,56.67156],[8.42139,56.67273],[8.4217,56.67285],[8.42233,56.67297],[8.42457,56.67275],[8.42464,56.67238],[8.42382,56.6716],[8.42413,56.67101],[8.42481,56.66866],[8.42598,56.66827],[8.42565,56.67061],[8.42662,56.67122],[8.43101,56.67214],[8.43765,56.6758],[8.44021,56.6777],[8.44085,56.67865],[8.44408,56.68039],[8.44904,56.68159],[8.45431,56.68232],[8.46153,56.68431],[8.46955,56.68503],[8.48101,56.68382],[8.4848,56.68286],[8.48494,56.68275],[8.48511,56.68263],[8.48487,56.68257],[8.4834,56.68268],[8.48302,56.68242],[8.48348,56.68164],[8.48108,56.68153],[8.48103,56.68152],[8.4809,56.68156],[8.48038,56.68235],[8.47901,56.6825],[8.47809,56.68308],[8.47675,56.68284],[8.4754,56.6805],[8.47675,56.67931],[8.47622,56.67773],[8.47627,56.67722],[8.47641,56.67711],[8.47661,56.67646],[8.47844,56.67532],[8.47894,56.6745],[8.48104,56.67349],[8.48335,56.67197],[8.48622,56.67084],[8.48879,56.6705],[8.48925,56.67011],[8.48927,56.6701],[8.49289,56.66837],[8.49824,56.6666],[8.50251,56.6663],[8.50469,56.66692],[8.50678,56.66704],[8.50822,56.6681],[8.51285,56.66862],[8.51512,56.66955],[8.51803,56.67134],[8.51966,56.67279],[8.52038,56.67291],[8.52167,56.67251],[8.52289,56.67271],[8.52474,56.67399],[8.52777,56.67456],[8.52955,56.6766],[8.53238,56.67771],[8.53339,56.67914],[8.53426,56.68108],[8.53571,56.68187],[8.53701,56.68204],[8.53908,56.68335],[8.54057,56.68348],[8.54234,56.68292],[8.54967,56.68274],[8.55064,56.68296],[8.55126,56.68295],[8.55411,56.68521],[8.55571,56.68633],[8.55685,56.68826],[8.55965,56.68893],[8.5575,56.68811],[8.55715,56.6875],[8.558,56.68734],[8.56023,56.68806],[8.56249,56.6878],[8.56419,56.68736],[8.56672,56.68606],[8.56986,56.68538],[8.57394,56.68519],[8.57827,56.68707],[8.57939,56.68903],[8.57864,56.69041],[8.57922,56.69115],[8.58163,56.69144],[8.58277,56.69127],[8.58414,56.69323],[8.58432,56.69208],[8.58319,56.69013],[8.5832,56.68852],[8.58503,56.68537],[8.58834,56.68269],[8.58911,56.68103],[8.59113,56.67997],[8.58983,56.68025],[8.58843,56.68008],[8.5883,56.68001],[8.58392,56.67737],[8.58121,56.67472],[8.57847,56.67047],[8.57781,56.66815],[8.57714,56.66632],[8.5764,56.666],[8.57534,56.66445],[8.57579,56.66167],[8.57654,56.66032],[8.57532,56.65915],[8.5716,56.65757],[8.57074,56.65699],[8.57085,56.65569],[8.57009,56.65538],[8.56992,56.65466],[8.5714,56.65354],[8.57193,56.65255],[8.57311,56.65183],[8.57399,56.65106],[8.57538,56.64888],[8.58411,56.64211],[8.58441,56.64187],[8.58571,56.64125],[8.58782,56.64079],[8.5892,56.64087],[8.58926,56.64089],[8.59122,56.64137],[8.59364,56.63919],[8.59488,56.6393],[8.59561,56.6393],[8.59584,56.63939],[8.59768,56.63956],[8.59774,56.63961],[8.60046,56.64166],[8.60008,56.64235],[8.60093,56.64358],[8.60109,56.64382],[8.60037,56.64518],[8.59884,56.6465],[8.59681,56.64756],[8.59695,56.64825],[8.59857,56.64929],[8.59831,56.6501],[8.59841,56.65026],[8.59825,56.6503],[8.59816,56.65059],[8.59656,56.65139],[8.59297,56.65126],[8.58504,56.65329],[8.58636,56.65329],[8.58732,56.65439],[8.58808,56.65412],[8.58866,56.65427],[8.58931,56.65558],[8.58984,56.65668],[8.5893,56.65737],[8.59005,56.65854],[8.59108,56.65885],[8.59103,56.66037],[8.59143,56.66072],[8.5899,56.662],[8.59048,56.66228],[8.59156,56.66271],[8.59424,56.66334],[8.59698,56.66329],[8.59714,56.66245],[8.60051,56.66128],[8.60185,56.66114],[8.60223,56.66119],[8.60234,56.66115],[8.60286,56.66128],[8.60666,56.66184],[8.61186,56.66361],[8.61531,56.66283],[8.61942,56.66265],[8.62022,56.66101],[8.62209,56.65983],[8.62956,56.6591],[8.63034,56.65876],[8.63075,56.65874],[8.63636,56.65932],[8.63931,56.6605],[8.64053,56.66153],[8.64138,56.66155],[8.64212,56.66007],[8.64181,56.65918],[8.64024,56.65606],[8.6363,56.65201],[8.63586,56.65156],[8.63575,56.65144],[8.63495,56.65114],[8.63229,56.64983],[8.6295,56.64766],[8.62932,56.64677],[8.62911,56.64659],[8.62926,56.64646],[8.62916,56.646],[8.6304,56.64403],[8.63178,56.64325],[8.63407,56.64275],[8.63639,56.64019],[8.63632,56.63989],[8.63581,56.63773],[8.63373,56.63452],[8.63328,56.63337],[8.6318,56.6318],[8.63114,56.62883],[8.63193,56.6266],[8.63373,56.62381],[8.63665,56.62169],[8.63916,56.62056],[8.63656,56.62098],[8.63455,56.62162],[8.6308,56.62405],[8.629,56.62574],[8.62807,56.62748],[8.62709,56.62815],[8.6199,56.63107],[8.61482,56.63265],[8.61443,56.63367],[8.61335,56.63462],[8.61102,56.63576],[8.60559,56.63736],[8.60329,56.63796],[8.60182,56.63811],[8.59932,56.63836],[8.59734,56.63914],[8.59569,56.63889],[8.5933,56.63852],[8.59293,56.63778],[8.59272,56.63769],[8.59287,56.63766],[8.59278,56.63749],[8.59311,56.63682],[8.59393,56.63611],[8.59462,56.63601],[8.59487,56.63697],[8.5959,56.63666],[8.5961,56.63478],[8.59593,56.63177],[8.5967,56.62918],[8.59704,56.6242],[8.59658,56.62269],[8.59643,56.62015],[8.5932,56.61612],[8.59193,56.61305],[8.59205,56.61089],[8.59283,56.60932],[8.59218,56.60495],[8.59014,56.6022],[8.58758,56.60092],[8.57966,56.6004],[8.57454,56.6003],[8.5676,56.6007],[8.55148,56.60037],[8.54983,56.60025],[8.54953,56.60018],[8.54774,56.60001],[8.54164,56.59888],[8.53636,56.59707],[8.53592,56.59681],[8.53571,56.59675],[8.53469,56.59607],[8.5313,56.59404],[8.53043,56.59321],[8.52976,56.59158],[8.52954,56.58864],[8.53043,56.58743],[8.53436,56.58739],[8.53462,56.587],[8.53179,56.58713],[8.53121,56.58654],[8.53517,56.58522],[8.53813,56.58357],[8.54224,56.58329],[8.54266,56.58446],[8.53547,56.58677],[8.53612,56.58698],[8.53787,56.5866],[8.54365,56.58479],[8.54636,56.58346],[8.54869,56.58286],[8.55011,56.58243],[8.55293,56.5808],[8.55623,56.58003],[8.55712,56.57926],[8.55504,56.57874],[8.55345,56.57793],[8.54933,56.57716],[8.544,56.5773],[8.54028,56.57804],[8.53726,56.57923],[8.52861,56.58083],[8.5279,56.5813],[8.52727,56.58293],[8.52228,56.58721],[8.51979,56.58842],[8.51628,56.58888],[8.51533,56.58914],[8.51497,56.58934],[8.51475,56.58995],[8.51466,56.59237],[8.51354,56.59573],[8.51149,56.59967],[8.51127,56.59983],[8.51119,56.60004],[8.51015,56.60063],[8.5095,56.60112],[8.5044,56.60341],[8.50219,56.6052],[8.50141,56.61159]]]}},{"type":"Feature","properties":{"name":"Struer"},"geometry":{"type":"Polygon","coordinates":[[[8.61407,56.5507],[8.61259,56.55058],[8.61271,56.55104],[8.61292,56.55182],[8.61197,56.55277],[8.61183,56.55392],[8.6207,56.56331],[8.62612,56.56824],[8.62864,56.57117],[8.63066,56.57445],[8.63906,56.58102],[8.64101,56.58179],[8.64602,56.58176],[8.64678,56.5813],[8.65884,56.58281],[8.66433,56.58071],[8.6715,56.58305],[8.66903,56.58115],[8.66799,56.58069],[8.66181,56.57888],[8.66124,56.57898],[8.66145,56.58105],[8.66133,56.58107],[8.66126,56.58116],[8.65589,56.58181],[8.65397,56.58153],[8.65192,56.57977],[8.65065,56.57803],[8.6506,56.57741],[8.64948,56.5775],[8.64885,56.57862],[8.64789,56.5792],[8.6459,56.57927],[8.64565,56.57938],[8.64531,56.5793],[8.64272,56.57941],[8.64191,56.57925],[8.64126,56.57913],[8.63997,56.57827],[8.63981,56.57795],[8.63963,56.57791],[8.6397,56.57771],[8.63896,56.57615],[8.6394,56.57463],[8.64134,56.57296],[8.65096,56.57034],[8.6514,56.57051],[8.65401,56.57123],[8.65513,56.57194],[8.65571,56.57216],[8.65586,56.57239],[8.65636,56.57271],[8.65905,56.57626],[8.65936,56.57789],[8.66129,56.57804],[8.65996,56.57608],[8.65655,56.57165],[8.65178,56.56819],[8.64449,56.56419],[8.64261,56.56256],[8.63847,56.55964],[8.63709,56.55726],[8.63462,56.55538],[8.63396,56.55449],[8.63306,56.55328],[8.63264,56.55161],[8.63033,56.54534],[8.63016,56.54222],[8.63015,56.5419],[8.63117,56.53909],[8.63207,56.53813],[8.63224,56.5378],[8.63255,56.53762],[8.63294,56.53721],[8.63438,56.53637],[8.63557,56.53616],[8.63606,56.53555],[8.6359,56.52839],[8.63607,56.5249],[8.63546,56.52428],[8.63521,56.52292],[8.63411,56.52235],[8.63292,56.5211],[8.62863,56.5193],[8.61953,56.51461],[8.61797,56.51463],[8.61628,56.51568],[8.61722,56.51563],[8.61748,56.5161],[8.61683,56.51621],[8.61872,56.5168],[8.6212,56.51767],[8.626,56.52022],[8.62622,56.52134],[8.62806,56.52252],[8.62908,56.52356],[8.6296,56.52489],[8.6296,56.52508],[8.62813,56.52674],[8.62717,56.5304],[8.62571,56.5316],[8.62193,56.53298],[8.62091,56.53431],[8.62086,56.5359],[8.61953,56.53727],[8.61931,56.53764],[8.62115,56.54195],[8.61922,56.54702],[8.61714,56.54969],[8.61604,56.55077],[8.61619,56.55084],[8.61548,56.55134],[8.61499,56.55127],[8.61501,56.55118],[8.61407,56.5507]]]}},{"type":"Feature","properties":{"name":"Furesø"},"geometry":{"type":"Polygon","coordinates":[[[12.33664,55.80225],[12.32619,55.81236],[12.31416,55.82428],[12.35488,55.83792],[12.36088,55.84992],[12.36844,55.8515],[12.39278,55.83963],[12.39747,55.83048],[12.40926,55.82795],[12.40869,55.82592],[12.41963,55.82653],[12.42587,55.81258],[12.41213,55.80152],[12.41647,55.79514],[12.41902,55.79312],[12.41504,55.78357],[12.41328,55.77568],[12.41642,55.77455],[12.43895,55.77672],[12.42535,55.77188],[12.4193,55.77298],[12.41693,55.76117],[12.41618,55.75299],[12.40757,55.75264],[12.39511,55.75986],[12.39429,55.7583],[12.38028,55.76119],[12.37666,55.75647],[12.3581,55.75414],[12.34882,55.75688],[12.33845,55.75683],[12.3334,55.75983],[12.31261,55.75999],[12.30003,55.76345],[12.29486,55.77907],[12.30844,55.77703],[12.31727,55.78669],[12.30467,55.79288],[12.32847,55.79378],[12.33664,55.80225]]]}},{"type":"Feature","properties":{"name":"Silkeborg"},"geometry":{"type":"Polygon","coordinates":[[[9.29754,56.31222],[9.29396,56.31753],[9.30837,56.32484],[9.29841,56.33104],[9.30792,56.33272],[9.32645,56.34359],[9.33903,56.34143],[9.3753,56.34481],[9.37173,56.34876],[9.37851,56.34672],[9.36572,56.35752],[9.36934,56.36084],[9.40367,56.34964],[9.43833,56.36955],[9.44915,56.36475],[9.48093,56.35256],[9.48146,56.3469],[9.46073,56.34209],[9.4721,56.32387],[9.48139,56.32467],[9.48909,56.31318],[9.50816,56.30849],[9.51317,56.31558],[9.54715,56.31322],[9.55669,56.31754],[9.58521,56.31974],[9.60601,56.30702],[9.63872,56.31456],[9.66078,56.31518],[9.67584,56.31039],[9.67882,56.29974],[9.70051,56.30225],[9.71964,56.29602],[9.72793,56.29303],[9.74837,56.29566],[9.75123,56.29482],[9.75338,56.29219],[9.75217,56.29077],[9.75414,56.29043],[9.75662,56.29161],[9.76527,56.28912],[9.7661,56.29028],[9.76917,56.28981],[9.77658,56.29223],[9.77466,56.28174],[9.78076,56.27111],[9.75727,56.26772],[9.75472,56.26422],[9.75843,56.2601],[9.77069,56.26265],[9.78424,56.25443],[9.7849,56.24948],[9.79124,56.24949],[9.76955,56.23745],[9.78032,56.23921],[9.7869,56.23394],[9.77664,56.22016],[9.78309,56.21522],[9.76802,56.21192],[9.7715,56.20297],[9.75894,56.19776],[9.77301,56.19135],[9.77807,56.19684],[9.78261,56.19676],[9.78976,56.19538],[9.79117,56.19145],[9.80539,56.18868],[9.83663,56.19283],[9.85666,56.18967],[9.85881,56.18939],[9.85828,56.16872],[9.84152,56.17098],[9.81569,56.16454],[9.7803,56.16397],[9.7586,56.15918],[9.74561,56.15859],[9.75211,56.15149],[9.74609,56.15084],[9.75126,56.13804],[9.74653,56.1361],[9.73179,56.1328],[9.72792,56.12657],[9.71172,56.12009],[9.69619,56.11382],[9.65213,56.12168],[9.63314,56.10617],[9.63572,56.08911],[9.64398,56.08147],[9.64049,56.06459],[9.60635,56.07007],[9.58052,56.06263],[9.58251,56.04783],[9.58917,56.0484],[9.60847,56.03423],[9.60194,56.02509],[9.60422,56.01012],[9.59201,56.0108],[9.58231,56.00241],[9.56809,56.01],[9.53797,56.01389],[9.53969,56.00273],[9.52593,56.00807],[9.50311,56.00818],[9.48981,55.99527],[9.47878,55.99815],[9.46235,55.99398],[9.46029,55.99614],[9.43599,56.00479],[9.41822,56.02865],[9.40439,56.02921],[9.38787,56.0221],[9.38405,56.02513],[9.34523,56.0271],[9.34796,56.0539],[9.30814,56.07614],[9.3187,56.08923],[9.31776,56.10003],[9.33273,56.09648],[9.34572,56.09822],[9.38174,56.08834],[9.39734,56.08775],[9.39804,56.09207],[9.41887,56.09485],[9.42029,56.09809],[9.41122,56.10492],[9.40902,56.12264],[9.40378,56.12906],[9.42264,56.13674],[9.39326,56.14512],[9.38633,56.15167],[9.39094,56.17296],[9.37173,56.1735],[9.35844,56.18157],[9.36809,56.18727],[9.36623,56.19332],[9.34972,56.19038],[9.35128,56.19324],[9.32197,56.19986],[9.32675,56.20947],[9.3146,56.20645],[9.28137,56.20765],[9.27974,56.20515],[9.23242,56.22575],[9.22224,56.23391],[9.22253,56.2576],[9.23109,56.27231],[9.24955,56.27308],[9.23095,56.28196],[9.249,56.28303],[9.2525,56.2795],[9.2619,56.28395],[9.2562,56.28992],[9.27759,56.30704],[9.29754,56.31222]]]}},{"type":"Feature","properties":{"name":"Solrød"},"geometry":{"type":"Polygon","coordinates":[[[12.18329,55.55687],[12.18205,55.56282],[12.18986,55.5658],[12.20189,55.56567],[12.21765,55.55809],[12.22873,55.55828],[12.24795,55.5535],[12.25502,55.5536],[12.25463,55.55337],[12.24534,55.54707],[12.24012,55.54227],[12.23457,55.53718],[12.2307,55.53279],[12.22449,55.52364],[12.22448,55.52364],[12.21841,55.51276],[12.21605,55.50891],[12.21468,55.508],[12.21313,55.50782],[12.21327,55.50879],[12.21441,55.50878],[12.21471,55.50997],[12.2147,55.51216],[12.21671,55.51323],[12.21689,55.51467],[12.21626,55.51567],[12.21552,55.51573],[12.21539,55.51562],[12.21435,55.51476],[12.21375,55.5131],[12.21331,55.51286],[12.21031,55.51118],[12.20908,55.50999],[12.20894,55.50872],[12.20894,55.50872],[12.19573,55.51348],[12.18308,55.50962],[12.16579,55.51226],[12.14957,55.51412],[12.13712,55.51321],[12.11216,55.52298],[12.11031,55.52597],[12.104,55.52696],[12.10132,55.52538],[12.09613,55.52542],[12.09372,55.52763],[12.1058,55.5388],[12.11034,55.5553],[12.11039,55.5553],[12.13537,55.55048],[12.14898,55.56525],[12.17367,55.55462],[12.18092,55.55413],[12.18329,55.55687]]]}},{"type":"Feature","properties":{"name":"Hørsholm"},"geometry":{"type":"Polygon","coordinates":[[[12.47328,55.90115],[12.47922,55.90208],[12.48522,55.904],[12.48624,55.90236],[12.49423,55.90244],[12.51088,55.90545],[12.5151,55.91163],[12.52287,55.9134],[12.52354,55.91287],[12.52582,55.91036],[12.52762,55.90668],[12.5328,55.90059],[12.53582,55.8974],[12.53873,55.89243],[12.54285,55.88731],[12.5446,55.88609],[12.54712,55.8861],[12.54712,55.88618],[12.54752,55.88624],[12.54749,55.88609],[12.54804,55.88609],[12.54859,55.88592],[12.54849,55.88514],[12.54648,55.88519],[12.54428,55.88437],[12.54554,55.88299],[12.54868,55.88357],[12.54829,55.88306],[12.5455,55.88233],[12.54566,55.88164],[12.54933,55.87648],[12.55273,55.87357],[12.55499,55.87081],[12.5597,55.86621],[12.56221,55.86268],[12.56223,55.86265],[12.54438,55.86198],[12.54047,55.85703],[12.53681,55.85876],[12.53837,55.86252],[12.51187,55.86603],[12.49824,55.8647],[12.49726,55.87494],[12.49235,55.87387],[12.49271,55.8772],[12.47989,55.87493],[12.46842,55.87812],[12.4705,55.87454],[12.46045,55.86744],[12.4417,55.86521],[12.42674,55.86741],[12.39812,55.8775],[12.40344,55.87948],[12.40233,55.88687],[12.39755,55.88704],[12.40896,55.89],[12.41182,55.89421],[12.42369,55.88904],[12.43727,55.89659],[12.45046,55.89384],[12.45235,55.89674],[12.46277,55.89511],[12.46358,55.89904],[12.47328,55.90115]]]}},{"type":"Feature","properties":{"name":"Fredensborg"},"geometry":{"type":"Polygon","coordinates":[[[12.36835,55.98194],[12.37758,56.00163],[12.38962,56.0143],[12.41067,56.01104],[12.42937,55.99865],[12.44248,56.00423],[12.47437,56.00589],[12.47029,55.99294],[12.47991,55.98229],[12.4906,55.9886],[12.50225,55.98413],[12.50813,55.98416],[12.51162,55.98701],[12.52023,55.98627],[12.52325,55.98229],[12.51929,55.97707],[12.52222,55.97578],[12.53444,55.97998],[12.54453,55.97953],[12.54863,55.97698],[12.54781,55.97628],[12.54546,55.97259],[12.54514,55.97087],[12.54694,55.97135],[12.54774,55.97149],[12.54429,55.96865],[12.54184,55.96319],[12.53711,55.95712],[12.5366,55.95599],[12.53584,55.95479],[12.53597,55.95471],[12.53572,55.95425],[12.53583,55.95398],[12.53526,55.95339],[12.53177,55.94981],[12.53155,55.94933],[12.53076,55.94824],[12.52996,55.94616],[12.52712,55.94273],[12.52708,55.9421],[12.52822,55.94164],[12.5279,55.94023],[12.5278,55.94018],[12.52776,55.94017],[12.52748,55.94011],[12.52744,55.9401],[12.52684,55.9398],[12.52433,55.94004],[12.52378,55.94003],[12.52377,55.93996],[12.52361,55.93989],[12.52374,55.93891],[12.52393,55.93888],[12.52538,55.93861],[12.5254,55.93864],[12.52562,55.93861],[12.52562,55.93856],[12.52612,55.93847],[12.52792,55.9389],[12.52865,55.9397],[12.52967,55.93947],[12.52799,55.93783],[12.52743,55.93748],[12.52712,55.93711],[12.52691,55.93672],[12.52706,55.93662],[12.52696,55.93592],[12.52603,55.93605],[12.52416,55.93595],[12.52389,55.9358],[12.52377,55.9358],[12.52369,55.93568],[12.52281,55.93516],[12.52216,55.93398],[12.52142,55.93182],[12.52227,55.92971],[12.52338,55.92957],[12.5231,55.92881],[12.52257,55.92789],[12.51971,55.92763],[12.51834,55.92618],[12.51824,55.92327],[12.51742,55.92206],[12.5183,55.91887],[12.51846,55.91829],[12.51984,55.91659],[12.52075,55.91621],[12.52282,55.91343],[12.52287,55.9134],[12.5151,55.91163],[12.51088,55.90545],[12.49423,55.90244],[12.48624,55.90236],[12.48522,55.904],[12.47922,55.90208],[12.47328,55.90115],[12.46358,55.89904],[12.46277,55.89511],[12.45235,55.89674],[12.45046,55.89384],[12.43727,55.89659],[12.42369,55.88904],[12.41182,55.89421],[12.40896,55.89],[12.39755,55.88704],[12.38854,55.89696],[12.38174,55.8966],[12.37312,55.89917],[12.39469,55.91109],[12.37031,55.92735],[12.3744,55.92883],[12.36706,55.94039],[12.3562,55.94186],[12.34609,55.94894],[12.36358,55.95385],[12.35791,55.96816],[12.36748,55.97126],[12.36835,55.98194]]]}},{"type":"Feature","properties":{"name":"Århus"},"geometry":{"type":"Polygon","coordinates":[[[9.99682,56.17872],[9.99052,56.18058],[9.98882,56.18339],[9.99341,56.1859],[9.98241,56.1941],[9.98798,56.19567],[9.99091,56.20557],[9.99995,56.20746],[9.99722,56.21546],[10.0029,56.21469],[10.00264,56.21675],[10.02239,56.22308],[10.03369,56.22234],[10.02836,56.2318],[10.04302,56.22994],[10.04583,56.22474],[10.06551,56.2257],[10.06642,56.22617],[10.07163,56.22332],[10.07267,56.22771],[10.07745,56.22835],[10.08351,56.22287],[10.10462,56.2202],[10.11651,56.21597],[10.12861,56.2211],[10.12249,56.22465],[10.12581,56.24162],[10.12408,56.24822],[10.12666,56.26238],[10.13253,56.26189],[10.13529,56.26756],[10.12978,56.27884],[10.12543,56.2808],[10.13234,56.30551],[10.14996,56.30877],[10.16445,56.30449],[10.16229,56.30158],[10.16613,56.29823],[10.18821,56.30975],[10.1916,56.31392],[10.18799,56.31846],[10.19789,56.32434],[10.21212,56.32946],[10.22134,56.32933],[10.2286,56.32292],[10.23423,56.31837],[10.257,56.31503],[10.265,56.31682],[10.27626,56.31561],[10.26054,56.28009],[10.27905,56.2844],[10.28306,56.28944],[10.3172,56.29736],[10.31706,56.29349],[10.3369,56.28643],[10.38131,56.28561],[10.38121,56.28549],[10.38128,56.28544],[10.38368,56.28315],[10.38465,56.28235],[10.38878,56.27949],[10.38922,56.27823],[10.383,56.27423],[10.37893,56.27108],[10.37578,56.26973],[10.3731,56.26958],[10.37057,56.26984],[10.37053,56.2704],[10.36774,56.27196],[10.36731,56.272],[10.3672,56.27208],[10.36679,56.27208],[10.36652,56.27208],[10.36456,56.27227],[10.36149,56.27183],[10.35671,56.2679],[10.34946,56.26408],[10.34567,56.26278],[10.34415,56.26101],[10.34402,56.26036],[10.34524,56.25834],[10.34718,56.25709],[10.34799,56.25444],[10.34664,56.25197],[10.35244,56.24821],[10.35297,56.24787],[10.35281,56.24777],[10.34862,56.24641],[10.34451,56.24508],[10.34355,56.2433],[10.34305,56.24357],[10.34152,56.24438],[10.3394,56.24567],[10.33932,56.24576],[10.33917,56.24593],[10.3389,56.24598],[10.33865,56.24259],[10.33865,56.24256],[10.33865,56.24251],[10.34146,56.24189],[10.34106,56.241],[10.33957,56.23857],[10.33918,56.23604],[10.33713,56.23467],[10.33049,56.23164],[10.32613,56.23017],[10.31678,56.2292],[10.31575,56.22896],[10.31507,56.22888],[10.3144,56.22865],[10.31279,56.22827],[10.3058,56.22559],[10.30288,56.22388],[10.2972,56.21784],[10.29466,56.21673],[10.29466,56.21673],[10.29336,56.21592],[10.29142,56.21379],[10.29121,56.21196],[10.28978,56.21178],[10.2894,56.21092],[10.28866,56.21],[10.28787,56.2095],[10.2874,56.20931],[10.28634,56.20902],[10.28707,56.20763],[10.2867,56.20728],[10.28657,56.20717],[10.28483,56.20553],[10.28483,56.20409],[10.28071,56.19991],[10.27378,56.19888],[10.26436,56.19677],[10.25857,56.19463],[10.24977,56.19064],[10.24239,56.1867],[10.23787,56.18342],[10.23527,56.18074],[10.23527,56.18073],[10.22977,56.17531],[10.22418,56.17083],[10.22311,56.16956],[10.22311,56.16956],[10.22157,56.1677],[10.22121,56.16726],[10.21845,56.16393],[10.21904,56.16359],[10.22441,56.16648],[10.22703,56.16829],[10.23238,56.1654],[10.22898,56.16224],[10.22888,56.16215],[10.22609,56.16147],[10.22268,56.15971],[10.2209,56.15879],[10.21915,56.15788],[10.21851,56.15755],[10.21525,56.15903],[10.21434,56.15628],[10.21342,56.15437],[10.21344,56.15258],[10.21473,56.15206],[10.21608,56.15269],[10.22047,56.15707],[10.22205,56.15663],[10.22201,56.15597],[10.22199,56.1558],[10.22196,56.15537],[10.21899,56.15151],[10.21606,56.15095],[10.21567,56.15076],[10.2146,56.14894],[10.21634,56.14821],[10.21965,56.14991],[10.22198,56.15257],[10.22662,56.15787],[10.22799,56.15767],[10.22824,56.15575],[10.22807,56.15558],[10.22834,56.15494],[10.22427,56.15033],[10.22321,56.1464],[10.21809,56.14224],[10.21932,56.14165],[10.21933,56.14165],[10.23197,56.14657],[10.23281,56.14471],[10.23348,56.14495],[10.24194,56.14886],[10.24505,56.15197],[10.24535,56.15217],[10.24071,56.1544],[10.24593,56.15785],[10.24658,56.15827],[10.25088,56.15404],[10.24802,56.15247],[10.25116,56.14958],[10.23002,56.14046],[10.22746,56.1394],[10.22184,56.13986],[10.22182,56.13985],[10.21908,56.13896],[10.21648,56.13875],[10.21368,56.13917],[10.21132,56.13725],[10.21114,56.13723],[10.20937,56.13567],[10.21034,56.13443],[10.21334,56.13114],[10.21434,56.1285],[10.21499,56.12782],[10.21542,56.12722],[10.21579,56.127],[10.21717,56.12558],[10.22091,56.12322],[10.22751,56.1203],[10.22773,56.11995],[10.22857,56.1186],[10.22902,56.11669],[10.22962,56.11524],[10.23628,56.10919],[10.23678,56.10641],[10.23805,56.10242],[10.23943,56.1007],[10.24035,56.09954],[10.24289,56.09797],[10.2438,56.09779],[10.2454,56.09535],[10.24831,56.09337],[10.24904,56.09156],[10.24937,56.08544],[10.24937,56.08543],[10.24943,56.08401],[10.24943,56.08401],[10.25052,56.08222],[10.25335,56.08085],[10.25362,56.07449],[10.25403,56.07377],[10.25514,56.07318],[10.25681,56.06923],[10.25809,56.06806],[10.25973,56.06163],[10.26132,56.05836],[10.26346,56.05601],[10.26774,56.05268],[10.27114,56.04815],[10.27121,56.04073],[10.27091,56.03959],[10.26877,56.03145],[10.2678,56.02958],[10.26632,56.02843],[10.26573,56.02609],[10.26689,56.02485],[10.2675,56.02453],[10.26538,56.02382],[10.26402,56.02382],[10.26316,56.02369],[10.26341,56.02395],[10.26337,56.0241],[10.26334,56.02423],[10.26266,56.02434],[10.26264,56.02434],[10.2615,56.02296],[10.26107,56.02243],[10.26067,56.02244],[10.26057,56.02262],[10.26027,56.02259],[10.25623,56.02131],[10.25535,56.02462],[10.25486,56.02644],[10.24489,56.0247],[10.22775,56.01254],[10.22684,56.01216],[10.22323,56.01068],[10.2167,56.01105],[10.20624,56.0105],[10.20158,56.00651],[10.19537,56.00604],[10.19209,56.0106],[10.19545,56.0185],[10.19063,56.01867],[10.16493,56.01933],[10.16343,56.01586],[10.15606,56.0222],[10.15757,56.01836],[10.1506,56.0193],[10.15074,56.01413],[10.14586,56.01204],[10.13948,56.00168],[10.1312,56.00435],[10.10936,56.00614],[10.10963,56.00978],[10.1037,56.01008],[10.10345,56.00784],[10.10123,56.00782],[10.1015,56.00861],[10.09891,56.01196],[10.0926,56.0093],[10.0911,56.00615],[10.09209,56.00441],[10.08904,56.00422],[10.08363,56.00418],[10.07726,56.00268],[10.07129,56.00213],[10.07113,56.00156],[10.05221,55.99573],[10.04074,55.99661],[10.03917,55.99961],[10.03087,56.0003],[10.02885,56.00965],[10.04795,56.01257],[10.05861,56.03107],[10.05891,56.0319],[10.05091,56.03632],[10.04805,56.04262],[10.05684,56.0455],[10.0709,56.04711],[10.07449,56.05571],[10.08315,56.05854],[10.08477,56.06461],[10.08957,56.06406],[10.09293,56.07039],[10.08353,56.07611],[10.07625,56.07724],[10.07194,56.08385],[10.0604,56.08624],[10.06043,56.08897],[10.04224,56.1043],[10.02398,56.10415],[10.01948,56.1012],[10.0191,56.1054],[10.01253,56.10731],[10.00832,56.11242],[9.99635,56.11385],[9.99003,56.10828],[9.98011,56.11074],[9.98186,56.11323],[9.97465,56.11559],[9.9775,56.12098],[9.97393,56.1279],[9.96625,56.12954],[9.95809,56.13031],[9.95515,56.14064],[9.94856,56.14444],[9.96438,56.15204],[9.97254,56.15259],[9.9745,56.15943],[9.95988,56.17282],[9.99682,56.17872]]]}},{"type":"Feature","properties":{"name":"Middelfart"},"geometry":{"type":"Polygon","coordinates":[[[9.70106,55.351],[9.69906,55.35116],[9.69735,55.35163],[9.69473,55.35329],[9.68746,55.3562],[9.68724,55.35694],[9.68793,55.35767],[9.69219,55.36056],[9.69727,55.36342],[9.69764,55.36355],[9.69946,55.36413],[9.70304,55.36469],[9.70689,55.36485],[9.70949,55.36459],[9.71303,55.36336],[9.71314,55.36332],[9.71514,55.36221],[9.72142,55.35727],[9.72018,55.3559],[9.71958,55.35544],[9.71909,55.35537],[9.71388,55.35508],[9.70438,55.35137],[9.70106,55.351]]]}},{"type":"Feature","properties":{"name":"Middelfart"},"geometry":{"type":"Polygon","coordinates":[[[9.74787,55.47188],[9.74587,55.47258],[9.74186,55.47332],[9.74054,55.47454],[9.74083,55.47559],[9.73972,55.47713],[9.73583,55.47897],[9.73432,55.48113],[9.7325,55.48623],[9.73104,55.48891],[9.73081,55.48914],[9.73005,55.48963],[9.72911,55.49025],[9.73008,55.49059],[9.73019,55.49091],[9.7301,55.49204],[9.72948,55.49233],[9.72944,55.49271],[9.72941,55.49299],[9.72879,55.49348],[9.72693,55.49391],[9.72652,55.49409],[9.72495,55.49427],[9.71722,55.49443],[9.70929,55.49381],[9.70425,55.49406],[9.70174,55.4945],[9.70039,55.49784],[9.69909,55.49946],[9.69751,55.50062],[9.69609,55.5013],[9.69486,55.50188],[9.69066,55.50261],[9.68771,55.50363],[9.68436,55.50582],[9.68397,55.50592],[9.68149,55.5069],[9.68029,55.51027],[9.6776,55.51216],[9.67712,55.51332],[9.67744,55.51407],[9.67814,55.5157],[9.67973,55.51692],[9.68303,55.5183],[9.68366,55.51846],[9.68473,55.51872],[9.69431,55.51848],[9.69741,55.51809],[9.70443,55.51482],[9.711,55.51219],[9.71279,55.51129],[9.71997,55.50893],[9.72302,55.50821],[9.72572,55.50756],[9.72659,55.50744],[9.72911,55.50692],[9.73282,55.50628],[9.73363,55.50627],[9.73578,55.50595],[9.73649,55.50584],[9.73857,55.50553],[9.73899,55.50589],[9.73909,55.50627],[9.74281,55.50718],[9.74357,55.50722],[9.74362,55.50715],[9.74445,55.50727],[9.74571,55.50648],[9.75013,55.50782],[9.75287,55.50901],[9.75577,55.51149],[9.75577,55.51149],[9.75711,55.51291],[9.75793,55.51448],[9.75794,55.51472],[9.75795,55.51549],[9.75708,55.51694],[9.76301,55.52165],[9.76496,55.52225],[9.76613,55.52319],[9.76782,55.52536],[9.76759,55.52661],[9.76959,55.53062],[9.76919,55.53325],[9.7687,55.53391],[9.76866,55.5341],[9.76841,55.53431],[9.76736,55.5357],[9.7651,55.53719],[9.76326,55.53787],[9.76386,55.53823],[9.76204,55.53923],[9.76021,55.54062],[9.75981,55.54117],[9.75951,55.54138],[9.75753,55.54214],[9.75654,55.54283],[9.75735,55.54332],[9.76045,55.54407],[9.76519,55.54429],[9.78053,55.54258],[9.78363,55.54285],[9.78876,55.54441],[9.79033,55.54488],[9.79681,55.54891],[9.80653,55.55214],[9.81094,55.5523],[9.82779,55.55457],[9.83452,55.55481],[9.83622,55.55455],[9.84505,55.55219],[9.84842,55.55062],[9.8506,55.54843],[9.85213,55.54541],[9.85207,55.54461],[9.85227,55.54241],[9.8515,55.54078],[9.85149,55.54075],[9.85015,55.53509],[9.84953,55.53205],[9.84995,55.53024],[9.84903,55.5263],[9.84936,55.5251],[9.85006,55.52446],[9.85282,55.52135],[9.85676,55.51826],[9.86171,55.51519],[9.8657,55.51359],[9.86571,55.51359],[9.87151,55.51202],[9.87198,55.51196],[9.872,55.51196],[9.88036,55.51083],[9.88233,55.5108],[9.88355,55.51112],[9.88672,55.51052],[9.89579,55.50975],[9.9166,55.50918],[9.92369,55.5095],[9.93326,55.51039],[9.93628,55.51083],[9.93975,55.51178],[9.94029,55.51199],[9.94244,55.51287],[9.94709,55.51421],[9.95141,55.51631],[9.95187,55.51723],[9.95745,55.51945],[9.97246,55.52611],[9.97851,55.52928],[9.97888,55.53028],[9.98105,55.5301],[9.98126,55.53019],[9.98126,55.53019],[9.98671,55.52472],[9.98565,55.51586],[10.00411,55.50764],[10.02972,55.50353],[10.02901,55.49646],[10.04183,55.49159],[10.02882,55.48403],[10.04336,55.48059],[10.0667,55.45467],[10.06768,55.45224],[10.0694,55.44694],[10.07466,55.44604],[10.07894,55.44143],[10.07726,55.43845],[10.08539,55.43627],[10.09055,55.43303],[10.08987,55.43195],[10.06556,55.43172],[10.03883,55.42627],[10.03558,55.4215],[10.01547,55.42832],[10.00658,55.42513],[9.98904,55.43136],[9.989,55.42332],[9.99749,55.41797],[9.99275,55.41035],[10.00411,55.40277],[10.00359,55.38814],[9.98991,55.38272],[9.9795,55.38339],[9.97524,55.37727],[9.94321,55.383],[9.9423,55.38111],[9.94228,55.381],[9.94249,55.38021],[9.94258,55.38002],[9.94429,55.375],[9.94438,55.37488],[9.94467,55.37402],[9.94494,55.37327],[9.94431,55.37195],[9.94417,55.372],[9.94406,55.37203],[9.94393,55.37206],[9.94374,55.37211],[9.94296,55.37224],[9.94282,55.37226],[9.94064,55.37235],[9.94034,55.37238],[9.93858,55.37068],[9.93826,55.36958],[9.93556,55.36949],[9.93551,55.36941],[9.93537,55.36841],[9.93536,55.36835],[9.9353,55.36814],[9.93524,55.36762],[9.93518,55.36751],[9.9346,55.36697],[9.93209,55.35832],[9.92392,55.35479],[9.89855,55.33994],[9.89792,55.34069],[9.89346,55.34148],[9.8904,55.34302],[9.88879,55.34347],[9.88739,55.34348],[9.88633,55.34305],[9.88242,55.34301],[9.88094,55.34357],[9.87395,55.35129],[9.87358,55.35238],[9.87287,55.35447],[9.87517,55.356],[9.8754,55.35696],[9.87529,55.35705],[9.87524,55.35709],[9.87419,55.3579],[9.87161,55.3573],[9.87121,55.35698],[9.87021,55.35617],[9.86949,55.35444],[9.86947,55.35366],[9.86921,55.35322],[9.86892,55.35293],[9.86208,55.35108],[9.86745,55.3512],[9.87089,55.35063],[9.87331,55.34958],[9.85847,55.35032],[9.84976,55.3502],[9.84001,55.35045],[9.82954,55.352],[9.81926,55.35541],[9.81212,55.35732],[9.80886,55.35829],[9.80163,55.36093],[9.79607,55.36222],[9.78839,55.36341],[9.7867,55.36372],[9.78528,55.36556],[9.78519,55.36668],[9.78634,55.37212],[9.78763,55.37404],[9.78967,55.37518],[9.7913,55.37548],[9.79947,55.37499],[9.80478,55.37612],[9.81165,55.3757],[9.81483,55.37609],[9.81902,55.37674],[9.82247,55.37854],[9.83152,55.37951],[9.83222,55.3798],[9.83621,55.38141],[9.83989,55.38442],[9.84009,55.38468],[9.8401,55.38495],[9.84011,55.385],[9.84141,55.38845],[9.84132,55.39026],[9.84064,55.39162],[9.83968,55.39246],[9.83723,55.39365],[9.83486,55.39423],[9.83274,55.39574],[9.83031,55.39629],[9.83029,55.3963],[9.83015,55.39633],[9.82968,55.3968],[9.82675,55.40014],[9.82372,55.40283],[9.81894,55.40562],[9.81499,55.40722],[9.81468,55.40727],[9.81104,55.40832],[9.80766,55.40834],[9.80371,55.40901],[9.80027,55.40919],[9.79275,55.41061],[9.79004,55.41023],[9.78844,55.41116],[9.7885,55.41133],[9.78887,55.41257],[9.79112,55.41382],[9.79399,55.4145],[9.7955,55.41554],[9.79844,55.41581],[9.79909,55.41565],[9.80194,55.41474],[9.80391,55.41451],[9.80785,55.41372],[9.80442,55.41374],[9.80711,55.4132],[9.81629,55.41207],[9.81667,55.41207],[9.82212,55.41293],[9.82401,55.41342],[9.82451,55.41355],[9.82478,55.41367],[9.82677,55.41534],[9.82786,55.41829],[9.82789,55.42048],[9.82651,55.42305],[9.82586,55.42365],[9.82561,55.42381],[9.8227,55.42451],[9.81834,55.42624],[9.81214,55.42677],[9.80804,55.42771],[9.80434,55.42957],[9.80028,55.4308],[9.7983,55.43128],[9.79646,55.43129],[9.79157,55.43251],[9.78528,55.43309],[9.78251,55.43287],[9.77678,55.43174],[9.7731,55.43166],[9.76101,55.4333],[9.75055,55.43365],[9.74757,55.43417],[9.74386,55.43524],[9.74136,55.43668],[9.74049,55.43792],[9.74094,55.43931],[9.74737,55.44324],[9.74741,55.44336],[9.74775,55.44434],[9.74676,55.44611],[9.74366,55.4488],[9.73508,55.453],[9.73034,55.45612],[9.725,55.45983],[9.72227,55.46272],[9.72023,55.46523],[9.718,55.46715],[9.7171,55.46809],[9.71693,55.46908],[9.7178,55.47094],[9.72248,55.47402],[9.72324,55.47095],[9.72834,55.46672],[9.73841,55.46283],[9.7419,55.46111],[9.74939,55.45641],[9.75535,55.45388],[9.75798,55.45323],[9.76159,55.45305],[9.76439,55.45229],[9.7656,55.45106],[9.76667,55.44886],[9.76676,55.44726],[9.76744,55.44655],[9.77477,55.44431],[9.77957,55.44192],[9.78441,55.4401],[9.79369,55.43868],[9.79704,55.4365],[9.80044,55.43552],[9.80087,55.43532],[9.80212,55.43504],[9.80727,55.43427],[9.81312,55.43296],[9.81899,55.43316],[9.81954,55.43327],[9.82024,55.4333],[9.82066,55.43347],[9.82075,55.43349],[9.824,55.43412],[9.82533,55.43548],[9.82526,55.4355],[9.82236,55.43638],[9.82205,55.43741],[9.82191,55.43903],[9.81991,55.44114],[9.81976,55.44122],[9.81501,55.44253],[9.80872,55.44338],[9.80672,55.44451],[9.80453,55.44706],[9.80375,55.45],[9.80404,55.45091],[9.80385,55.45098],[9.80251,55.4515],[9.80038,55.45062],[9.79608,55.45005],[9.79514,55.45056],[9.79364,55.45265],[9.79251,55.45321],[9.78868,55.45376],[9.7823,55.45524],[9.78172,55.45606],[9.78209,55.45718],[9.78266,55.45744],[9.78242,55.45777],[9.78243,55.45791],[9.78089,55.45825],[9.77744,55.45798],[9.77698,55.458],[9.77594,55.45911],[9.77611,55.46035],[9.7776,55.46197],[9.78047,55.46254],[9.78127,55.46217],[9.78195,55.46127],[9.78361,55.46063],[9.78713,55.46017],[9.78715,55.45897],[9.78863,55.45914],[9.79246,55.45859],[9.79427,55.45885],[9.79668,55.45857],[9.79778,55.45907],[9.79813,55.46002],[9.7981,55.46009],[9.79145,55.46097],[9.79075,55.46153],[9.79013,55.46341],[9.79047,55.4649],[9.79012,55.46508],[9.78834,55.46455],[9.7871,55.46338],[9.78372,55.46429],[9.77807,55.46822],[9.77735,55.46963],[9.77736,55.46965],[9.77742,55.47003],[9.77651,55.47005],[9.77567,55.46927],[9.77342,55.46845],[9.77018,55.46747],[9.7636,55.46769],[9.76129,55.4667],[9.75846,55.46715],[9.75609,55.46865],[9.75199,55.47043],[9.74787,55.47188]]]}},{"type":"Feature","properties":{"name":"Middelfart"},"geometry":{"type":"Polygon","coordinates":[[[9.68661,55.48226],[9.68654,55.48234],[9.68574,55.48315],[9.68311,55.48452],[9.68198,55.4862],[9.67704,55.48966],[9.67563,55.49132],[9.67735,55.49862],[9.67795,55.49951],[9.67949,55.50052],[9.68001,55.50033],[9.68129,55.50029],[9.68117,55.49975],[9.68462,55.49872],[9.68671,55.49884],[9.69225,55.49791],[9.69398,55.49532],[9.69445,55.49517],[9.69761,55.4913],[9.69872,55.49055],[9.70027,55.49019],[9.70225,55.48779],[9.70418,55.48653],[9.70599,55.48606],[9.71171,55.48557],[9.71312,55.48569],[9.71448,55.48557],[9.71512,55.48543],[9.71526,55.48444],[9.71418,55.48126],[9.71635,55.47878],[9.71183,55.47759],[9.70968,55.47677],[9.70685,55.47592],[9.70162,55.47475],[9.69665,55.47437],[9.69405,55.47417],[9.68873,55.47629],[9.68798,55.47701],[9.68782,55.47765],[9.68801,55.47954],[9.68661,55.48226]]]}},{"type":"Feature","properties":{"name":"Thisted"},"geometry":{"type":"Polygon","coordinates":[[[8.54523,56.70075],[8.54527,56.70065],[8.54497,56.69976],[8.5444,56.69868],[8.5445,56.69836],[8.54442,56.69811],[8.54482,56.69746],[8.54547,56.69683],[8.54715,56.69629],[8.54543,56.69626],[8.54469,56.69625],[8.54435,56.69561],[8.54472,56.6954],[8.54493,56.69508],[8.54162,56.69586],[8.53981,56.69693],[8.53247,56.69831],[8.53056,56.69894],[8.52853,56.69864],[8.52856,56.69993],[8.52974,56.70113],[8.53,56.70232],[8.53102,56.7028],[8.53523,56.70344],[8.5381,56.7038],[8.53838,56.70357],[8.5391,56.70359],[8.53995,56.70423],[8.54145,56.70446],[8.54258,56.70435],[8.543,56.70345],[8.54375,56.70345],[8.54403,56.70198],[8.54516,56.70095],[8.54523,56.70075]]]}},{"type":"Feature","properties":{"name":"Thisted"},"geometry":{"type":"Polygon","coordinates":[[[8.53103,57.06521],[8.53692,57.06998],[8.53902,57.07119],[8.55047,57.08133],[8.55049,57.08134],[8.56061,57.09033],[8.56294,57.09308],[8.57189,57.10164],[8.57348,57.1037],[8.58036,57.10996],[8.58298,57.11305],[8.59097,57.11978],[8.5897,57.12221],[8.59271,57.12345],[8.59268,57.12327],[8.59223,57.12051],[8.59262,57.11919],[8.5926,57.11917],[8.5899,57.11769],[8.59009,57.11751],[8.59032,57.11731],[8.59092,57.11676],[8.59499,57.11835],[8.59641,57.1189],[8.59621,57.12034],[8.59443,57.12195],[8.59578,57.12248],[8.59586,57.1225],[8.59859,57.12003],[8.59999,57.1205],[8.59994,57.12053],[8.60297,57.12165],[8.60283,57.12219],[8.60951,57.12351],[8.617,57.12595],[8.62092,57.1267],[8.62098,57.12583],[8.62388,57.12467],[8.6262,57.12435],[8.62688,57.1234],[8.62784,57.12321],[8.62801,57.12312],[8.62847,57.12308],[8.62867,57.12304],[8.63026,57.12273],[8.63938,57.12212],[8.6394,57.12212],[8.65001,57.11954],[8.65487,57.11895],[8.65605,57.11844],[8.66799,57.11601],[8.67972,57.11407],[8.68536,57.11263],[8.69764,57.10878],[8.70865,57.10675],[8.70867,57.10674],[8.71241,57.10577],[8.716,57.10436],[8.72232,57.10299],[8.72501,57.1028],[8.72888,57.10223],[8.73215,57.10101],[8.73848,57.0998],[8.7401,57.09942],[8.74047,57.09942],[8.741,57.09931],[8.7476,57.09898],[8.75521,57.09939],[8.76428,57.10038],[8.77181,57.10158],[8.77835,57.10209],[8.79224,57.10381],[8.82314,57.10853],[8.82315,57.10853],[8.83788,57.1113],[8.857,57.11563],[8.86429,57.11744],[8.88528,57.12366],[8.89696,57.12731],[8.91292,57.13362],[8.91293,57.13362],[8.92563,57.13838],[8.93859,57.14347],[8.95583,57.15202],[8.96405,57.15503],[8.9699,57.15669],[8.97618,57.15764],[8.98092,57.15784],[8.98515,57.15724],[8.99688,57.15665],[9.00017,57.15592],[9.00435,57.15552],[9.01096,57.15586],[9.01551,57.15642],[9.02169,57.1576],[9.02686,57.15903],[9.02991,57.15868],[9.03513,57.12346],[9.05286,57.09651],[9.0595,57.09],[9.06112,57.05057],[9.07687,57.0543],[9.09559,57.03165],[9.09589,57.03128],[9.06157,57.02288],[9.06093,57.02252],[9.06037,57.0223],[9.0604,57.02098],[9.05999,57.02068],[9.05949,57.02121],[9.05872,57.01982],[9.05865,57.01751],[9.05926,57.01738],[9.06224,57.01861],[9.06263,57.01866],[9.06356,57.01915],[9.06443,57.01937],[9.06501,57.01987],[9.06685,57.02089],[9.06824,57.02127],[9.0688,57.02177],[9.06944,57.02158],[9.07033,57.02202],[9.07125,57.02204],[9.07254,57.02313],[9.07554,57.02446],[9.07579,57.02417],[9.07653,57.0248],[9.07703,57.02504],[9.07879,57.02542],[9.08051,57.02718],[9.08095,57.02664],[9.08151,57.02724],[9.08199,57.02695],[9.08037,57.02571],[9.0715,57.02181],[9.06705,57.02075],[9.06624,57.01996],[9.05754,57.01619],[9.0554,57.01491],[9.04775,57.01163],[9.04723,57.01134],[9.04489,57.00968],[9.04449,57.00879],[9.04365,57.00824],[9.04009,57.00802],[9.03802,57.00855],[9.03524,57.00866],[9.03346,57.00887],[9.03221,57.01194],[9.03232,57.01237],[9.03376,57.01326],[9.03402,57.01406],[9.03401,57.01497],[9.03309,57.01607],[9.03394,57.01724],[9.0335,57.01839],[9.03319,57.01868],[9.0332,57.01882],[9.03271,57.01915],[9.03131,57.02045],[9.02647,57.02256],[9.02301,57.02318],[9.02084,57.02328],[9.0141,57.02266],[9.01173,57.02179],[9.00583,57.02171],[9.00124,57.02124],[8.99063,57.01924],[8.98429,57.01751],[8.98146,57.01646],[8.9792,57.01496],[8.97538,57.01082],[8.97125,57.00796],[8.96799,57.00668],[8.96798,57.00666],[8.96678,57.0055],[8.96773,57.00434],[8.96614,57.00369],[8.96437,57.00398],[8.95612,57.00638],[8.95026,57.00689],[8.94638,57.00679],[8.94578,57.00669],[8.94542,57.0067],[8.94277,57.00617],[8.94249,57.00605],[8.94185,57.00555],[8.94042,57.00558],[8.9324,57.00362],[8.92637,57.00091],[8.9229,56.99849],[8.9205,56.99612],[8.91919,56.9944],[8.91786,56.99049],[8.91681,56.98948],[8.91592,56.9891],[8.91501,56.98721],[8.91428,56.98695],[8.91389,56.98615],[8.91231,56.98537],[8.91188,56.98478],[8.911,56.98392],[8.91132,56.98327],[8.91206,56.98175],[8.91479,56.98074],[8.91685,56.98066],[8.9178,56.98024],[8.91425,56.98065],[8.91143,56.98163],[8.91109,56.98127],[8.91,56.98122],[8.90727,56.98152],[8.90641,56.9819],[8.9076,56.98237],[8.90643,56.98235],[8.90414,56.98152],[8.9032,56.9814],[8.90247,56.98131],[8.89723,56.98178],[8.89483,56.98591],[8.89078,56.98943],[8.89029,56.99114],[8.88927,56.99141],[8.88927,56.99141],[8.8874,56.99151],[8.86482,56.9952],[8.86229,56.99425],[8.86121,56.99303],[8.85993,56.99133],[8.85883,56.99069],[8.85901,56.99018],[8.8575,56.98869],[8.85533,56.9886],[8.85421,56.98819],[8.85327,56.99],[8.85351,56.99158],[8.85305,56.9921],[8.85419,56.99334],[8.85445,56.9944],[8.85209,56.99583],[8.84946,56.99573],[8.84485,56.99509],[8.8426,56.99224],[8.84039,56.99175],[8.83731,56.99217],[8.83688,56.99281],[8.83734,56.99378],[8.83727,56.9938],[8.83513,56.99369],[8.83416,56.99358],[8.83186,56.99308],[8.83125,56.99376],[8.82924,56.99332],[8.82923,56.99331],[8.82551,56.99209],[8.825,56.99153],[8.8284,56.98662],[8.83255,56.98516],[8.83428,56.98491],[8.8462,56.97963],[8.84782,56.97794],[8.8483,56.97725],[8.84781,56.97631],[8.84841,56.97509],[8.84708,56.97403],[8.84695,56.973],[8.84482,56.9724],[8.84326,56.97146],[8.84216,56.97122],[8.84115,56.97131],[8.84048,56.97179],[8.83923,56.97109],[8.83893,56.97107],[8.83845,56.97156],[8.83773,56.97158],[8.83657,56.97043],[8.83663,56.97115],[8.83528,56.97093],[8.83391,56.96935],[8.83379,56.97042],[8.83241,56.97039],[8.83149,56.96924],[8.83215,56.96907],[8.82857,56.96727],[8.82798,56.96679],[8.82737,56.96729],[8.82277,56.96641],[8.81815,56.96676],[8.81736,56.96629],[8.81562,56.96649],[8.81361,56.96587],[8.81264,56.96585],[8.81005,56.96505],[8.80597,56.96438],[8.80437,56.96346],[8.7918,56.96007],[8.79144,56.95988],[8.79085,56.95971],[8.78841,56.95822],[8.78754,56.95493],[8.78545,56.9522],[8.7817,56.95071],[8.77689,56.94921],[8.77367,56.94876],[8.77177,56.948],[8.76191,56.94641],[8.76191,56.94641],[8.75692,56.9456],[8.75286,56.94556],[8.75065,56.94574],[8.74939,56.94585],[8.7446,56.94687],[8.74126,56.94726],[8.73958,56.948],[8.7355,56.9487],[8.7299,56.9503],[8.72631,56.95028],[8.72367,56.95017],[8.72265,56.95005],[8.72191,56.95008],[8.72191,56.95],[8.72136,56.94998],[8.72066,56.94994],[8.72061,56.94994],[8.72085,56.94942],[8.7197,56.94924],[8.7193,56.94989],[8.71913,56.94994],[8.71091,56.95221],[8.70688,56.95278],[8.70642,56.95289],[8.70508,56.95305],[8.70428,56.95286],[8.70472,56.95162],[8.70472,56.95137],[8.70464,56.95137],[8.70248,56.9515],[8.70163,56.95179],[8.69957,56.95205],[8.70068,56.95279],[8.69836,56.95466],[8.69593,56.95472],[8.69414,56.95412],[8.69322,56.95226],[8.69469,56.95205],[8.69667,56.95177],[8.69753,56.95165],[8.69756,56.95003],[8.69557,56.94986],[8.69543,56.94985],[8.693,56.95086],[8.68878,56.95061],[8.67798,56.95235],[8.67314,56.95272],[8.67275,56.95255],[8.67039,56.95216],[8.66749,56.95031],[8.66748,56.9503],[8.66534,56.94848],[8.66433,56.94702],[8.66447,56.94658],[8.66613,56.94617],[8.66597,56.94591],[8.66413,56.94577],[8.65963,56.94125],[8.65815,56.93874],[8.65768,56.93694],[8.657,56.93427],[8.65773,56.93183],[8.66124,56.9291],[8.66214,56.92382],[8.66188,56.92364],[8.65935,56.92192],[8.65691,56.92088],[8.65404,56.92019],[8.65056,56.91867],[8.64824,56.91704],[8.64823,56.91704],[8.64332,56.91451],[8.6413,56.91329],[8.64034,56.91208],[8.63993,56.91183],[8.63993,56.91157],[8.6398,56.91143],[8.63947,56.90705],[8.6401,56.90151],[8.63984,56.90023],[8.63972,56.89961],[8.6358,56.89726],[8.63346,56.89485],[8.63201,56.89435],[8.63044,56.89327],[8.62882,56.89128],[8.62732,56.8904],[8.62515,56.88855],[8.62496,56.88831],[8.62501,56.8882],[8.62479,56.88759],[8.62528,56.88599],[8.62687,56.88438],[8.62707,56.88427],[8.62709,56.88426],[8.62748,56.88401],[8.62809,56.88362],[8.62889,56.88328],[8.62895,56.88326],[8.62785,56.88304],[8.62832,56.88238],[8.62918,56.88274],[8.62956,56.88148],[8.62939,56.88145],[8.62969,56.88119],[8.62976,56.88099],[8.62966,56.88091],[8.62995,56.88028],[8.62914,56.87854],[8.63074,56.87634],[8.62755,56.87498],[8.62318,56.87081],[8.6239,56.86795],[8.62463,56.86732],[8.62874,56.8659],[8.63047,56.86503],[8.63235,56.86466],[8.63284,56.86449],[8.63211,56.86377],[8.63082,56.86345],[8.62772,56.86135],[8.626,56.86001],[8.62447,56.8574],[8.62138,56.85602],[8.61948,56.85397],[8.61782,56.85309],[8.61642,56.85014],[8.61391,56.84896],[8.61357,56.84829],[8.61336,56.84811],[8.61101,56.84681],[8.61016,56.8458],[8.60986,56.84559],[8.60986,56.84546],[8.60967,56.84523],[8.6098,56.84176],[8.60789,56.84142],[8.60678,56.84066],[8.60406,56.83976],[8.60301,56.83925],[8.59699,56.83398],[8.59214,56.8321],[8.5869,56.82852],[8.58444,56.82725],[8.58103,56.82343],[8.57679,56.82108],[8.5761,56.81978],[8.57455,56.81861],[8.57322,56.81817],[8.57131,56.81821],[8.56561,56.81739],[8.56011,56.81747],[8.55714,56.81817],[8.55273,56.81846],[8.54277,56.8178],[8.5379,56.81696],[8.53641,56.81748],[8.53402,56.81737],[8.53398,56.81737],[8.53216,56.81645],[8.53141,56.81509],[8.53224,56.81236],[8.53538,56.81013],[8.53587,56.80925],[8.53465,56.80575],[8.53393,56.80566],[8.52497,56.807],[8.52129,56.80693],[8.51936,56.8065],[8.51912,56.80651],[8.51887,56.80639],[8.51781,56.80615],[8.51495,56.8044],[8.5131,56.80346],[8.51021,56.80233],[8.5071,56.80235],[8.50491,56.80176],[8.50413,56.80163],[8.49911,56.79983],[8.49945,56.79908],[8.49622,56.79776],[8.49291,56.7969],[8.4929,56.7969],[8.48708,56.79591],[8.48679,56.79572],[8.48638,56.79546],[8.48639,56.79499],[8.48343,56.79358],[8.48165,56.79089],[8.47903,56.79073],[8.47745,56.79014],[8.47628,56.78875],[8.47226,56.7855],[8.47124,56.78387],[8.47133,56.78328],[8.47127,56.78325],[8.46922,56.78205],[8.46874,56.78122],[8.47014,56.77785],[8.47342,56.7751],[8.47716,56.77081],[8.48057,56.76797],[8.48966,56.76241],[8.49368,56.76034],[8.49575,56.75977],[8.49697,56.75758],[8.49938,56.7562],[8.49994,56.75474],[8.4994,56.7536],[8.49352,56.75171],[8.491,56.7486],[8.4901,56.7486],[8.48925,56.74771],[8.48877,56.74721],[8.48852,56.74564],[8.48878,56.74452],[8.48989,56.74335],[8.48856,56.74258],[8.48726,56.7409],[8.48734,56.74054],[8.48805,56.74035],[8.48762,56.7398],[8.48641,56.73958],[8.4853,56.73837],[8.48576,56.737],[8.48495,56.73644],[8.48383,56.73321],[8.48259,56.73189],[8.48281,56.73051],[8.4828,56.73049],[8.48235,56.72809],[8.48047,56.72544],[8.4805,56.72436],[8.47839,56.72274],[8.47838,56.72273],[8.47837,56.72272],[8.47522,56.7212],[8.4721,56.71902],[8.47231,56.71807],[8.47358,56.71789],[8.47451,56.7175],[8.47073,56.71791],[8.46855,56.71583],[8.46855,56.71583],[8.46821,56.71549],[8.46592,56.71677],[8.46579,56.71676],[8.46181,56.71508],[8.46011,56.71415],[8.45881,56.71273],[8.45919,56.71237],[8.4598,56.71225],[8.46055,56.7121],[8.46168,56.71195],[8.4649,56.71287],[8.47121,56.71365],[8.47351,56.71405],[8.47739,56.71538],[8.48336,56.7165],[8.48574,56.71665],[8.48642,56.71616],[8.48742,56.71609],[8.48932,56.71633],[8.49129,56.71574],[8.49588,56.7147],[8.49768,56.71456],[8.50696,56.71682],[8.50736,56.71646],[8.50682,56.71525],[8.50443,56.71447],[8.50262,56.71436],[8.50274,56.71377],[8.50579,56.71404],[8.50821,56.71396],[8.51036,56.71435],[8.51314,56.71441],[8.51551,56.71435],[8.51676,56.7135],[8.51979,56.71117],[8.51981,56.70984],[8.51899,56.70988],[8.51652,56.70921],[8.51409,56.705],[8.51154,56.70254],[8.51191,56.70172],[8.50957,56.70132],[8.50927,56.70106],[8.50935,56.70031],[8.51022,56.69892],[8.51329,56.70012],[8.51537,56.70067],[8.51917,56.70124],[8.52266,56.70279],[8.52668,56.70255],[8.5276,56.70188],[8.52798,56.70058],[8.52574,56.69793],[8.52426,56.69753],[8.52145,56.69559],[8.51869,56.69427],[8.51333,56.69041],[8.51275,56.69],[8.51178,56.68658],[8.51203,56.68224],[8.5147,56.67927],[8.51218,56.67977],[8.50982,56.68038],[8.50793,56.68048],[8.50647,56.68107],[8.49577,56.68362],[8.49017,56.68393],[8.48815,56.68585],[8.4864,56.68653],[8.48409,56.68939],[8.48212,56.69038],[8.48033,56.69176],[8.47417,56.69229],[8.47029,56.69308],[8.46796,56.69399],[8.46515,56.6943],[8.46211,56.69503],[8.45932,56.69617],[8.45711,56.69678],[8.45328,56.69732],[8.45314,56.69731],[8.45163,56.69721],[8.44984,56.69709],[8.44457,56.69369],[8.44277,56.69345],[8.43975,56.6923],[8.43759,56.69189],[8.4337,56.69179],[8.43101,56.69152],[8.42895,56.69057],[8.42671,56.6897],[8.42567,56.68961],[8.42511,56.68905],[8.42501,56.68784],[8.42668,56.68739],[8.42689,56.68671],[8.42556,56.68589],[8.42495,56.68521],[8.42466,56.68491],[8.42139,56.68551],[8.42104,56.68494],[8.42147,56.68338],[8.42118,56.68328],[8.41772,56.68203],[8.417,56.68202],[8.41331,56.68367],[8.40957,56.6841],[8.40847,56.68423],[8.40833,56.68424],[8.40387,56.683],[8.39888,56.6836],[8.39824,56.6834],[8.39846,56.68305],[8.40069,56.68255],[8.40248,56.6816],[8.40209,56.68083],[8.40045,56.67924],[8.39943,56.67845],[8.39915,56.67702],[8.39965,56.67618],[8.3997,56.67611],[8.40096,56.67584],[8.40326,56.67605],[8.40523,56.67588],[8.40526,56.67587],[8.40408,56.67041],[8.40269,56.67062],[8.3998,56.67044],[8.39413,56.67209],[8.38823,56.67409],[8.38311,56.67448],[8.38311,56.67448],[8.37164,56.67609],[8.36375,56.67697],[8.35783,56.67631],[8.35543,56.67728],[8.35353,56.68382],[8.35348,56.68633],[8.35226,56.6882],[8.35136,56.689],[8.34763,56.69276],[8.34034,56.69646],[8.34029,56.69743],[8.33869,56.69952],[8.33805,56.70148],[8.33658,56.70337],[8.33657,56.70338],[8.3348,56.70518],[8.33149,56.70786],[8.32462,56.71087],[8.32089,56.71334],[8.31657,56.71546],[8.31118,56.72175],[8.3107,56.72367],[8.30866,56.72723],[8.30865,56.72725],[8.30565,56.73249],[8.30437,56.73619],[8.30332,56.74263],[8.30203,56.74551],[8.3021,56.74659],[8.30288,56.75145],[8.30259,56.75281],[8.30263,56.75328],[8.30242,56.75365],[8.29887,56.758],[8.29312,56.76266],[8.28174,56.76926],[8.27577,56.77111],[8.27562,56.77108],[8.27257,56.77213],[8.27249,56.77224],[8.27223,56.77224],[8.27196,56.77234],[8.2673,56.77242],[8.26614,56.7732],[8.26664,56.77423],[8.26611,56.77537],[8.26543,56.77573],[8.26536,56.77589],[8.25663,56.77722],[8.25611,56.77782],[8.25558,56.77843],[8.25424,56.77653],[8.25376,56.77606],[8.25335,56.77529],[8.25363,56.77412],[8.25355,56.7728],[8.25321,56.77168],[8.25327,56.7693],[8.25045,56.72918],[8.25046,56.72632],[8.25049,56.72586],[8.25084,56.72525],[8.25173,56.72495],[8.25477,56.72477],[8.2555,56.72304],[8.25624,56.72196],[8.25533,56.72208],[8.25405,56.72278],[8.25318,56.72428],[8.25078,56.72417],[8.25167,56.72306],[8.25159,56.72143],[8.24987,56.7207],[8.24966,56.71673],[8.25031,56.71259],[8.24984,56.7076],[8.24946,56.7067],[8.24762,56.70588],[8.2471,56.7049],[8.24729,56.70459],[8.24927,56.70426],[8.24996,56.70384],[8.24754,56.70188],[8.247,56.70165],[8.24657,56.70171],[8.24478,56.70173],[8.24436,56.70384],[8.24623,56.7066],[8.24752,56.71262],[8.24647,56.71457],[8.24495,56.71517],[8.24168,56.71615],[8.24086,56.7155],[8.2439,56.71439],[8.24446,56.71349],[8.24409,56.70779],[8.24125,56.70183],[8.24127,56.70153],[8.24395,56.70047],[8.24715,56.70058],[8.24514,56.6984],[8.24421,56.69849],[8.23821,56.70121],[8.238,56.70512],[8.23973,56.70738],[8.23788,56.70908],[8.23861,56.7111],[8.23831,56.71216],[8.23432,56.71318],[8.23266,56.71846],[8.23063,56.7192],[8.23052,56.71924],[8.23016,56.72031],[8.22852,56.72207],[8.22754,56.72279],[8.22734,56.72284],[8.22691,56.72312],[8.22639,56.72331],[8.22452,56.72361],[8.22095,56.72286],[8.22018,56.72302],[8.22222,56.72651],[8.22408,56.73194],[8.22389,56.73329],[8.22349,56.734],[8.22376,56.7438],[8.22407,56.74695],[8.22457,56.75032],[8.22571,56.75211],[8.22563,56.75717],[8.22635,56.75848],[8.22603,56.76055],[8.22637,56.76393],[8.22713,56.76739],[8.22805,56.76892],[8.2275,56.77078],[8.22698,56.77417],[8.22814,56.77635],[8.2277,56.78098],[8.22898,56.78267],[8.22892,56.78392],[8.22923,56.78484],[8.22979,56.78725],[8.2301,56.78796],[8.2315,56.78991],[8.23215,56.79184],[8.23267,56.79413],[8.23383,56.79771],[8.2356,56.80077],[8.23691,56.80407],[8.23971,56.80619],[8.24299,56.81049],[8.24489,56.81455],[8.24489,56.81456],[8.24741,56.82083],[8.25051,56.8256],[8.25232,56.83011],[8.25741,56.83872],[8.26041,56.84283],[8.26303,56.84588],[8.26674,56.85136],[8.26674,56.85136],[8.26874,56.85409],[8.26927,56.8553],[8.27188,56.85832],[8.27188,56.85833],[8.27684,56.86413],[8.29489,56.88621],[8.29817,56.89007],[8.30061,56.89209],[8.31149,56.90371],[8.3116,56.90383],[8.31584,56.90853],[8.31954,56.91187],[8.32065,56.91404],[8.32729,56.92177],[8.33383,56.92803],[8.34201,56.93778],[8.34209,56.93787],[8.34655,56.94128],[8.35014,56.9457],[8.35708,56.953],[8.36134,56.95848],[8.36342,56.95992],[8.36445,56.96017],[8.36612,56.95976],[8.36737,56.95963],[8.37098,56.96017],[8.37162,56.96044],[8.37393,56.96141],[8.37395,56.96142],[8.37847,56.96382],[8.38025,56.9644],[8.38045,56.96446],[8.38988,56.96974],[8.3926,56.97166],[8.40497,56.98095],[8.40911,56.98442],[8.41004,56.98507],[8.44781,57.01707],[8.45339,57.02287],[8.45737,57.0263],[8.45946,57.02917],[8.45946,57.02918],[8.46694,57.03714],[8.4673,57.03834],[8.4667,57.03895],[8.46888,57.03921],[8.4702,57.04048],[8.47579,57.04416],[8.4781,57.0448],[8.48206,57.04439],[8.48301,57.04377],[8.48557,57.04348],[8.48982,57.04351],[8.49061,57.04342],[8.49556,57.04434],[8.49912,57.04588],[8.50233,57.0468],[8.5251,57.06105],[8.53103,57.06521]]]}},{"type":"Feature","properties":{"name":"Thisted"},"geometry":{"type":"Polygon","coordinates":[[[8.89629,56.97312],[8.89457,56.97353],[8.89174,56.97481],[8.88953,56.97612],[8.88872,56.97718],[8.88867,56.97802],[8.88962,56.97863],[8.88858,56.9795],[8.88794,56.97907],[8.8872,56.98055],[8.88692,56.98059],[8.88659,56.98064],[8.8857,56.98124],[8.88575,56.98187],[8.8907,56.98244],[8.89257,56.98341],[8.89242,56.98412],[8.89392,56.98514],[8.89498,56.98503],[8.89633,56.98216],[8.89676,56.98096],[8.89789,56.98094],[8.89998,56.98035],[8.89844,56.98023],[8.90295,56.97948],[8.90657,56.97975],[8.90673,56.97942],[8.90941,56.9792],[8.90783,56.98025],[8.90926,56.98066],[8.91132,56.98035],[8.91152,56.98032],[8.91306,56.98072],[8.90741,56.97727],[8.90518,56.9763],[8.90408,56.97441],[8.90306,56.97344],[8.89923,56.97341],[8.89926,56.97376],[8.89738,56.97409],[8.89699,56.97361],[8.89849,56.97322],[8.89629,56.97312]]]}},{"type":"Feature","properties":{"name":"Stevns"},"geometry":{"type":"Polygon","coordinates":[[[12.19208,55.38572],[12.18697,55.39291],[12.19358,55.40569],[12.20122,55.40691],[12.20179,55.40968],[12.21376,55.40986],[12.21693,55.41636],[12.23101,55.41552],[12.21629,55.42748],[12.21624,55.42752],[12.21738,55.42733],[12.22191,55.42685],[12.22401,55.4247],[12.22733,55.42314],[12.2435,55.41774],[12.24926,55.41627],[12.25578,55.41574],[12.25648,55.41562],[12.25682,55.41551],[12.259,55.41438],[12.26133,55.41386],[12.27103,55.41055],[12.27359,55.40942],[12.27598,55.40876],[12.27909,55.40849],[12.28071,55.40802],[12.28589,55.40642],[12.29354,55.40346],[12.29569,55.40301],[12.3029,55.4007],[12.30752,55.40014],[12.30888,55.4001],[12.31136,55.40003],[12.31584,55.401],[12.31808,55.40064],[12.3208,55.40089],[12.32581,55.40043],[12.32985,55.40063],[12.33557,55.39996],[12.33559,55.39995],[12.34638,55.39789],[12.3537,55.39729],[12.35886,55.39631],[12.36161,55.39689],[12.36303,55.39707],[12.36507,55.39708],[12.36898,55.39475],[12.3718,55.39391],[12.37722,55.39135],[12.38057,55.38857],[12.39201,55.38235],[12.39814,55.37812],[12.39929,55.37713],[12.39931,55.37712],[12.402,55.37481],[12.40439,55.37354],[12.4081,55.37229],[12.41143,55.36989],[12.41297,55.36938],[12.41548,55.36922],[12.41641,55.36915],[12.41642,55.36915],[12.41658,55.36807],[12.41678,55.3667],[12.41814,55.36561],[12.42098,55.36415],[12.42541,55.3599],[12.42822,55.35867],[12.43186,55.35781],[12.4332,55.35598],[12.43618,55.35338],[12.43894,55.35228],[12.44299,55.34873],[12.44466,55.34782],[12.44573,55.34545],[12.44688,55.344],[12.44735,55.34319],[12.44754,55.34227],[12.44747,55.34111],[12.44674,55.33606],[12.44707,55.33487],[12.44839,55.33308],[12.45436,55.3309],[12.45439,55.33089],[12.45493,55.33039],[12.45484,55.32976],[12.45225,55.32805],[12.44801,55.32212],[12.44498,55.31462],[12.44576,55.31016],[12.44477,55.30807],[12.44503,55.30688],[12.44598,55.30623],[12.44647,55.30531],[12.44651,55.30305],[12.44693,55.30276],[12.44753,55.30006],[12.45018,55.29853],[12.45497,55.2936],[12.45483,55.28853],[12.45343,55.28585],[12.45236,55.28473],[12.45236,55.28473],[12.45089,55.28236],[12.44976,55.28223],[12.44737,55.281],[12.44598,55.27787],[12.4448,55.27679],[12.44201,55.27562],[12.43306,55.27366],[12.42792,55.2694],[12.4272,55.26818],[12.42684,55.26782],[12.42653,55.26766],[12.42592,55.26735],[12.42324,55.2671],[12.42323,55.2671],[12.42153,55.26681],[12.4193,55.26561],[12.41637,55.2631],[12.41587,55.26162],[12.41484,55.26114],[12.41385,55.2603],[12.41029,55.25902],[12.40773,55.25847],[12.40574,55.25839],[12.40277,55.25719],[12.39892,55.2567],[12.39696,55.25441],[12.3956,55.25363],[12.38991,55.25434],[12.38574,55.25545],[12.38524,55.25543],[12.38506,55.25538],[12.3847,55.25534],[12.38268,55.25514],[12.37992,55.25403],[12.37914,55.25337],[12.3789,55.25329],[12.37835,55.25269],[12.37691,55.25334],[12.37673,55.25349],[12.37609,55.25371],[12.37529,55.25302],[12.37504,55.253],[12.3746,55.25328],[12.37521,55.254],[12.37445,55.25427],[12.37298,55.25434],[12.37301,55.25377],[12.37156,55.25356],[12.37129,55.25426],[12.37052,55.25417],[12.3705,55.25417],[12.36984,55.25408],[12.36567,55.25192],[12.36232,55.24894],[12.36046,55.24621],[12.36045,55.2462],[12.35894,55.24339],[12.35892,55.24096],[12.35819,55.23847],[12.35407,55.236],[12.34929,55.23575],[12.34911,55.23578],[12.34548,55.23644],[12.34111,55.23837],[12.33771,55.23831],[12.33488,55.23777],[12.32606,55.23805],[12.32186,55.23794],[12.31457,55.23875],[12.30299,55.23819],[12.29777,55.23828],[12.2951,55.23905],[12.28396,55.24004],[12.2836,55.2641],[12.26547,55.2819],[12.26959,55.28605],[12.26503,55.28627],[12.23336,55.29422],[12.2192,55.29151],[12.21724,55.29434],[12.2144,55.30543],[12.23166,55.31412],[12.23453,55.33142],[12.24539,55.33839],[12.24277,55.34057],[12.22349,55.33725],[12.22894,55.33424],[12.22017,55.32968],[12.21325,55.33289],[12.18977,55.33056],[12.17226,55.33469],[12.15498,55.33575],[12.14977,55.34258],[12.1132,55.35227],[12.10804,55.36045],[12.10991,55.37261],[12.11603,55.37361],[12.12074,55.37025],[12.12597,55.37215],[12.1317,55.3693],[12.13764,55.37141],[12.1391,55.3759],[12.14109,55.37828],[12.14875,55.37645],[12.15588,55.38093],[12.1703,55.37414],[12.18198,55.37894],[12.18827,55.37689],[12.19208,55.38572]]]}},{"type":"Feature","properties":{"name":"Vordingborg"},"geometry":{"type":"Polygon","coordinates":[[[12.26997,55.06492],[12.26867,55.06979],[12.25905,55.07515],[12.25811,55.0794],[12.26067,55.07994],[12.26075,55.08218],[12.25124,55.08531],[12.25836,55.08462],[12.26492,55.07985],[12.26211,55.07854],[12.27249,55.0751],[12.27593,55.06813],[12.27357,55.06548],[12.26997,55.06492]]]}},{"type":"Feature","properties":{"name":"Vordingborg"},"geometry":{"type":"Polygon","coordinates":[[[12.04747,54.95104],[12.04512,54.95184],[12.04303,54.95536],[12.04479,54.95566],[12.04594,54.95524],[12.04706,54.9537],[12.04712,54.95228],[12.04712,54.95223],[12.04917,54.95188],[12.05437,54.95263],[12.05441,54.952],[12.04747,54.95104]]]}},{"type":"Feature","properties":{"name":"Vordingborg"},"geometry":{"type":"Polygon","coordinates":[[[12.10842,55.1272],[12.10484,55.12771],[12.10307,55.12796],[12.10185,55.1286],[12.09927,55.12832],[12.0948,55.12925],[12.09605,55.13073],[12.09834,55.13109],[12.10267,55.13116],[12.10741,55.13174],[12.1133,55.13124],[12.1189,55.13178],[12.11997,55.13166],[12.12085,55.13139],[12.12131,55.13115],[12.12162,55.13071],[12.12176,55.13028],[12.12185,55.13],[12.12179,55.12987],[12.11492,55.13],[12.11405,55.12979],[12.11344,55.129],[12.11135,55.12878],[12.1096,55.12888],[12.10875,55.12836],[12.10842,55.1272]]]}},{"type":"Feature","properties":{"name":"Vordingborg"},"geometry":{"type":"Polygon","coordinates":[[[11.75006,55.08885],[11.74992,55.08914],[11.75013,55.09098],[11.75017,55.09142],[11.75639,55.09091],[11.7571,55.09067],[11.75711,55.09061],[11.75626,55.08969],[11.75501,55.08924],[11.75217,55.08943],[11.75006,55.08885]]]}},{"type":"Feature","properties":{"name":"Vordingborg"},"geometry":{"type":"Polygon","coordinates":[[[12.19411,55.03954],[12.19276,55.03938],[12.18702,55.0406],[12.18343,55.04296],[12.18023,55.04674],[12.18117,55.04716],[12.18595,55.0475],[12.19015,55.04767],[12.19341,55.04792],[12.19781,55.04873],[12.19814,55.04934],[12.19627,55.04983],[12.19614,55.04991],[12.19782,55.0504],[12.20094,55.05202],[12.20323,55.05401],[12.20575,55.05495],[12.20703,55.0561],[12.20948,55.05738],[12.21208,55.05833],[12.21366,55.05862],[12.21709,55.05924],[12.21993,55.05916],[12.22195,55.05851],[12.2251,55.06029],[12.22709,55.06092],[12.23107,55.06096],[12.23744,55.06048],[12.23626,55.05966],[12.23177,55.0589],[12.23407,55.05874],[12.23599,55.0588],[12.23665,55.05856],[12.23617,55.05613],[12.23406,55.05394],[12.23094,55.05205],[12.22978,55.05094],[12.23033,55.05055],[12.23366,55.04973],[12.23209,55.04962],[12.22985,55.0503],[12.22883,55.05025],[12.22823,55.04957],[12.22901,55.04755],[12.22823,55.04665],[12.22678,55.04668],[12.22537,55.04492],[12.22581,55.0444],[12.22577,55.04329],[12.22521,55.04202],[12.22422,55.04038],[12.22304,55.03959],[12.22204,55.0357],[12.21998,55.03384],[12.21792,55.03352],[12.21588,55.03359],[12.21143,55.03477],[12.20889,55.03544],[12.20546,55.03706],[12.20212,55.03896],[12.19893,55.0402],[12.19581,55.04013],[12.19411,55.03954]]]}},{"type":"Feature","properties":{"name":"Vordingborg"},"geometry":{"type":"Polygon","coordinates":[[[12.23489,55.02888],[12.23403,55.02908],[12.23295,55.02963],[12.23327,55.03169],[12.2342,55.03251],[12.23571,55.03245],[12.23683,55.03196],[12.23759,55.03111],[12.23732,55.03028],[12.23627,55.02911],[12.23489,55.02888]]]}},{"type":"Feature","properties":{"name":"Vordingborg"},"geometry":{"type":"Polygon","coordinates":[[[12.22704,55.00405],[12.22224,55.00578],[12.2209,55.00764],[12.22093,55.00783],[12.22147,55.00835],[12.22237,55.00819],[12.22309,55.00806],[12.22497,55.00652],[12.22535,55.00596],[12.22489,55.00568],[12.22704,55.00405]]]}},{"type":"Feature","properties":{"name":"Vordingborg"},"geometry":{"type":"Polygon","coordinates":[[[12.06244,55.13255],[12.05977,55.13274],[12.05889,55.13402],[12.06032,55.13508],[12.06269,55.13562],[12.0632,55.13574],[12.06518,55.13578],[12.06673,55.13551],[12.06738,55.13497],[12.0692,55.13384],[12.0697,55.13354],[12.06981,55.1334],[12.06986,55.1324],[12.06902,55.13225],[12.06845,55.13241],[12.0682,55.13257],[12.06679,55.1329],[12.06598,55.13298],[12.06457,55.13312],[12.06244,55.13255]]]}},{"type":"Feature","properties":{"name":"Vordingborg"},"geometry":{"type":"Polygon","coordinates":[[[12.05384,55.1316],[12.05268,55.13164],[12.05056,55.13192],[12.04963,55.13275],[12.0497,55.13283],[12.05155,55.13383],[12.05382,55.13352],[12.05427,55.13186],[12.05384,55.1316]]]}},{"type":"Feature","properties":{"name":"Vordingborg"},"geometry":{"type":"Polygon","coordinates":[[[11.83746,55.12072],[11.84931,55.11493],[11.87014,55.13002],[11.87292,55.12721],[11.88214,55.12713],[11.88778,55.13208],[11.89609,55.13304],[11.89816,55.13733],[11.91132,55.13851],[11.90942,55.14764],[11.92711,55.14023],[11.94838,55.13903],[11.93943,55.14813],[11.95134,55.15486],[11.96337,55.13969],[11.98154,55.13963],[11.98806,55.13223],[12.00233,55.13144],[12.00257,55.13709],[11.99685,55.13826],[11.99473,55.14043],[11.98983,55.14142],[11.98779,55.14456],[11.98872,55.14585],[11.98531,55.15078],[11.98938,55.15028],[11.99334,55.1474],[11.99593,55.14739],[12.00247,55.14476],[12.00736,55.14577],[12.01142,55.14696],[12.01151,55.14688],[12.01242,55.14664],[12.01104,55.14602],[12.01313,55.14505],[12.0138,55.14515],[12.01669,55.1444],[12.01668,55.14386],[12.01829,55.14337],[12.02381,55.1435],[12.02784,55.14384],[12.03153,55.14347],[12.03103,55.14305],[12.03552,55.14096],[12.03657,55.13951],[12.0385,55.13727],[12.03871,55.13644],[12.03974,55.13562],[12.04022,55.13402],[12.04019,55.13386],[12.03987,55.13233],[12.0391,55.13127],[12.03515,55.12829],[12.0341,55.1276],[12.0342,55.12645],[12.03403,55.12542],[12.03406,55.12476],[12.03408,55.12428],[12.03544,55.12273],[12.03704,55.12271],[12.03855,55.12324],[12.03912,55.1233],[12.04212,55.12441],[12.04293,55.12471],[12.04483,55.12512],[12.04495,55.12509],[12.04514,55.12514],[12.04516,55.1252],[12.04519,55.12514],[12.04592,55.12539],[12.04678,55.12588],[12.04958,55.12616],[12.05078,55.1258],[12.05167,55.12468],[12.04837,55.12242],[12.04878,55.12164],[12.0503,55.12198],[12.05032,55.12199],[12.0515,55.12296],[12.05211,55.12308],[12.05292,55.12245],[12.05251,55.12179],[12.05385,55.12064],[12.0558,55.12044],[12.05737,55.1205],[12.05847,55.12113],[12.05946,55.12118],[12.06046,55.12156],[12.06132,55.12245],[12.06216,55.12606],[12.06278,55.12798],[12.06545,55.12968],[12.06776,55.1302],[12.06929,55.12965],[12.07209,55.12933],[12.07503,55.12946],[12.07875,55.12963],[12.07967,55.13043],[12.08062,55.13049],[12.0825,55.13009],[12.08598,55.12994],[12.08972,55.12819],[12.09029,55.12769],[12.09017,55.12751],[12.0883,55.12464],[12.0848,55.12348],[12.08475,55.12319],[12.08607,55.12259],[12.09186,55.12329],[12.09355,55.12273],[12.09571,55.12266],[12.09945,55.12279],[12.09991,55.12309],[12.10088,55.12316],[12.10089,55.12316],[12.10174,55.12323],[12.10145,55.12452],[12.10193,55.12509],[12.10273,55.12605],[12.10405,55.12683],[12.1077,55.12498],[12.11113,55.12469],[12.11149,55.12426],[12.1138,55.12413],[12.11517,55.12466],[12.11656,55.12536],[12.12213,55.12595],[12.12618,55.1266],[12.12722,55.12698],[12.12738,55.1275],[12.12665,55.13017],[12.12615,55.13037],[12.1241,55.13023],[12.12312,55.13003],[12.12321,55.13107],[12.12784,55.13171],[12.13022,55.13155],[12.13037,55.13154],[12.13676,55.13022],[12.13996,55.12943],[12.14722,55.1283],[12.16251,55.12522],[12.16527,55.1243],[12.16641,55.12372],[12.16827,55.12216],[12.16888,55.12095],[12.1706,55.12006],[12.17106,55.11889],[12.17227,55.11793],[12.17455,55.11684],[12.17837,55.11615],[12.18131,55.11443],[12.18178,55.1139],[12.18364,55.11181],[12.18361,55.11006],[12.18254,55.10838],[12.18112,55.10737],[12.18133,55.10659],[12.18052,55.10528],[12.17934,55.10513],[12.17802,55.10508],[12.17502,55.10457],[12.17331,55.10263],[12.17314,55.10149],[12.17204,55.0998],[12.17055,55.09899],[12.17024,55.09789],[12.17,55.09309],[12.17194,55.09059],[12.17178,55.08944],[12.17099,55.08825],[12.1705,55.08752],[12.16713,55.0851],[12.1648,55.08361],[12.16515,55.08332],[12.16487,55.08294],[12.16316,55.08256],[12.16047,55.08113],[12.15994,55.08028],[12.15786,55.07864],[12.15795,55.07804],[12.15652,55.07739],[12.15454,55.07617],[12.1524,55.07583],[12.15169,55.0763],[12.15246,55.07664],[12.15207,55.07721],[12.14895,55.07934],[12.14883,55.07942],[12.14496,55.0794],[12.14309,55.07915],[12.14203,55.0791],[12.13986,55.07961],[12.13752,55.08113],[12.13663,55.08239],[12.13542,55.0827],[12.13536,55.08272],[12.13311,55.08249],[12.13114,55.08134],[12.12936,55.08113],[12.12766,55.08022],[12.12329,55.07885],[12.1218,55.07949],[12.12099,55.08232],[12.12148,55.08308],[12.12119,55.0839],[12.12059,55.08433],[12.11861,55.0852],[12.11811,55.08528],[12.11773,55.08523],[12.11656,55.08528],[12.11385,55.08462],[12.11216,55.08456],[12.11181,55.08481],[12.10987,55.08686],[12.11002,55.08858],[12.10761,55.08928],[12.10646,55.09023],[12.10631,55.09013],[12.10512,55.0893],[12.10453,55.08905],[12.10141,55.08937],[12.09989,55.09103],[12.09928,55.09003],[12.09919,55.08989],[12.09922,55.08981],[12.10053,55.0881],[12.1018,55.08753],[12.10194,55.08705],[12.102,55.08686],[12.1,55.08663],[12.10158,55.08549],[12.10344,55.08446],[12.10402,55.08504],[12.10445,55.08533],[12.10516,55.08504],[12.10556,55.08434],[12.10816,55.08487],[12.11048,55.08402],[12.11632,55.08373],[12.11696,55.08279],[12.11924,55.07947],[12.1197,55.07798],[12.11976,55.0778],[12.11878,55.07717],[12.11675,55.07678],[12.11674,55.07585],[12.11577,55.07554],[12.11743,55.07508],[12.11866,55.07473],[12.12138,55.07494],[12.12422,55.07452],[12.12617,55.07408],[12.12609,55.07363],[12.12545,55.07343],[12.12463,55.07282],[12.1237,55.07256],[12.12305,55.07183],[12.12275,55.07043],[12.12182,55.07005],[12.11694,55.07082],[12.11635,55.07091],[12.11476,55.06849],[12.11475,55.06848],[12.11595,55.06841],[12.11784,55.06852],[12.11834,55.06945],[12.12031,55.06928],[12.11974,55.06835],[12.1218,55.06825],[12.12166,55.06761],[12.12306,55.06489],[12.1227,55.06446],[12.12227,55.06358],[12.12213,55.06261],[12.12444,55.06114],[12.12372,55.0605],[12.1235,55.06009],[12.12487,55.05941],[12.12745,55.05888],[12.12739,55.0583],[12.12645,55.05752],[12.12797,55.05659],[12.12982,55.05672],[12.13064,55.05588],[12.13028,55.05471],[12.12912,55.05381],[12.12905,55.05216],[12.12856,55.05082],[12.1269,55.04923],[12.12754,55.04777],[12.13035,55.04826],[12.1323,55.04805],[12.1358,55.04839],[12.13741,55.04808],[12.1412,55.04767],[12.14394,55.04592],[12.1447,55.04497],[12.1446,55.04414],[12.14183,55.04292],[12.13972,55.04164],[12.14,55.04112],[12.14175,55.04053],[12.14173,55.04027],[12.1417,55.03992],[12.14042,55.03895],[12.13908,55.03836],[12.14011,55.03712],[12.14165,55.0359],[12.14162,55.03508],[12.14272,55.03374],[12.14294,55.03358],[12.14304,55.03338],[12.14604,55.03113],[12.14619,55.03033],[12.14885,55.02881],[12.15277,55.02513],[12.15625,55.0195],[12.17098,55.00391],[12.17125,55.00233],[12.16851,54.99531],[12.16857,54.99513],[12.16852,54.99489],[12.16875,54.99435],[12.16895,54.99386],[12.16861,54.99389],[12.1685,54.994],[12.16819,54.99407],[12.16791,54.99507],[12.16682,54.99514],[12.16667,54.99515],[12.16508,54.99526],[12.16489,54.99587],[12.16484,54.99605],[12.16408,54.99607],[12.15922,54.9959],[12.15944,54.99459],[12.16208,54.9923],[12.16134,54.99195],[12.15876,54.99442],[12.15793,54.99572],[12.15617,54.99597],[12.15182,54.99628],[12.14728,54.9959],[12.14505,54.99532],[12.14344,54.99434],[12.1428,54.99343],[12.14079,54.9931],[12.13861,54.99453],[12.1379,54.99473],[12.13146,54.99454],[12.13104,54.99376],[12.1287,54.9936],[12.12679,54.99439],[12.12138,54.99499],[12.12014,54.99458],[12.11814,54.99363],[12.11214,54.99199],[12.1088,54.99047],[12.10807,54.98979],[12.10822,54.98933],[12.10565,54.98744],[12.10465,54.98721],[12.10423,54.98642],[12.10603,54.98597],[12.10589,54.98581],[12.10409,54.98619],[12.10315,54.98519],[12.10366,54.98426],[12.1009,54.98269],[12.09995,54.98215],[12.09779,54.98273],[12.0944,54.98184],[12.09385,54.98138],[12.09407,54.98035],[12.09268,54.97872],[12.0907,54.9786],[12.08909,54.97643],[12.08492,54.97522],[12.08202,54.97324],[12.07902,54.9722],[12.07715,54.97068],[12.07602,54.96961],[12.07096,54.9693],[12.0699,54.96892],[12.06901,54.96788],[12.06426,54.96598],[12.06368,54.96574],[12.06225,54.96532],[12.05995,54.96546],[12.05866,54.96535],[12.05577,54.96416],[12.05355,54.96282],[12.05201,54.96256],[12.03782,54.96208],[12.02537,54.96272],[12.01981,54.96364],[12.01058,54.96564],[12.00243,54.96793],[12.00238,54.96794],[11.99777,54.96895],[11.98842,54.97287],[11.98284,54.97464],[11.97804,54.97666],[11.97575,54.97871],[11.97064,54.98111],[11.96768,54.98336],[11.96147,54.98605],[11.96129,54.98618],[11.95992,54.98719],[11.9571,54.99121],[11.95642,54.99433],[11.95387,54.99664],[11.95269,54.99713],[11.95121,54.99773],[11.93574,54.9991],[11.93221,55.00046],[11.93037,55.00079],[11.92645,55.0012],[11.92421,55.0017],[11.92156,55.00349],[11.91805,55.00425],[11.91795,55.00427],[11.91236,55.00494],[11.91087,55.00483],[11.91086,55.00483],[11.91072,55.00474],[11.90947,55.00459],[11.90782,55.004],[11.90804,55.00315],[11.90789,55.00307],[11.90807,55.00302],[11.9081,55.00294],[11.91076,55.00311],[11.91253,55.00191],[11.9148,55.00198],[11.91757,55.00062],[11.91901,54.99902],[11.91953,54.9965],[11.91863,54.99524],[11.9186,54.9952],[11.91841,54.99521],[11.91765,54.99551],[11.91483,54.99572],[11.9108,54.99553],[11.91015,54.99438],[11.90682,54.99372],[11.90553,54.99358],[11.90027,54.99474],[11.8973,54.99444],[11.89642,54.99473],[11.89617,54.99481],[11.89013,54.99757],[11.88882,54.99841],[11.88796,54.99952],[11.88698,55.00048],[11.88397,55.00216],[11.87906,55.00383],[11.87565,55.00455],[11.86931,55.00617],[11.86552,55.00674],[11.86377,55.00745],[11.86368,55.00749],[11.86154,55.00885],[11.85688,55.01311],[11.85281,55.01548],[11.8495,55.0174],[11.84699,55.01811],[11.84333,55.01969],[11.84019,55.02027],[11.83827,55.02028],[11.83364,55.02223],[11.82905,55.02402],[11.82597,55.02808],[11.82205,55.03078],[11.81934,55.0322],[11.8189,55.03243],[11.81889,55.03243],[11.81645,55.03437],[11.81326,55.03575],[11.80941,55.03767],[11.80258,55.03885],[11.79265,55.04223],[11.7834,55.04474],[11.77433,55.04761],[11.76586,55.04969],[11.75716,55.05085],[11.74689,55.05245],[11.73874,55.05349],[11.72984,55.05489],[11.7253,55.05686],[11.719,55.05917],[11.71054,55.06148],[11.7077,55.06141],[11.70514,55.0627],[11.70369,55.06294],[11.702,55.06273],[11.69923,55.06331],[11.69635,55.06478],[11.69328,55.06566],[11.68456,55.06881],[11.67986,55.07177],[11.66776,55.07382],[11.66447,55.07427],[11.66172,55.07374],[11.65834,55.07371],[11.65463,55.07552],[11.65301,55.07513],[11.65212,55.07525],[11.64899,55.07737],[11.64716,55.07794],[11.64479,55.07854],[11.64428,55.07867],[11.6428,55.07872],[11.64019,55.07743],[11.6394,55.0772],[11.63615,55.07798],[11.63198,55.0804],[11.62573,55.08012],[11.62186,55.08223],[11.61855,55.08109],[11.61622,55.08128],[11.61887,55.08279],[11.61993,55.08317],[11.63349,55.08277],[11.6379,55.082],[11.64613,55.07979],[11.65226,55.07943],[11.65479,55.0774],[11.65957,55.07668],[11.66717,55.07531],[11.67281,55.07421],[11.68486,55.07282],[11.68642,55.07273],[11.69388,55.07088],[11.69611,55.07085],[11.70049,55.0703],[11.7038,55.06921],[11.70825,55.06828],[11.72264,55.06575],[11.72777,55.06541],[11.73095,55.06475],[11.73643,55.06371],[11.74293,55.0638],[11.74694,55.06439],[11.74701,55.06437],[11.75113,55.06337],[11.75444,55.06148],[11.75785,55.06104],[11.76081,55.06083],[11.76508,55.05984],[11.77164,55.05684],[11.77271,55.0566],[11.77305,55.05645],[11.77369,55.05638],[11.77526,55.05601],[11.7805,55.0555],[11.78622,55.05284],[11.78722,55.05256],[11.78819,55.05238],[11.79314,55.05121],[11.79736,55.05066],[11.80005,55.05016],[11.80428,55.04892],[11.80524,55.04824],[11.80666,55.04801],[11.80705,55.04726],[11.80885,55.04644],[11.8128,55.04426],[11.81473,55.04355],[11.81565,55.04331],[11.81615,55.04308],[11.81732,55.04287],[11.81894,55.04244],[11.82369,55.04189],[11.82529,55.04143],[11.82816,55.04207],[11.82824,55.04208],[11.83166,55.04406],[11.83188,55.04478],[11.83293,55.04666],[11.83254,55.04792],[11.8312,55.05222],[11.83007,55.05357],[11.8299,55.05361],[11.82985,55.05363],[11.82983,55.05364],[11.82829,55.05407],[11.82373,55.05664],[11.81802,55.06128],[11.81562,55.06255],[11.81392,55.06446],[11.81187,55.06535],[11.81045,55.06961],[11.80915,55.0719],[11.80807,55.07283],[11.80679,55.07338],[11.80435,55.07383],[11.80153,55.07541],[11.79674,55.07725],[11.79645,55.07734],[11.79451,55.07748],[11.79002,55.07887],[11.78565,55.07936],[11.78474,55.07995],[11.78076,55.08114],[11.77953,55.08262],[11.77842,55.08272],[11.77679,55.08338],[11.77582,55.085],[11.77627,55.0859],[11.7763,55.08596],[11.77451,55.08657],[11.77346,55.08567],[11.76803,55.0853],[11.76727,55.08368],[11.76901,55.08294],[11.7702,55.08087],[11.77084,55.07884],[11.77206,55.07821],[11.7752,55.07805],[11.7793,55.07659],[11.77883,55.07588],[11.77679,55.07457],[11.77142,55.07484],[11.76282,55.07615],[11.76074,55.07674],[11.757,55.07966],[11.75487,55.08044],[11.75013,55.08352],[11.74911,55.08504],[11.74938,55.08667],[11.7486,55.08696],[11.7484,55.08742],[11.74827,55.08772],[11.74881,55.08826],[11.75311,55.08851],[11.75408,55.08801],[11.75553,55.08753],[11.75622,55.08757],[11.75654,55.08759],[11.75769,55.08901],[11.7581,55.09142],[11.75997,55.09215],[11.76207,55.09232],[11.76301,55.0937],[11.76277,55.0941],[11.76001,55.09364],[11.75763,55.09209],[11.75627,55.0914],[11.75275,55.09173],[11.74931,55.0923],[11.74763,55.09358],[11.74704,55.09403],[11.74205,55.09481],[11.74523,55.09339],[11.7472,55.09331],[11.74741,55.09281],[11.74324,55.09323],[11.74005,55.0953],[11.73614,55.09924],[11.72965,55.10698],[11.72357,55.10978],[11.72176,55.1111],[11.71998,55.11311],[11.71941,55.12016],[11.71961,55.12443],[11.7201,55.12491],[11.72116,55.1256],[11.72226,55.12705],[11.72309,55.12785],[11.72442,55.12871],[11.72445,55.12871],[11.72677,55.1285],[11.72952,55.12713],[11.73136,55.12536],[11.73122,55.12512],[11.7299,55.12462],[11.72836,55.12261],[11.7274,55.12111],[11.72794,55.12006],[11.72814,55.12007],[11.72809,55.11998],[11.72852,55.12008],[11.72913,55.1201],[11.72982,55.12074],[11.73388,55.12138],[11.73755,55.12133],[11.73866,55.12107],[11.74035,55.12058],[11.7451,55.12119],[11.74925,55.12113],[11.75142,55.12075],[11.75514,55.11938],[11.75691,55.11889],[11.75854,55.11853],[11.75983,55.11857],[11.76055,55.11879],[11.76267,55.11945],[11.76502,55.12124],[11.76542,55.12225],[11.76406,55.12296],[11.76536,55.1248],[11.76667,55.1271],[11.76835,55.12898],[11.77182,55.1302],[11.77574,55.13119],[11.77837,55.13248],[11.78288,55.1329],[11.78934,55.13238],[11.79425,55.13192],[11.79652,55.1316],[11.79778,55.13121],[11.80068,55.13006],[11.80364,55.12931],[11.80472,55.12908],[11.80744,55.1287],[11.8076,55.1287],[11.80939,55.1302],[11.81084,55.1303],[11.8123,55.12998],[11.8137,55.1306],[11.81629,55.13094],[11.82148,55.12488],[11.83746,55.12072]]]}},{"type":"Feature","properties":{"name":"Vordingborg"},"geometry":{"type":"Polygon","coordinates":[[[12.3217,54.98561],[12.32169,54.9856],[12.32015,54.98496],[12.31996,54.98433],[12.31378,54.98432],[12.31135,54.98455],[12.30802,54.9859],[12.30533,54.98628],[12.30386,54.98686],[12.30323,54.9874],[12.30237,54.98814],[12.30261,54.98862],[12.30385,54.98928],[12.30333,54.99094],[12.30163,54.99136],[12.30096,54.99157],[12.3009,54.99153],[12.30079,54.99156],[12.29954,54.99025],[12.29889,54.98902],[12.30004,54.9878],[12.29551,54.98629],[12.29423,54.98613],[12.29201,54.98476],[12.28953,54.9847],[12.28754,54.98367],[12.28755,54.98285],[12.28647,54.98213],[12.28547,54.98156],[12.28087,54.98451],[12.27991,54.98522],[12.27981,54.98518],[12.27983,54.9852],[12.28047,54.98618],[12.28079,54.98667],[12.27983,54.98936],[12.27868,54.99099],[12.27833,54.99136],[12.27791,54.99182],[12.27226,54.99535],[12.27062,54.9981],[12.27073,54.99905],[12.27285,55.00167],[12.27811,55.00552],[12.28241,55.00953],[12.28401,55.01229],[12.28542,55.01528],[12.28672,55.017],[12.2862,55.0184],[12.28594,55.01971],[12.28558,55.02009],[12.28548,55.02042],[12.28529,55.0204],[12.28487,55.02084],[12.28187,55.02028],[12.28181,55.01998],[12.28165,55.01996],[12.2818,55.01988],[12.28177,55.01969],[12.28308,55.01963],[12.28373,55.01879],[12.28454,55.01774],[12.28281,55.01801],[12.28276,55.0179],[12.2826,55.01751],[12.28334,55.01577],[12.28272,55.01575],[12.28034,55.01749],[12.28011,55.01904],[12.27867,55.01987],[12.27688,55.02169],[12.2773,55.02261],[12.2755,55.02415],[12.274,55.02453],[12.27395,55.02533],[12.2735,55.02595],[12.2727,55.02622],[12.27165,55.0257],[12.27095,55.0259],[12.2706,55.026],[12.27009,55.02861],[12.26867,55.02869],[12.2683,55.02947],[12.26865,55.02982],[12.26771,55.03051],[12.26624,55.03078],[12.2649,55.03178],[12.26395,55.03226],[12.26225,55.03177],[12.26035,55.03297],[12.26073,55.03483],[12.26205,55.03521],[12.26201,55.03528],[12.26116,55.03584],[12.25927,55.03555],[12.25646,55.03698],[12.25586,55.03754],[12.25541,55.03851],[12.25412,55.03941],[12.25378,55.03947],[12.25365,55.03959],[12.25355,55.03951],[12.25301,55.03961],[12.2521,55.03922],[12.2501,55.03862],[12.24986,55.03864],[12.24833,55.03941],[12.24746,55.03906],[12.24708,55.03891],[12.24639,55.03805],[12.24695,55.03769],[12.24686,55.0365],[12.2462,55.03617],[12.24572,55.03614],[12.2434,55.03597],[12.24083,55.03626],[12.23646,55.03743],[12.23446,55.03979],[12.2344,55.04104],[12.23349,55.04197],[12.23234,55.04246],[12.23352,55.04528],[12.23358,55.04539],[12.23461,55.04612],[12.23527,55.04753],[12.23511,55.0491],[12.23666,55.04983],[12.23727,55.04979],[12.23878,55.05053],[12.23993,55.05092],[12.23991,55.05152],[12.24191,55.05214],[12.24205,55.05256],[12.24277,55.05281],[12.24337,55.05302],[12.24896,55.05378],[12.25159,55.05448],[12.2533,55.05436],[12.25263,55.05477],[12.25282,55.05557],[12.25414,55.05701],[12.25617,55.05807],[12.25824,55.05852],[12.25876,55.05913],[12.25802,55.06038],[12.26011,55.06103],[12.26191,55.06101],[12.2635,55.06052],[12.26826,55.0578],[12.2711,55.05673],[12.27377,55.0538],[12.27679,55.04723],[12.27946,55.04314],[12.28148,55.04087],[12.2868,55.03703],[12.28947,55.0351],[12.29886,55.03211],[12.3018,55.03108],[12.30737,55.0293],[12.31475,55.02772],[12.31633,55.02765],[12.32821,55.02661],[12.33005,55.02665],[12.33119,55.02716],[12.33657,55.02702],[12.34358,55.02785],[12.3488,55.02779],[12.34993,55.02765],[12.3562,55.02663],[12.36235,55.02618],[12.36625,55.02657],[12.37152,55.02638],[12.38204,55.0266],[12.38815,55.0272],[12.39646,55.02537],[12.4022,55.02513],[12.40366,55.02492],[12.41242,55.02331],[12.42089,55.02238],[12.42092,55.02238],[12.42348,55.02249],[12.42621,55.02323],[12.42896,55.02309],[12.43462,55.02421],[12.43528,55.02431],[12.43928,55.02386],[12.4442,55.02376],[12.45168,55.02261],[12.45719,55.02239],[12.46078,55.02289],[12.46219,55.0229],[12.4632,55.02257],[12.46941,55.02009],[12.47671,55.0181],[12.47674,55.01809],[12.48045,55.01736],[12.48214,55.0165],[12.48496,55.0158],[12.48821,55.01589],[12.49181,55.01435],[12.49666,55.01289],[12.49981,55.01243],[12.5031,55.01282],[12.50694,55.01143],[12.50978,55.01135],[12.51611,55.00926],[12.52186,55.00777],[12.52439,55.00449],[12.52726,55.00178],[12.52841,55.00134],[12.53298,54.99512],[12.53995,54.98943],[12.54147,54.98849],[12.54374,54.98447],[12.5462,54.98117],[12.54707,54.98072],[12.5483,54.97648],[12.55082,54.97188],[12.55145,54.96712],[12.55249,54.96514],[12.55261,54.95829],[12.55012,54.95486],[12.54315,54.94833],[12.54271,54.94756],[12.54091,54.94631],[12.53737,54.94495],[12.52529,54.94355],[12.51887,54.94442],[12.51402,54.94376],[12.51244,54.94338],[12.50906,54.94347],[12.50085,54.94481],[12.49362,54.94631],[12.49,54.94782],[12.4825,54.94998],[12.47153,54.95195],[12.46722,54.95211],[12.46571,54.95288],[12.46498,54.95315],[12.46396,54.95339],[12.46368,54.95366],[12.46412,54.95476],[12.46307,54.95507],[12.46306,54.95511],[12.46249,54.95524],[12.4625,54.95535],[12.461,54.95587],[12.4568,54.95668],[12.45164,54.95748],[12.44826,54.95728],[12.44667,54.95767],[12.44549,54.95868],[12.44232,54.9594],[12.43193,54.96099],[12.42817,54.96157],[12.4184,54.96221],[12.41839,54.96221],[12.41011,54.96305],[12.40278,54.96349],[12.3988,54.96428],[12.39496,54.96464],[12.38884,54.96472],[12.38537,54.96533],[12.38536,54.96533],[12.38254,54.96545],[12.38011,54.96506],[12.37475,54.96542],[12.36872,54.96522],[12.36001,54.96446],[12.35921,54.96443],[12.34493,54.96185],[12.33643,54.95981],[12.33128,54.9581],[12.3312,54.95807],[12.32886,54.95715],[12.32311,54.95604],[12.31594,54.95344],[12.30629,54.94872],[12.30478,54.94762],[12.29227,54.94231],[12.28877,54.94121],[12.28243,54.93776],[12.28241,54.93775],[12.27153,54.92987],[12.26802,54.92603],[12.26398,54.92271],[12.25886,54.91924],[12.24926,54.91452],[12.24403,54.91111],[12.23898,54.90574],[12.2337,54.89853],[12.23369,54.89853],[12.23052,54.89552],[12.22659,54.89395],[12.22453,54.89303],[12.22233,54.8912],[12.21968,54.89016],[12.21596,54.88691],[12.21366,54.88575],[12.21057,54.88309],[12.20691,54.88155],[12.20308,54.88105],[12.19879,54.88096],[12.19475,54.87984],[12.1881,54.87951],[12.18454,54.87889],[12.18278,54.87869],[12.18035,54.87852],[12.17355,54.87929],[12.16773,54.88067],[12.16288,54.88132],[12.15393,54.8815],[12.14368,54.88068],[12.14284,54.88105],[12.14177,54.88151],[12.14119,54.88215],[12.13978,54.88479],[12.13754,54.88648],[12.13479,54.88969],[12.13365,54.89022],[12.13229,54.89073],[12.12675,54.89523],[12.12458,54.89699],[12.12482,54.89888],[12.12487,54.89934],[12.12639,54.89997],[12.12847,54.90011],[12.12824,54.89945],[12.12956,54.89907],[12.13086,54.89988],[12.1346,54.8978],[12.13451,54.89745],[12.13183,54.89686],[12.13226,54.89666],[12.13213,54.8966],[12.13246,54.89657],[12.13542,54.89554],[12.13707,54.89554],[12.13886,54.89619],[12.14213,54.89573],[12.14353,54.89647],[12.14265,54.89842],[12.14194,54.89951],[12.14456,54.89968],[12.1453,54.8988],[12.14612,54.89852],[12.14802,54.89888],[12.14913,54.8991],[12.1484,54.90019],[12.14784,54.90071],[12.14286,54.9015],[12.13644,54.90088],[12.13524,54.90121],[12.13438,54.9022],[12.13298,54.90234],[12.1288,54.90295],[12.12703,54.90263],[12.12579,54.90171],[12.12485,54.90158],[12.12462,54.90155],[12.12251,54.90173],[12.1208,54.90221],[12.11091,54.90172],[12.10832,54.90243],[12.10489,54.90339],[12.10417,54.90396],[12.10378,54.90479],[12.07701,54.90925],[12.07672,54.9093],[12.07517,54.90843],[12.07303,54.90818],[12.07211,54.90832],[12.06606,54.90949],[12.06311,54.91061],[12.06125,54.91119],[12.05904,54.91175],[12.05603,54.91179],[12.04982,54.91318],[12.04758,54.91368],[12.04601,54.91464],[12.04347,54.91514],[12.03944,54.91504],[12.03447,54.91567],[12.03113,54.91708],[12.02133,54.91813],[12.0142,54.91857],[12.0063,54.92043],[12.00279,54.92219],[11.99649,54.92765],[11.99482,54.92998],[11.9945,54.93201],[11.99375,54.9336],[11.99429,54.9365],[11.9952,54.93743],[11.99566,54.93773],[11.99739,54.9381],[11.99858,54.93999],[11.99818,54.94242],[11.99263,54.94511],[11.9875,54.94772],[11.98557,54.94907],[11.98356,54.94918],[11.98321,54.94942],[11.98316,54.94988],[11.98295,54.95225],[11.98459,54.95462],[11.98676,54.95536],[11.9902,54.9555],[11.99294,54.95722],[11.99377,54.95687],[11.99441,54.95593],[11.99685,54.95562],[11.9973,54.95519],[11.9975,54.95316],[11.99771,54.95084],[11.99709,54.94622],[11.9974,54.9449],[12.00123,54.94274],[12.00085,54.94217],[12.00156,54.93953],[12.00233,54.9381],[12.00714,54.93812],[12.00959,54.93748],[12.00988,54.93702],[12.00791,54.93653],[12.00776,54.93543],[12.0081,54.93496],[12.00805,54.93486],[12.0082,54.93484],[12.00867,54.93419],[12.01005,54.93387],[12.01258,54.93401],[12.01821,54.93271],[12.02059,54.93276],[12.02083,54.93288],[12.02104,54.93293],[12.0227,54.93331],[12.02539,54.93457],[12.02831,54.93667],[12.0319,54.93849],[12.03796,54.93869],[12.04018,54.93827],[12.04549,54.93852],[12.05394,54.93874],[12.05655,54.93876],[12.05911,54.93943],[12.06268,54.93987],[12.06315,54.93983],[12.06581,54.9396],[12.06915,54.9384],[12.07046,54.93745],[12.07033,54.93665],[12.07145,54.93569],[12.07303,54.93473],[12.07383,54.93396],[12.07628,54.93193],[12.07767,54.93151],[12.07874,54.93101],[12.0793,54.92994],[12.0807,54.92951],[12.08215,54.92944],[12.08636,54.92835],[12.08601,54.92792],[12.08509,54.9275],[12.08552,54.92679],[12.08564,54.92668],[12.08663,54.92675],[12.08821,54.92625],[12.08669,54.92556],[12.08687,54.92417],[12.08719,54.9233],[12.08726,54.92238],[12.0871,54.92177],[12.08316,54.91793],[12.08204,54.91737],[12.08033,54.91573],[12.07909,54.91275],[12.07799,54.91196],[12.07697,54.91176],[12.07554,54.91023],[12.07553,54.90986],[12.07545,54.90977],[12.07878,54.90921],[12.07811,54.90996],[12.07854,54.91063],[12.07867,54.91067],[12.0812,54.9115],[12.08172,54.91137],[12.08306,54.9097],[12.08362,54.90845],[12.08395,54.90839],[12.10413,54.90506],[12.10694,54.9064],[12.10949,54.90669],[12.11166,54.9068],[12.11633,54.9079],[12.12058,54.9082],[12.12181,54.90879],[12.12219,54.90908],[12.12208,54.91058],[12.11923,54.91154],[12.1181,54.91208],[12.11651,54.91488],[12.11652,54.91545],[12.11577,54.91616],[12.11187,54.91644],[12.10928,54.9171],[12.11003,54.91864],[12.11209,54.9207],[12.11208,54.92119],[12.11173,54.92171],[12.11225,54.92315],[12.11474,54.92576],[12.11922,54.93275],[12.11993,54.93323],[12.12424,54.9336],[12.12849,54.93511],[12.13415,54.93795],[12.13935,54.93938],[12.14539,54.94169],[12.14687,54.94312],[12.14701,54.94325],[12.14646,54.94307],[12.14603,54.94294],[12.14033,54.9435],[12.13585,54.94554],[12.13333,54.94588],[12.13004,54.94697],[12.12404,54.95094],[12.12128,54.95408],[12.12032,54.95727],[12.12152,54.95836],[12.12646,54.95821],[12.1271,54.95836],[12.12732,54.95841],[12.13139,54.96195],[12.13292,54.96258],[12.13546,54.96302],[12.13823,54.96484],[12.14127,54.96541],[12.14292,54.96516],[12.14554,54.96548],[12.14642,54.96656],[12.14499,54.96822],[12.14539,54.96857],[12.15337,54.97002],[12.15812,54.97039],[12.16109,54.97122],[12.16331,54.97177],[12.16635,54.97107],[12.16725,54.97071],[12.16735,54.97012],[12.17255,54.96833],[12.17646,54.9681],[12.17987,54.96834],[12.18151,54.96777],[12.18261,54.96804],[12.1838,54.97082],[12.18379,54.97096],[12.18038,54.97247],[12.17833,54.97513],[12.17198,54.97888],[12.17012,54.98015],[12.16836,54.98219],[12.16827,54.98555],[12.16727,54.98676],[12.16813,54.98683],[12.16851,54.98669],[12.16997,54.98595],[12.17165,54.98545],[12.17306,54.9855],[12.17454,54.98535],[12.17612,54.98506],[12.17926,54.98518],[12.18226,54.98454],[12.18428,54.98404],[12.18619,54.98319],[12.18819,54.98279],[12.18956,54.98309],[12.19011,54.98296],[12.19361,54.98215],[12.1972,54.98076],[12.19893,54.97924],[12.2025,54.97796],[12.20277,54.97782],[12.2037,54.97462],[12.2035,54.97368],[12.20275,54.97268],[12.20244,54.97074],[12.20408,54.96834],[12.20667,54.9667],[12.20681,54.96675],[12.20817,54.96671],[12.21104,54.9681],[12.21409,54.96852],[12.22468,54.97195],[12.22807,54.97388],[12.23285,54.97517],[12.23787,54.97558],[12.25353,54.978],[12.25471,54.97835],[12.26034,54.98235],[12.27335,54.98417],[12.27713,54.98369],[12.28428,54.98019],[12.28262,54.97997],[12.28113,54.97905],[12.27975,54.97755],[12.27914,54.97519],[12.27866,54.97455],[12.27512,54.97249],[12.27531,54.97057],[12.27414,54.96849],[12.27305,54.96825],[12.27235,54.96713],[12.27242,54.96483],[12.27131,54.9643],[12.26868,54.96426],[12.26683,54.96321],[12.26689,54.96317],[12.26825,54.96218],[12.27064,54.96157],[12.27367,54.96119],[12.27387,54.96125],[12.27845,54.96251],[12.27915,54.96368],[12.28034,54.9644],[12.28575,54.9651],[12.28776,54.96443],[12.28867,54.96444],[12.29104,54.96509],[12.29161,54.96544],[12.29142,54.96593],[12.2928,54.96715],[12.29888,54.97003],[12.30056,54.97319],[12.30195,54.97431],[12.30545,54.97539],[12.30754,54.97683],[12.31197,54.97882],[12.31618,54.97892],[12.32028,54.98057],[12.32029,54.98057],[12.3228,54.98168],[12.32539,54.98235],[12.32894,54.98281],[12.33312,54.98336],[12.3408,54.98379],[12.35145,54.98472],[12.35294,54.98493],[12.35436,54.98604],[12.35431,54.98611],[12.35407,54.98654],[12.35225,54.98702],[12.34848,54.98752],[12.34565,54.98755],[12.34528,54.98762],[12.34509,54.98756],[12.33433,54.98669],[12.32616,54.9858],[12.32204,54.98575],[12.32198,54.98572],[12.3217,54.98561]]]}},{"type":"Feature","properties":{"name":"Vordingborg"},"geometry":{"type":"Polygon","coordinates":[[[11.89839,54.97721],[11.89715,54.97729],[11.89672,54.97732],[11.89564,54.9774],[11.89305,54.97853],[11.89207,54.97974],[11.89076,54.98085],[11.88927,54.98183],[11.88644,54.98094],[11.88621,54.98108],[11.88572,54.9823],[11.88481,54.98457],[11.88089,54.9867],[11.87513,54.99293],[11.87462,54.99416],[11.87447,54.99455],[11.87571,54.99553],[11.87951,54.99772],[11.88324,54.99808],[11.88915,54.99567],[11.89075,54.99502],[11.89103,54.99499],[11.89105,54.99448],[11.89082,54.99304],[11.89369,54.99067],[11.89435,54.98969],[11.89484,54.98515],[11.89662,54.98341],[11.89854,54.97974],[11.89839,54.97721]]]}},{"type":"Feature","properties":{"name":"Vordingborg"},"geometry":{"type":"Polygon","coordinates":[[[12.09775,54.95974],[12.09802,54.95981],[12.09856,54.96068],[12.09933,54.96094],[12.10194,54.96105],[12.10322,54.96181],[12.10393,54.96146],[12.10421,54.96069],[12.10425,54.96058],[12.10163,54.95775],[12.10137,54.95596],[12.09903,54.95507],[12.09795,54.95568],[12.09663,54.95554],[12.09603,54.95508],[12.09636,54.95304],[12.09854,54.95093],[12.0995,54.94883],[12.0953,54.95241],[12.09301,54.9534],[12.09164,54.95346],[12.09152,54.95353],[12.09138,54.95347],[12.09129,54.95347],[12.09104,54.95349],[12.08882,54.95286],[12.08544,54.95099],[12.08334,54.95097],[12.08126,54.95043],[12.07738,54.94997],[12.07685,54.94927],[12.07606,54.9482],[12.07765,54.9474],[12.07689,54.94705],[12.075,54.94782],[12.07183,54.94833],[12.06366,54.95112],[12.05968,54.95259],[12.0601,54.95318],[12.06429,54.95391],[12.0692,54.95415],[12.07416,54.95485],[12.08047,54.95693],[12.08225,54.95713],[12.0835,54.95663],[12.08467,54.95687],[12.09248,54.96087],[12.09299,54.96098],[12.09418,54.96062],[12.09505,54.95993],[12.09734,54.95983],[12.09775,54.95974]]]}},{"type":"Feature","properties":{"name":"Vordingborg"},"geometry":{"type":"Polygon","coordinates":[[[12.10364,54.96768],[12.10355,54.9678],[12.10141,54.97029],[12.10184,54.97268],[12.10357,54.97387],[12.10938,54.97617],[12.11065,54.97749],[12.11233,54.97772],[12.11402,54.97913],[12.11502,54.98033],[12.11503,54.98051],[12.11474,54.98141],[12.11209,54.98355],[12.11182,54.98431],[12.10649,54.98566],[12.10661,54.98583],[12.11118,54.98475],[12.1139,54.98614],[12.11573,54.98789],[12.11919,54.98801],[12.1216,54.98718],[12.12293,54.9858],[12.12397,54.98567],[12.12423,54.98577],[12.12661,54.98673],[12.12904,54.98753],[12.13037,54.98902],[12.13161,54.98866],[12.13216,54.98806],[12.12912,54.98561],[12.12511,54.98283],[12.12399,54.98198],[12.12283,54.98071],[12.12068,54.97942],[12.11907,54.97901],[12.1175,54.97814],[12.11713,54.9778],[12.11685,54.97736],[12.11657,54.97618],[12.11719,54.97322],[12.11592,54.97078],[12.11523,54.97079],[12.11489,54.97167],[12.1138,54.97226],[12.1114,54.97232],[12.10866,54.97295],[12.10823,54.97282],[12.10795,54.97288],[12.10794,54.97272],[12.10701,54.97242],[12.10752,54.97112],[12.10769,54.97023],[12.10631,54.96967],[12.10455,54.96793],[12.10364,54.96768]]]}},{"type":"Feature","properties":{"name":"Kalundborg"},"geometry":{"type":"Polygon","coordinates":[[[11.05552,55.68506],[11.04904,55.68673],[11.04745,55.68742],[11.04744,55.68742],[11.04529,55.68799],[11.0411,55.69001],[11.03915,55.69207],[11.03686,55.69364],[11.0359,55.69403],[11.03517,55.69445],[11.03333,55.69508],[11.03035,55.6963],[11.0277,55.69672],[11.02407,55.69818],[11.02229,55.70008],[11.02012,55.70151],[11.01797,55.70222],[11.01498,55.70402],[11.01333,55.70611],[11.01005,55.70909],[11.00438,55.71298],[11.00109,55.71761],[11.00109,55.71761],[10.9991,55.71909],[10.99643,55.72254],[10.99447,55.72411],[10.99078,55.72462],[10.98626,55.72651],[10.98413,55.7272],[10.98072,55.72721],[10.97396,55.72823],[10.96828,55.72961],[10.96489,55.72963],[10.9619,55.72939],[10.95949,55.72906],[10.95284,55.72766],[10.94936,55.72738],[10.93996,55.72805],[10.93613,55.72805],[10.93419,55.72794],[10.93362,55.7279],[10.93025,55.72718],[10.92839,55.72691],[10.92464,55.72706],[10.91689,55.72754],[10.90913,55.7289],[10.90271,55.73028],[10.89575,55.73214],[10.88848,55.73501],[10.88572,55.73498],[10.88522,55.73514],[10.88351,55.73628],[10.87997,55.73898],[10.87637,55.74102],[10.87173,55.74261],[10.86873,55.74303],[10.86835,55.74341],[10.86876,55.7438],[10.87709,55.74306],[10.88456,55.74296],[10.89023,55.74321],[10.89771,55.74372],[10.90129,55.7444],[10.9068,55.74587],[10.9143,55.74713],[10.921,55.74892],[10.92406,55.74947],[10.92832,55.74963],[10.9299,55.74974],[10.93884,55.74915],[10.94178,55.74929],[10.94259,55.74949],[10.94283,55.7495],[10.94401,55.74986],[10.94407,55.75139],[10.94521,55.75147],[10.94547,55.7501],[10.94695,55.7498],[10.95542,55.74982],[10.96092,55.74876],[10.97049,55.74856],[10.98628,55.74653],[10.98653,55.7465],[10.99754,55.74345],[11.00337,55.74275],[11.00732,55.74186],[11.00746,55.7418],[11.00777,55.74165],[11.0077,55.74053],[11.00933,55.7394],[11.01592,55.73709],[11.02022,55.73626],[11.02485,55.73609],[11.02486,55.73609],[11.0275,55.73619],[11.0297,55.73555],[11.03041,55.73511],[11.03535,55.73435],[11.03829,55.73318],[11.04139,55.73285],[11.04218,55.73217],[11.04335,55.73189],[11.04503,55.73183],[11.04623,55.73179],[11.06005,55.73275],[11.07472,55.73479],[11.08012,55.73506],[11.0811,55.73519],[11.08158,55.73533],[11.08334,55.73565],[11.09197,55.73815],[11.09668,55.73975],[11.10819,55.74311],[11.1129,55.74501],[11.11832,55.74784],[11.12767,55.75219],[11.13285,55.75264],[11.13424,55.75245],[11.13656,55.75152],[11.13659,55.75151],[11.13664,55.75149],[11.14124,55.7523],[11.14391,55.75333],[11.14619,55.75339],[11.14722,55.75291],[11.14807,55.75188],[11.15118,55.75109],[11.15227,55.75097],[11.15356,55.75083],[11.16001,55.7511],[11.16852,55.75255],[11.17516,55.75471],[11.17795,55.75447],[11.18059,55.75052],[11.18044,55.74829],[11.18429,55.74582],[11.18559,55.74382],[11.18698,55.7417],[11.17881,55.74689],[11.17811,55.74904],[11.17734,55.75063],[11.17645,55.75212],[11.17594,55.75238],[11.17545,55.75122],[11.17655,55.74724],[11.18549,55.73991],[11.1864,55.73823],[11.18694,55.73766],[11.18681,55.73753],[11.19107,55.73509],[11.19375,55.73432],[11.19592,55.73324],[11.19656,55.73229],[11.19672,55.73187],[11.19673,55.73187],[11.21253,55.73248],[11.21413,55.73506],[11.21551,55.73522],[11.21739,55.73603],[11.21906,55.73967],[11.21708,55.74097],[11.21595,55.74153],[11.2154,55.74152],[11.21498,55.7425],[11.21493,55.74466],[11.21637,55.74638],[11.22254,55.74767],[11.22441,55.74724],[11.22545,55.74533],[11.22701,55.74469],[11.2279,55.74387],[11.22799,55.74255],[11.23015,55.7416],[11.23247,55.74073],[11.23502,55.7401],[11.24179,55.73709],[11.24288,55.73606],[11.24861,55.73519],[11.24737,55.7341],[11.24773,55.73263],[11.25124,55.73123],[11.25455,55.72992],[11.25487,55.72988],[11.25672,55.72968],[11.26259,55.72992],[11.26486,55.73023],[11.26582,55.73036],[11.26993,55.73153],[11.27963,55.73584],[11.28583,55.73966],[11.29085,55.74492],[11.29226,55.74699],[11.29222,55.74813],[11.2932,55.75042],[11.2931,55.75168],[11.29296,55.75183],[11.29298,55.75193],[11.29278,55.75201],[11.2914,55.75344],[11.28935,55.75379],[11.28727,55.75395],[11.28536,55.75507],[11.28753,55.75493],[11.28951,55.75574],[11.29272,55.75362],[11.29286,55.75359],[11.29511,55.75395],[11.29639,55.75464],[11.29708,55.75463],[11.30066,55.75377],[11.30306,55.7522],[11.30407,55.75134],[11.30276,55.75156],[11.30183,55.7519],[11.29967,55.75323],[11.29656,55.75416],[11.29716,55.75278],[11.29578,55.75256],[11.2958,55.75253],[11.29618,55.75206],[11.29756,55.75144],[11.29816,55.75075],[11.29838,55.7505],[11.29626,55.74967],[11.29636,55.74899],[11.29672,55.74859],[11.2977,55.74842],[11.29804,55.74771],[11.298,55.74675],[11.29996,55.74505],[11.30378,55.74452],[11.30331,55.74295],[11.30371,55.74276],[11.30435,55.74382],[11.30439,55.74376],[11.30442,55.74372],[11.30447,55.74403],[11.30507,55.74506],[11.30653,55.74653],[11.30533,55.74786],[11.30571,55.74962],[11.30739,55.75247],[11.30958,55.75394],[11.31155,55.75432],[11.31389,55.75408],[11.32078,55.75352],[11.32371,55.75364],[11.32511,55.7537],[11.32608,55.75319],[11.32702,55.75314],[11.33584,55.75388],[11.34928,55.75749],[11.3628,55.75267],[11.36287,55.74955],[11.372,55.74846],[11.37227,55.73638],[11.39969,55.73904],[11.4131,55.73304],[11.40644,55.71165],[11.38785,55.69933],[11.38384,55.68668],[11.37347,55.68403],[11.37834,55.66574],[11.39017,55.66003],[11.38854,55.65718],[11.35803,55.6446],[11.35174,55.64201],[11.35105,55.64133],[11.35155,55.64097],[11.35107,55.63951],[11.37845,55.63868],[11.37141,55.62764],[11.39938,55.60137],[11.40416,55.58776],[11.42683,55.58031],[11.43636,55.57954],[11.43174,55.56117],[11.452,55.56153],[11.4508,55.55791],[11.45989,55.55444],[11.45793,55.55003],[11.44243,55.54774],[11.44279,55.54385],[11.41803,55.54862],[11.40271,55.54622],[11.38046,55.55371],[11.37296,55.54864],[11.36867,55.5527],[11.33733,55.54855],[11.33364,55.54149],[11.31856,55.53653],[11.33156,55.53389],[11.34083,55.53651],[11.37781,55.52086],[11.41769,55.53046],[11.42014,55.52614],[11.41107,55.52196],[11.41188,55.51235],[11.39874,55.50913],[11.41866,55.50755],[11.42235,55.49585],[11.40075,55.49168],[11.39991,55.48469],[11.39654,55.47729],[11.38414,55.47438],[11.38107,55.4693],[11.36916,55.46392],[11.36897,55.46154],[11.35602,55.45865],[11.34739,55.46149],[11.33954,55.45819],[11.33808,55.46702],[11.32712,55.47806],[11.30843,55.4737],[11.30912,55.4682],[11.30509,55.46663],[11.28933,55.46852],[11.28853,55.46233],[11.26996,55.46181],[11.24505,55.47474],[11.22941,55.46597],[11.22196,55.46674],[11.21384,55.46224],[11.19066,55.46272],[11.18733,55.46634],[11.18441,55.46813],[11.18143,55.47065],[11.17761,55.47597],[11.17772,55.47871],[11.17728,55.48003],[11.178,55.48388],[11.17808,55.48928],[11.17597,55.49298],[11.17473,55.49296],[11.17452,55.49302],[11.17388,55.49413],[11.17481,55.49512],[11.17377,55.49697],[11.17373,55.497],[11.17339,55.49727],[11.17153,55.49924],[11.16748,55.50249],[11.16536,55.50382],[11.16474,55.50421],[11.16435,55.50443],[11.15683,55.50661],[11.15926,55.50577],[11.15936,55.50531],[11.1566,55.50607],[11.15533,55.50665],[11.15452,55.50803],[11.15356,55.50821],[11.15328,55.5077],[11.15305,55.50777],[11.15202,55.5085],[11.15079,55.50886],[11.14354,55.51435],[11.1413,55.51541],[11.14139,55.51592],[11.13942,55.51808],[11.13885,55.51983],[11.13657,55.52319],[11.13415,55.5244],[11.13053,55.52551],[11.12871,55.52576],[11.12703,55.52613],[11.12587,55.52739],[11.12531,55.52859],[11.12597,55.52896],[11.12609,55.52981],[11.12565,55.53014],[11.12553,55.53024],[11.12349,55.53122],[11.12315,55.53264],[11.12215,55.53257],[11.12033,55.53195],[11.11817,55.52959],[11.11685,55.52973],[11.1163,55.52951],[11.11533,55.52837],[11.11468,55.52658],[11.11485,55.52557],[11.11565,55.52387],[11.11786,55.5223],[11.11993,55.52306],[11.12041,55.5225],[11.12411,55.52392],[11.12408,55.52344],[11.12178,55.52177],[11.11893,55.51891],[11.11835,55.51806],[11.11842,55.51802],[11.11825,55.51772],[11.11942,55.51739],[11.11887,55.51689],[11.11828,55.51709],[11.11785,55.51684],[11.11806,55.5166],[11.11765,55.5164],[11.11729,55.51634],[11.11536,55.51527],[11.11487,55.51379],[11.11289,55.51231],[11.11092,55.51164],[11.11078,55.51159],[11.10297,55.51073],[11.0945,55.5108],[11.09057,55.51173],[11.08765,55.51424],[11.08592,55.51509],[11.08463,55.51519],[11.08337,55.51476],[11.08045,55.51502],[11.08344,55.5207],[11.08834,55.53394],[11.08964,55.53448],[11.09432,55.53537],[11.09556,55.53611],[11.09674,55.536],[11.09797,55.53439],[11.09953,55.53399],[11.10129,55.53354],[11.10388,55.53369],[11.10427,55.53367],[11.10575,55.53405],[11.10743,55.53437],[11.10902,55.5351],[11.11039,55.53518],[11.11191,55.53569],[11.11505,55.53698],[11.1239,55.53712],[11.12583,55.53672],[11.12894,55.53531],[11.12993,55.53521],[11.13688,55.53567],[11.14037,55.53648],[11.14037,55.53541],[11.14008,55.53493],[11.13924,55.53409],[11.14016,55.53315],[11.14033,55.53296],[11.14187,55.53231],[11.14463,55.53207],[11.14609,55.53243],[11.14817,55.53275],[11.15085,55.53362],[11.15275,55.53458],[11.1534,55.53513],[11.15209,55.53572],[11.15428,55.5378],[11.15486,55.53783],[11.15694,55.53775],[11.15707,55.53811],[11.15714,55.53832],[11.15641,55.53837],[11.15469,55.53849],[11.1526,55.53791],[11.15158,55.53693],[11.14568,55.53599],[11.14268,55.53507],[11.1419,55.53729],[11.14379,55.53814],[11.14608,55.53988],[11.15059,55.54432],[11.15265,55.54697],[11.15634,55.55382],[11.15758,55.55697],[11.15788,55.56308],[11.15786,55.56527],[11.15677,55.57008],[11.15485,55.57256],[11.15364,55.57344],[11.15266,55.57581],[11.15036,55.58537],[11.14731,55.59021],[11.14356,55.59419],[11.13952,55.60045],[11.12984,55.61222],[11.12979,55.61239],[11.12977,55.61246],[11.12974,55.61257],[11.12663,55.6154],[11.12358,55.61749],[11.11064,55.62379],[11.1106,55.62381],[11.1074,55.62493],[11.1037,55.62567],[11.10209,55.62609],[11.09019,55.63142],[11.08375,55.63307],[11.07618,55.63598],[11.05001,55.64452],[11.04877,55.64499],[11.04723,55.64571],[11.04579,55.64665],[11.04302,55.6481],[11.03921,55.64946],[11.03267,55.65087],[11.02933,55.65165],[11.02862,55.65175],[11.02621,55.65227],[11.02088,55.65245],[11.01412,55.65385],[11.00895,55.65479],[10.99767,55.6558],[10.98763,55.65591],[10.97474,55.65662],[10.96437,55.65814],[10.95963,55.65839],[10.95305,55.65785],[10.94768,55.65913],[10.94565,55.65925],[10.94368,55.65893],[10.94326,55.65936],[10.94245,55.66064],[10.94058,55.66218],[10.94027,55.66232],[10.93732,55.66317],[10.93341,55.66347],[10.93359,55.66604],[10.93189,55.66842],[10.93243,55.67027],[10.93515,55.67258],[10.93689,55.67332],[10.93703,55.67339],[10.93838,55.6736],[10.9408,55.67374],[10.94267,55.67351],[10.94791,55.67209],[10.95176,55.67142],[10.95689,55.6719],[10.95802,55.6717],[10.95901,55.67152],[10.96185,55.67036],[10.96188,55.66904],[10.96462,55.66826],[10.96844,55.66797],[10.97586,55.66777],[10.98725,55.66697],[10.99883,55.66918],[11.00842,55.66829],[11.01653,55.66734],[11.02734,55.66528],[11.03252,55.66512],[11.03633,55.66534],[11.04285,55.66403],[11.04907,55.66327],[11.05633,55.66199],[11.05727,55.66161],[11.06354,55.66123],[11.06659,55.66118],[11.0677,55.66099],[11.07017,55.66148],[11.07175,55.66218],[11.0719,55.66294],[11.07199,55.6634],[11.07392,55.66382],[11.07792,55.66455],[11.07812,55.66451],[11.07824,55.6646],[11.07856,55.66466],[11.08257,55.66538],[11.08323,55.6655],[11.08445,55.6655],[11.08635,55.66403],[11.08628,55.66147],[11.08646,55.66135],[11.08724,55.66135],[11.08852,55.66243],[11.08865,55.66242],[11.09112,55.66459],[11.0959,55.664],[11.09712,55.66541],[11.09713,55.66541],[11.09718,55.6655],[11.09665,55.66571],[11.09627,55.66608],[11.10185,55.66579],[11.10363,55.66906],[11.10303,55.66921],[11.10293,55.66931],[11.10278,55.66927],[11.10263,55.66931],[11.10123,55.6697],[11.10073,55.66912],[11.10006,55.66836],[11.09909,55.66797],[11.09186,55.66903],[11.09002,55.66975],[11.08963,55.67065],[11.09021,55.67146],[11.09022,55.67166],[11.09091,55.67286],[11.09698,55.67207],[11.09806,55.67192],[11.09692,55.6736],[11.09752,55.67395],[11.09896,55.67387],[11.09896,55.67395],[11.10299,55.67401],[11.10188,55.6764],[11.10075,55.67642],[11.09628,55.67494],[11.09457,55.67597],[11.09216,55.67674],[11.09098,55.67687],[11.09015,55.67696],[11.08943,55.67703],[11.08322,55.67746],[11.08315,55.67746],[11.07989,55.67859],[11.07864,55.67931],[11.07848,55.67934],[11.07673,55.68027],[11.07523,55.68071],[11.07215,55.68065],[11.07141,55.68045],[11.07366,55.67642],[11.07456,55.67481],[11.07951,55.67055],[11.07963,55.67045],[11.07919,55.67019],[11.07881,55.67008],[11.07856,55.6701],[11.07741,55.66969],[11.07621,55.67012],[11.07592,55.67037],[11.07557,55.67067],[11.07505,55.67133],[11.07484,55.67131],[11.0749,55.67146],[11.07468,55.67149],[11.07464,55.67166],[11.07449,55.67162],[11.07432,55.67189],[11.07429,55.67194],[11.07411,55.67194],[11.07398,55.67214],[11.07381,55.67221],[11.07272,55.67324],[11.07254,55.67331],[11.07178,55.67398],[11.07177,55.674],[11.07158,55.67423],[11.07145,55.67425],[11.06935,55.67598],[11.06815,55.67768],[11.06174,55.68234],[11.06103,55.68275],[11.0605,55.68293],[11.05844,55.68395],[11.05552,55.68506]]]}},{"type":"Feature","properties":{"name":"Kalundborg"},"geometry":{"type":"Polygon","coordinates":[[[11.08107,55.4751],[11.08153,55.47513],[11.08193,55.47516],[11.08202,55.47522],[11.08288,55.47583],[11.08051,55.47677],[11.08321,55.4773],[11.0865,55.47692],[11.08699,55.4764],[11.08781,55.47503],[11.08519,55.47458],[11.08391,55.4746],[11.07313,55.47401],[11.07269,55.47399],[11.0749,55.47784],[11.07704,55.47969],[11.07859,55.48208],[11.0793,55.48243],[11.08169,55.48217],[11.08002,55.48128],[11.07853,55.47981],[11.07823,55.47819],[11.07833,55.47769],[11.08107,55.4751]]]}},{"type":"Feature","properties":{"name":"Kalundborg"},"geometry":{"type":"Polygon","coordinates":[[[11.21681,55.85477],[11.21262,55.8583],[11.20563,55.86149],[11.20091,55.86275],[11.19382,55.86463],[11.19133,55.86499],[11.19098,55.86505],[11.18854,55.8649],[11.1832,55.86517],[11.17909,55.86728],[11.17545,55.86828],[11.17356,55.8687],[11.1722,55.86901],[11.16152,55.86929],[11.15619,55.87062],[11.1539,55.87146],[11.14901,55.87437],[11.14404,55.87616],[11.1401,55.88024],[11.13972,55.88037],[11.13957,55.88037],[11.13849,55.87988],[11.13687,55.88028],[11.13631,55.88042],[11.13548,55.88063],[11.13527,55.88122],[11.13418,55.88104],[11.13411,55.88103],[11.12819,55.88533],[11.12609,55.88765],[11.12205,55.89092],[11.11664,55.89636],[11.11628,55.89651],[11.11607,55.89671],[11.11567,55.89678],[11.11292,55.89797],[11.11006,55.89796],[11.10785,55.89824],[11.10653,55.89848],[11.1034,55.89947],[11.09906,55.89987],[11.09703,55.90058],[11.09537,55.90217],[11.09324,55.90332],[11.09302,55.90336],[11.09291,55.90339],[11.09269,55.90351],[11.09099,55.90373],[11.09011,55.90338],[11.08792,55.90345],[11.08478,55.9047],[11.08258,55.9068],[11.08205,55.90886],[11.07893,55.91262],[11.07893,55.91439],[11.07963,55.91682],[11.07896,55.91948],[11.07998,55.91954],[11.0814,55.91961],[11.0836,55.91799],[11.08501,55.9175],[11.08864,55.91674],[11.08998,55.91671],[11.09347,55.91574],[11.09615,55.91557],[11.09777,55.91581],[11.10251,55.91372],[11.10536,55.91283],[11.1121,55.91199],[11.11592,55.91197],[11.11676,55.91151],[11.11619,55.91007],[11.11805,55.90647],[11.12072,55.90512],[11.12301,55.90343],[11.12731,55.90229],[11.13392,55.89961],[11.1406,55.89841],[11.14648,55.89687],[11.14833,55.89536],[11.15144,55.89307],[11.15458,55.89172],[11.15643,55.89031],[11.16047,55.88875],[11.16619,55.88713],[11.16627,55.88594],[11.16705,55.88502],[11.17064,55.88296],[11.17275,55.88129],[11.17293,55.88073],[11.17327,55.88047],[11.17502,55.87939],[11.17958,55.87751],[11.18361,55.87634],[11.1873,55.87458],[11.19114,55.87102],[11.19649,55.86891],[11.1985,55.86749],[11.20563,55.86629],[11.20865,55.86555],[11.21014,55.86468],[11.21341,55.86408],[11.21405,55.86298],[11.21478,55.86173],[11.21386,55.85925],[11.21456,55.85724],[11.21681,55.85477]]]}},{"type":"Feature","properties":{"name":"Kalundborg"},"geometry":{"type":"Polygon","coordinates":[[[11.28504,55.79567],[11.28645,55.79551],[11.28625,55.79445],[11.28828,55.79383],[11.28873,55.79338],[11.29354,55.79238],[11.29399,55.79178],[11.29511,55.79029],[11.29495,55.78899],[11.29315,55.78686],[11.29195,55.78596],[11.29007,55.78521],[11.29021,55.78505],[11.29014,55.78499],[11.29048,55.78475],[11.29133,55.78379],[11.29464,55.78174],[11.29531,55.78178],[11.29554,55.78083],[11.29983,55.7787],[11.30059,55.7777],[11.3018,55.77739],[11.30431,55.77596],[11.30397,55.77493],[11.3028,55.77428],[11.30363,55.77163],[11.30216,55.76948],[11.30221,55.76941],[11.30304,55.76807],[11.30424,55.76714],[11.30618,55.76539],[11.29863,55.76692],[11.29831,55.76711],[11.2973,55.76863],[11.29381,55.76956],[11.29257,55.77044],[11.29207,55.7716],[11.29257,55.77305],[11.29136,55.77554],[11.28981,55.77603],[11.28951,55.77666],[11.28845,55.77712],[11.28684,55.7795],[11.28526,55.78011],[11.28406,55.7813],[11.2828,55.78332],[11.28,55.78592],[11.27927,55.78922],[11.27964,55.79085],[11.28164,55.79512],[11.28469,55.79619],[11.28504,55.79567]]]}},{"type":"Feature","properties":{"name":"Aabenraa"},"geometry":{"type":"Polygon","coordinates":[[[9.51098,54.85795],[9.51215,54.85672],[9.51315,54.85679],[9.51324,54.85674],[9.51238,54.85629],[9.51189,54.85619],[9.5092,54.8562],[9.5078,54.85653],[9.50742,54.85679],[9.50706,54.85821],[9.50601,54.85879],[9.50676,54.85923],[9.50732,54.85936],[9.5094,54.85886],[9.51098,54.85795]]]}},{"type":"Feature","properties":{"name":"Aabenraa"},"geometry":{"type":"Polygon","coordinates":[[[9.09249,55.02429],[9.08757,55.03291],[9.11589,55.04436],[9.1126,55.05034],[9.14118,55.05731],[9.13527,55.07981],[9.11241,55.08324],[9.13888,55.09121],[9.14869,55.09907],[9.16121,55.09035],[9.16859,55.09386],[9.19688,55.09316],[9.20808,55.10514],[9.21859,55.10801],[9.2472,55.12196],[9.24949,55.13939],[9.2587,55.13718],[9.27224,55.13098],[9.28819,55.13592],[9.2963,55.15274],[9.29501,55.16679],[9.31873,55.16712],[9.33874,55.15718],[9.35551,55.15652],[9.36364,55.14975],[9.37065,55.15228],[9.39166,55.14893],[9.39788,55.15379],[9.41007,55.15366],[9.41697,55.14767],[9.43158,55.15068],[9.43851,55.14592],[9.45385,55.14644],[9.47435,55.1314],[9.47434,55.13139],[9.47432,55.13139],[9.47224,55.13061],[9.46924,55.12678],[9.46648,55.12608],[9.46403,55.12458],[9.464,55.12398],[9.46396,55.1228],[9.4646,55.12226],[9.46535,55.12181],[9.46545,55.12174],[9.4693,55.12249],[9.46927,55.12215],[9.46875,55.12072],[9.46827,55.11867],[9.4687,55.11751],[9.4685,55.11655],[9.46812,55.11656],[9.46696,55.1168],[9.46486,55.11624],[9.46316,55.11631],[9.46254,55.1167],[9.46247,55.11752],[9.46296,55.11809],[9.46396,55.1184],[9.46558,55.11927],[9.46453,55.12031],[9.46313,55.12014],[9.46307,55.12083],[9.46487,55.12145],[9.46433,55.12196],[9.4624,55.12115],[9.46109,55.12007],[9.46033,55.11838],[9.45967,55.11831],[9.45989,55.11637],[9.46016,55.1159],[9.45945,55.11527],[9.45717,55.11454],[9.4574,55.11419],[9.45762,55.11422],[9.45764,55.11422],[9.45764,55.11422],[9.45872,55.11436],[9.45995,55.11519],[9.46066,55.11517],[9.46277,55.11513],[9.46456,55.11502],[9.46558,55.11402],[9.46627,55.11384],[9.46947,55.11508],[9.47078,55.11497],[9.47203,55.11545],[9.47351,55.11716],[9.47791,55.11845],[9.4781,55.1185],[9.47979,55.11737],[9.47948,55.11633],[9.48032,55.11529],[9.48207,55.11471],[9.48347,55.11526],[9.48558,55.11743],[9.48783,55.11784],[9.48919,55.118],[9.49114,55.11943],[9.49538,55.11899],[9.49725,55.11889],[9.49788,55.11799],[9.49927,55.11761],[9.50114,55.11652],[9.50373,55.11281],[9.50542,55.11168],[9.50703,55.11088],[9.50749,55.11071],[9.51276,55.10975],[9.51434,55.10957],[9.51459,55.11028],[9.51509,55.11039],[9.51646,55.10988],[9.5197,55.10948],[9.51992,55.10945],[9.52537,55.10648],[9.52594,55.10468],[9.52732,55.1033],[9.52758,55.10303],[9.52903,55.1022],[9.53108,55.10198],[9.5335,55.10001],[9.53442,55.09757],[9.53872,55.09217],[9.53922,55.09191],[9.5393,55.0918],[9.53959,55.09171],[9.5413,55.09078],[9.54247,55.09049],[9.54515,55.09043],[9.5475,55.08919],[9.55036,55.08975],[9.55099,55.08953],[9.55061,55.0875],[9.55206,55.08076],[9.55055,55.07532],[9.54857,55.07425],[9.54473,55.0707],[9.54257,55.07009],[9.53853,55.06726],[9.53379,55.06546],[9.52994,55.06291],[9.52824,55.06113],[9.5264,55.05979],[9.5252,55.05861],[9.52106,55.05582],[9.51946,55.05529],[9.51458,55.0526],[9.51145,55.05075],[9.50846,55.04974],[9.50658,55.04868],[9.50146,55.04668],[9.50044,55.04523],[9.49576,55.04764],[9.48978,55.04773],[9.48752,55.04738],[9.48209,55.04849],[9.47417,55.04758],[9.46793,55.04796],[9.46643,55.04828],[9.46643,55.04828],[9.46497,55.04808],[9.46318,55.04715],[9.4611,55.04454],[9.46042,55.04401],[9.45486,55.04266],[9.4478,55.04194],[9.44209,55.04068],[9.43987,55.04104],[9.43536,55.04106],[9.43272,55.04164],[9.4313,55.04194],[9.43075,55.0424],[9.43037,55.0425],[9.4287,55.04277],[9.42897,55.04484],[9.42801,55.04692],[9.42649,55.04684],[9.42762,55.0426],[9.42732,55.04234],[9.42311,55.04237],[9.4231,55.04183],[9.4272,55.04182],[9.42762,55.0415],[9.42688,55.04118],[9.42322,55.041],[9.42318,55.04039],[9.42392,55.04033],[9.42393,55.04044],[9.42531,55.04047],[9.42533,55.0404],[9.42589,55.04049],[9.42713,55.04052],[9.42778,55.03878],[9.42766,55.03877],[9.42825,55.03754],[9.42734,55.03742],[9.42676,55.03864],[9.42244,55.03816],[9.42236,55.0352],[9.42499,55.03516],[9.42494,55.0349],[9.42481,55.03458],[9.4219,55.03446],[9.42145,55.03362],[9.4217,55.03231],[9.42241,55.02845],[9.42381,55.02597],[9.42493,55.02499],[9.42498,55.02495],[9.42499,55.02494],[9.4274,55.02372],[9.43035,55.023],[9.434,55.02175],[9.43418,55.02169],[9.43579,55.02174],[9.43592,55.02167],[9.43644,55.02175],[9.43519,55.02341],[9.43523,55.02468],[9.44107,55.02536],[9.44121,55.0253],[9.44159,55.02484],[9.44162,55.02481],[9.44163,55.02457],[9.44216,55.02412],[9.44588,55.02311],[9.4482,55.01904],[9.45037,55.01741],[9.45335,55.01642],[9.45367,55.01631],[9.45563,55.01644],[9.45761,55.01736],[9.46035,55.01742],[9.46443,55.01751],[9.47133,55.01737],[9.477,55.01693],[9.47936,55.0169],[9.48051,55.01787],[9.48383,55.0165],[9.49217,55.01483],[9.49219,55.01483],[9.49563,55.01482],[9.50218,55.01676],[9.5063,55.01666],[9.51179,55.01969],[9.51689,55.02356],[9.51862,55.02448],[9.5217,55.0255],[9.52587,55.02591],[9.52771,55.02696],[9.53455,55.02832],[9.53761,55.0295],[9.54132,55.03022],[9.5477,55.0316],[9.54771,55.0316],[9.54794,55.03164],[9.55107,55.03154],[9.55629,55.03286],[9.55791,55.03337],[9.55838,55.03345],[9.56183,55.03374],[9.56703,55.03334],[9.56982,55.03348],[9.57324,55.03444],[9.57569,55.03728],[9.57573,55.03733],[9.57563,55.03921],[9.57391,55.04236],[9.57599,55.04393],[9.57931,55.04386],[9.58058,55.0443],[9.58233,55.044],[9.59278,55.04024],[9.59639,55.04004],[9.59973,55.03926],[9.60645,55.03552],[9.60849,55.03309],[9.60907,55.03176],[9.60838,55.03016],[9.61313,55.02568],[9.61388,55.0243],[9.61771,55.01926],[9.61791,55.01916],[9.61986,55.0174],[9.62329,55.01565],[9.62665,55.01495],[9.62809,55.01373],[9.63003,55.0104],[9.62864,54.99997],[9.60956,54.97752],[9.59615,54.9725],[9.59287,54.96724],[9.58312,54.95579],[9.56771,54.95265],[9.56103,54.94735],[9.55746,54.94561],[9.55475,54.94501],[9.55312,54.9433],[9.55079,54.94214],[9.54903,54.94197],[9.54957,54.94384],[9.54872,54.94453],[9.54671,54.94375],[9.54531,54.9439],[9.54212,54.94331],[9.54082,54.94338],[9.53926,54.94463],[9.53922,54.94654],[9.53283,54.94511],[9.53199,54.94704],[9.5325,54.95026],[9.52612,54.9507],[9.51772,54.96226],[9.50388,54.95917],[9.49852,54.96274],[9.48597,54.96183],[9.49607,54.95007],[9.48161,54.93855],[9.47003,54.93549],[9.46597,54.93429],[9.47189,54.92369],[9.46831,54.90849],[9.51995,54.90446],[9.52013,54.90065],[9.53567,54.89557],[9.53461,54.89312],[9.50972,54.89221],[9.52386,54.87685],[9.52222,54.87564],[9.5205,54.87249],[9.51976,54.87195],[9.51704,54.87139],[9.5159,54.87078],[9.51495,54.87124],[9.51302,54.87128],[9.51225,54.87161],[9.50938,54.87136],[9.50911,54.87116],[9.50665,54.86927],[9.50492,54.86781],[9.50177,54.86393],[9.50083,54.86362],[9.49979,54.86232],[9.49889,54.86046],[9.49906,54.86],[9.49722,54.85966],[9.49244,54.85799],[9.49191,54.8578],[9.49054,54.85666],[9.49011,54.8554],[9.49011,54.8554],[9.4892,54.85459],[9.48671,54.85235],[9.48421,54.84943],[9.48536,54.84823],[9.48014,54.84749],[9.47768,54.84672],[9.47258,54.84577],[9.47083,54.84521],[9.46806,54.84372],[9.46697,54.84249],[9.46656,54.8422],[9.46412,54.84122],[9.4637,54.8398],[9.46235,54.83918],[9.45544,54.8384],[9.44783,54.83822],[9.44673,54.83774],[9.44673,54.83744],[9.44586,54.83726],[9.44544,54.83754],[9.44238,54.83677],[9.43422,54.83272],[9.4321,54.83212],[9.43151,54.83205],[9.43123,54.83202],[9.42229,54.83216],[9.42059,54.83194],[9.41931,54.83249],[9.41801,54.83218],[9.41659,54.83328],[9.41618,54.83421],[9.41625,54.83478],[9.41638,54.83585],[9.41846,54.83647],[9.41809,54.83804],[9.41669,54.83847],[9.41571,54.83956],[9.411,54.84209],[9.40876,54.84251],[9.40795,54.84257],[9.40698,54.84217],[9.40369,54.83883],[9.40362,54.83894],[9.40296,54.83992],[9.40259,54.84048],[9.39714,54.83929],[9.39541,54.83871],[9.39147,54.83836],[9.38748,54.8384],[9.38296,54.83922],[9.38095,54.83746],[9.38151,54.83568],[9.3789,54.83306],[9.37635,54.83385],[9.37579,54.83383],[9.37477,54.83333],[9.37477,54.83332],[9.37424,54.83125],[9.375,54.83087],[9.37634,54.82916],[9.37535,54.82811],[9.37515,54.8267],[9.37555,54.82587],[9.3741,54.82487],[9.37418,54.82344],[9.3726,54.82209],[9.37416,54.82121],[9.3709,54.81955],[9.37067,54.81909],[9.36787,54.81913],[9.36487,54.81752],[9.36279,54.81656],[9.36343,54.81531],[9.36275,54.81518],[9.36086,54.81624],[9.35648,54.81528],[9.35487,54.8144],[9.34646,54.80669],[9.34323,54.80714],[9.34205,54.80363],[9.34558,54.80216],[9.34372,54.80025],[9.33054,54.80418],[9.32946,54.80561],[9.29358,54.80893],[9.29347,54.80893],[9.29202,54.80616],[9.29558,54.80318],[9.29513,54.80215],[9.29493,54.80169],[9.28637,54.8043],[9.2842,54.80965],[9.28126,54.8098],[9.27334,54.81178],[9.27047,54.81214],[9.26499,54.81077],[9.25819,54.81056],[9.25008,54.80964],[9.24608,54.81722],[9.23836,54.82684],[9.23583,54.83122],[9.23542,54.8354],[9.23882,54.83906],[9.24489,54.84386],[9.24166,54.84815],[9.24029,54.84997],[9.24029,54.84997],[9.2235,54.8536],[9.20509,54.85904],[9.204,54.85913],[9.19463,54.85925],[9.19188,54.86027],[9.18796,54.86103],[9.18626,54.86306],[9.18479,54.86349],[9.16014,54.86887],[9.15519,54.87073],[9.15313,54.87121],[9.15131,54.87149],[9.14611,54.87251],[9.13653,54.87374],[9.1228,54.87266],[9.11781,54.87298],[9.11074,54.87404],[9.11044,54.87403],[9.09931,54.87194],[9.09557,54.87199],[9.09231,54.87053],[9.09081,54.87024],[9.07821,54.87172],[9.07608,54.87187],[9.07159,54.87118],[9.06821,54.87141],[9.06348,54.87118],[9.05987,54.87226],[9.05804,54.87281],[9.05755,54.87296],[9.04787,54.87205],[9.02904,54.87834],[9.02977,54.8803],[9.0269,54.88152],[9.0269,54.88152],[9.02463,54.88507],[9.0323,54.88674],[9.03079,54.90572],[9.04083,54.90931],[9.01527,54.91549],[9.00495,54.92862],[9.0072,54.93874],[9.0276,54.94422],[9.02489,54.96168],[9.04092,54.96723],[9.05972,54.96926],[9.06935,54.9773],[9.09383,54.98131],[9.06971,55.01291],[9.07332,55.02009],[9.09249,55.02429]]]}},{"type":"Feature","properties":{"name":"Aabenraa"},"geometry":{"type":"Polygon","coordinates":[[[9.55283,55.1108],[9.55269,55.11662],[9.55237,55.11812],[9.55207,55.11839],[9.55203,55.11862],[9.55176,55.11869],[9.55175,55.11869],[9.55117,55.11921],[9.5493,55.11955],[9.54784,55.1196],[9.54719,55.11936],[9.54585,55.11982],[9.5452,55.12143],[9.54475,55.12303],[9.54504,55.12448],[9.5481,55.12747],[9.54945,55.13053],[9.55017,55.1308],[9.55034,55.1308],[9.55411,55.13084],[9.56182,55.12944],[9.56334,55.12835],[9.56655,55.12429],[9.56865,55.1235],[9.57165,55.12123],[9.57174,55.12105],[9.57308,55.11844],[9.57329,55.11615],[9.5716,55.11334],[9.57127,55.1131],[9.56994,55.11213],[9.56792,55.11153],[9.56694,55.11092],[9.56633,55.11102],[9.56394,55.11165],[9.55838,55.1123],[9.55802,55.11225],[9.55633,55.11203],[9.55365,55.11085],[9.55332,55.11083],[9.55283,55.1108]]]}},{"type":"Feature","properties":{"name":"Varde"},"geometry":{"type":"Polygon","coordinates":[[[8.1184,55.6335],[8.12289,55.64071],[8.12289,55.64072],[8.12416,55.64344],[8.12785,55.64867],[8.12821,55.6502],[8.12996,55.65456],[8.13225,55.65811],[8.13545,55.6626],[8.138,55.66942],[8.14048,55.67248],[8.14234,55.67536],[8.14275,55.67703],[8.14389,55.68005],[8.14517,55.68288],[8.14692,55.68627],[8.1474,55.68702],[8.14793,55.68877],[8.1494,55.69066],[8.15119,55.6927],[8.15513,55.70193],[8.1602,55.71189],[8.16073,55.71374],[8.16069,55.71646],[8.16322,55.72062],[8.16363,55.72262],[8.1658,55.72604],[8.16607,55.72845],[8.16718,55.73134],[8.167,55.73343],[8.1701,55.74001],[8.17098,55.74297],[8.17093,55.74461],[8.1723,55.74788],[8.17362,55.75314],[8.17299,55.7542],[8.17382,55.75703],[8.1747,55.75757],[8.17541,55.76426],[8.17639,55.76927],[8.17638,55.77265],[8.17638,55.77266],[8.17486,55.7841],[8.17536,55.79368],[8.17451,55.8006],[8.17374,55.80102],[8.17369,55.80382],[8.17101,55.81542],[8.171,55.81544],[8.18167,55.81904],[8.18397,55.819],[8.18397,55.819],[8.18399,55.81896],[8.18663,55.81846],[8.18981,55.81742],[8.18986,55.81743],[8.19062,55.81764],[8.18976,55.81928],[8.18736,55.82188],[8.18704,55.82244],[8.18284,55.82402],[8.18161,55.82411],[8.1795,55.82526],[8.18096,55.82629],[8.18085,55.82683],[8.17941,55.82625],[8.18025,55.83055],[8.17992,55.83064],[8.20409,55.83245],[8.22835,55.82548],[8.22485,55.81363],[8.2446,55.81158],[8.2711,55.79717],[8.2841,55.80146],[8.30369,55.79743],[8.32179,55.80098],[8.32774,55.80036],[8.32759,55.80407],[8.35081,55.82229],[8.37998,55.80152],[8.4034,55.80258],[8.42405,55.79903],[8.41499,55.79545],[8.44068,55.78806],[8.44938,55.7764],[8.46889,55.77311],[8.46221,55.78085],[8.49468,55.77676],[8.49333,55.77909],[8.50257,55.77918],[8.5139,55.78759],[8.50858,55.79844],[8.51275,55.81026],[8.53251,55.81525],[8.53715,55.81315],[8.5333,55.81782],[8.54627,55.82234],[8.53235,55.84117],[8.5666,55.84989],[8.56994,55.84768],[8.59266,55.83492],[8.62576,55.84494],[8.65727,55.8443],[8.67621,55.8483],[8.69229,55.84016],[8.70798,55.83776],[8.70691,55.82466],[8.72224,55.82135],[8.72236,55.81384],[8.74457,55.8064],[8.75889,55.80608],[8.75745,55.77977],[8.74993,55.7765],[8.75273,55.75847],[8.76918,55.75689],[8.77768,55.76057],[8.78951,55.75204],[8.81472,55.73903],[8.83361,55.73237],[8.83742,55.72672],[8.83069,55.72664],[8.81717,55.71382],[8.81131,55.69753],[8.80051,55.69667],[8.79872,55.6832],[8.81841,55.67923],[8.81774,55.68231],[8.84302,55.66911],[8.87261,55.67268],[8.88611,55.66123],[8.89015,55.65928],[8.88121,55.63784],[8.90302,55.62567],[8.91448,55.61784],[8.90397,55.60707],[8.88426,55.60302],[8.87667,55.59636],[8.81068,55.58807],[8.7745,55.57944],[8.76221,55.55339],[8.74446,55.54828],[8.74181,55.54178],[8.73519,55.54038],[8.73745,55.53952],[8.73231,55.53745],[8.73141,55.53219],[8.7255,55.52767],[8.69239,55.5481],[8.68073,55.54922],[8.67488,55.54833],[8.68354,55.54289],[8.66104,55.54676],[8.61454,55.53363],[8.60144,55.52856],[8.59656,55.53506],[8.59749,55.54506],[8.57934,55.55269],[8.57263,55.56032],[8.55737,55.56379],[8.56737,55.5669],[8.54624,55.58408],[8.50975,55.58658],[8.50971,55.58658],[8.48713,55.58175],[8.47073,55.5849],[8.46212,55.58153],[8.47069,55.57635],[8.46873,55.57139],[8.44111,55.56316],[8.45477,55.55189],[8.45309,55.54617],[8.44133,55.55306],[8.42957,55.54954],[8.4032,55.55736],[8.41077,55.57205],[8.36075,55.59136],[8.35776,55.5969],[8.35161,55.59259],[8.33382,55.59059],[8.32801,55.58134],[8.31822,55.57898],[8.31416,55.5786],[8.31417,55.57864],[8.31491,55.57938],[8.31516,55.5795],[8.31535,55.57981],[8.31553,55.58325],[8.31453,55.58496],[8.31324,55.58611],[8.30851,55.589],[8.3075,55.58949],[8.30702,55.58964],[8.30488,55.59056],[8.28985,55.59485],[8.28297,55.5956],[8.27683,55.5962],[8.27437,55.59575],[8.27094,55.59562],[8.27092,55.59563],[8.26949,55.59613],[8.26843,55.59586],[8.25792,55.58663],[8.25559,55.58506],[8.24834,55.58102],[8.24831,55.581],[8.24517,55.57764],[8.24481,55.57478],[8.24516,55.57355],[8.24504,55.57344],[8.24418,55.57271],[8.24276,55.57222],[8.24273,55.57221],[8.24005,55.57154],[8.23723,55.56886],[8.23662,55.56682],[8.23695,55.56456],[8.23771,55.56365],[8.2381,55.56256],[8.23677,55.55822],[8.23682,55.55506],[8.23974,55.55],[8.24101,55.54873],[8.24201,55.54728],[8.24216,55.54613],[8.24416,55.54347],[8.24813,55.54029],[8.25135,55.53869],[8.25214,55.53806],[8.25666,55.53695],[8.26218,55.53633],[8.26918,55.53486],[8.26964,55.53417],[8.26983,55.53387],[8.26903,55.53215],[8.26873,55.53201],[8.26673,55.53221],[8.26428,55.53075],[8.25924,55.52917],[8.25837,55.52858],[8.25801,55.52843],[8.25566,55.52674],[8.25477,55.52537],[8.25483,55.52446],[8.25475,55.52441],[8.25483,55.5244],[8.25484,55.5243],[8.25656,55.52383],[8.26015,55.52406],[8.26115,55.52292],[8.26015,55.52139],[8.26216,55.52047],[8.26697,55.51753],[8.26896,55.516],[8.27013,55.51554],[8.27932,55.51268],[8.2846,55.51052],[8.28427,55.50946],[8.28667,55.508],[8.28743,55.50685],[8.28942,55.50536],[8.29199,55.50382],[8.29414,55.50269],[8.29645,55.50201],[8.30057,55.49987],[8.30128,55.49935],[8.30147,55.49847],[8.30262,55.49763],[8.3059,55.49642],[8.30748,55.49249],[8.30733,55.49125],[8.30523,55.48804],[8.30477,55.48544],[8.30638,55.48127],[8.30593,55.48092],[8.30347,55.47901],[8.30176,55.47839],[8.30066,55.47788],[8.29754,55.47752],[8.29697,55.47734],[8.29364,55.47695],[8.29119,55.47739],[8.28771,55.47819],[8.2872,55.4787],[8.25174,55.49739],[8.20959,55.51897],[8.19151,55.52719],[8.17672,55.53233],[8.16634,55.5347],[8.16632,55.53471],[8.16071,55.5356],[8.15013,55.5383],[8.13523,55.54223],[8.12299,55.54518],[8.11669,55.54688],[8.11596,55.54693],[8.11298,55.54786],[8.10419,55.55003],[8.10302,55.55025],[8.09505,55.5525],[8.07535,55.55805],[8.07582,55.56419],[8.09217,55.58675],[8.0942,55.58976],[8.0951,55.5911],[8.09665,55.59365],[8.09677,55.59503],[8.10153,55.60377],[8.10359,55.60713],[8.10669,55.6126],[8.11056,55.6199],[8.11305,55.62403],[8.11445,55.6269],[8.1184,55.6335]]]}},{"type":"Feature","properties":{"name":"Varde"},"geometry":{"type":"Polygon","coordinates":[[[8.32267,55.51027],[8.32435,55.50903],[8.3266,55.50839],[8.32815,55.50707],[8.32824,55.50655],[8.32806,55.50526],[8.32934,55.50453],[8.32939,55.50417],[8.32832,55.50384],[8.3263,55.5042],[8.32434,55.50526],[8.31707,55.50797],[8.30931,55.51168],[8.30629,55.514],[8.30498,55.516],[8.30436,55.51696],[8.30546,55.51909],[8.30761,55.51995],[8.3118,55.51954],[8.3132,55.5182],[8.31333,55.51707],[8.31664,55.51289],[8.32267,55.51027]]]}},{"type":"Feature","properties":{"name":"Roskilde"},"geometry":{"type":"Polygon","coordinates":[[[12.11937,55.72847],[12.11918,55.72924],[12.11918,55.72926],[12.11902,55.72982],[12.11667,55.73075],[12.11362,55.72982],[12.10788,55.72998],[12.10693,55.72988],[12.10559,55.73027],[12.10565,55.7306],[12.10817,55.73144],[12.10869,55.73293],[12.10591,55.73401],[12.10364,55.73596],[12.10179,55.73658],[12.10079,55.73745],[12.09868,55.73928],[12.09797,55.74023],[12.09728,55.74157],[12.09705,55.74329],[12.09519,55.74357],[12.09535,55.74393],[12.09654,55.74384],[12.0967,55.74446],[12.0968,55.7446],[12.09697,55.74484],[12.09732,55.74531],[12.09717,55.74622],[12.09599,55.74633],[12.09595,55.74672],[12.09834,55.74672],[12.1003,55.74918],[12.10064,55.74961],[12.10116,55.75026],[12.1011,55.75088],[12.10129,55.75151],[12.10084,55.75246],[12.10028,55.75402],[12.10078,55.75494],[12.1006,55.75603],[12.09824,55.75744],[12.09498,55.76144],[12.09471,55.76168],[12.09333,55.76152],[12.09309,55.76094],[12.0925,55.76206],[12.08979,55.76311],[12.08669,55.76506],[12.08562,55.76521],[12.08536,55.76578],[12.08531,55.7659],[12.08592,55.76624],[12.08709,55.7691],[12.08791,55.76913],[12.08793,55.7705],[12.08708,55.77234],[12.0879,55.77757],[12.08695,55.77888],[12.08677,55.78038],[12.08915,55.78087],[12.08967,55.78077],[12.10867,55.77478],[12.1133,55.76778],[12.1285,55.76185],[12.14965,55.75645],[12.15701,55.74843],[12.16695,55.74695],[12.19234,55.74641],[12.19721,55.75002],[12.20872,55.75066],[12.22158,55.74593],[12.22719,55.74016],[12.22263,55.73935],[12.22626,55.7339],[12.20841,55.7306],[12.21438,55.72678],[12.2288,55.71706],[12.24201,55.71454],[12.25078,55.70841],[12.2121,55.68721],[12.18548,55.68821],[12.18131,55.68255],[12.16872,55.68172],[12.16456,55.6736],[12.15048,55.67102],[12.15145,55.66666],[12.15853,55.66574],[12.15729,55.65866],[12.16286,55.65747],[12.16387,55.65304],[12.15746,55.65342],[12.15821,55.64927],[12.15708,55.63389],[12.16686,55.63419],[12.15959,55.61282],[12.14592,55.60077],[12.13814,55.5862],[12.18316,55.57747],[12.1802,55.57144],[12.18431,55.56677],[12.18986,55.5658],[12.18205,55.56282],[12.18329,55.55687],[12.18092,55.55413],[12.17367,55.55462],[12.14898,55.56525],[12.13537,55.55048],[12.11039,55.5553],[12.11034,55.5553],[12.1058,55.5388],[12.09372,55.52763],[12.09613,55.52542],[12.09096,55.52402],[12.06595,55.52849],[12.0539,55.52148],[12.03628,55.52414],[12.02606,55.51608],[12.02072,55.51983],[12.02414,55.52561],[12.0089,55.53104],[11.99223,55.52546],[11.97666,55.52946],[11.96979,55.53519],[11.97625,55.54158],[11.97936,55.57255],[11.98632,55.57042],[11.98669,55.57636],[12.00291,55.57429],[12.00936,55.57837],[12.0091,55.58329],[12.01293,55.58667],[12.02089,55.58693],[12.03065,55.58213],[12.0436,55.5816],[12.04998,55.58601],[12.05816,55.58281],[12.07437,55.59333],[12.05159,55.60663],[12.05089,55.61661],[12.03779,55.62112],[12.03713,55.61774],[12.03116,55.61761],[11.9992,55.62095],[11.99173,55.61967],[11.98835,55.61984],[11.98972,55.63039],[12.00238,55.63819],[12.00357,55.64406],[12.00559,55.65101],[12.01276,55.65516],[12.00914,55.66706],[12.00915,55.66707],[12.01108,55.66752],[12.01275,55.66809],[12.01451,55.67033],[12.01669,55.67135],[12.01895,55.67155],[12.02245,55.67119],[12.02354,55.67066],[12.02358,55.66925],[12.02427,55.6683],[12.02441,55.66828],[12.02452,55.66814],[12.02532,55.66791],[12.0258,55.66834],[12.02837,55.66806],[12.02964,55.66806],[12.03035,55.66831],[12.03103,55.66855],[12.03243,55.67021],[12.03566,55.67162],[12.03713,55.6709],[12.03906,55.67074],[12.0393,55.66978],[12.04241,55.66827],[12.04327,55.66913],[12.04366,55.67147],[12.04557,55.67269],[12.04714,55.67281],[12.05095,55.67414],[12.05286,55.67372],[12.05521,55.67268],[12.0553,55.67268],[12.0579,55.67285],[12.05786,55.67345],[12.05855,55.67364],[12.05872,55.6724],[12.05798,55.6713],[12.05807,55.67081],[12.05897,55.67051],[12.05908,55.66968],[12.05838,55.66932],[12.05805,55.66978],[12.05722,55.66951],[12.05727,55.66876],[12.05733,55.66866],[12.0579,55.66841],[12.05827,55.6687],[12.06036,55.66858],[12.06187,55.66673],[12.05803,55.66414],[12.05721,55.66404],[12.05643,55.66358],[12.05626,55.66334],[12.05624,55.66327],[12.05578,55.66206],[12.05619,55.66],[12.05617,55.65865],[12.05595,55.65772],[12.05619,55.65737],[12.05638,55.6571],[12.05863,55.65638],[12.0655,55.65597],[12.06725,55.65498],[12.07034,55.65549],[12.07132,55.65338],[12.07465,55.65194],[12.07484,55.65201],[12.07485,55.652],[12.07496,55.65176],[12.0748,55.65166],[12.07617,55.65075],[12.07693,55.65083],[12.07716,55.6506],[12.07726,55.65059],[12.07802,55.65054],[12.07825,55.65086],[12.07834,55.65084],[12.07869,55.65077],[12.07889,55.65087],[12.07957,55.65092],[12.07961,55.65092],[12.07971,55.65041],[12.07976,55.6502],[12.07819,55.6499],[12.07977,55.64996],[12.07995,55.64985],[12.08007,55.64997],[12.08022,55.64998],[12.08007,55.65103],[12.08199,55.65108],[12.08371,55.6526],[12.08507,55.65314],[12.08598,55.65412],[12.08598,55.65412],[12.08655,55.65507],[12.08589,55.65586],[12.08662,55.6601],[12.09091,55.6685],[12.09052,55.66902],[12.09092,55.67003],[12.09087,55.67016],[12.09073,55.6702],[12.09008,55.67087],[12.08739,55.67128],[12.08613,55.67114],[12.08419,55.6698],[12.08199,55.6697],[12.08004,55.67101],[12.08006,55.67162],[12.08067,55.67176],[12.08058,55.67239],[12.0799,55.67275],[12.07937,55.67303],[12.07349,55.67449],[12.07204,55.67547],[12.07101,55.67699],[12.06888,55.67804],[12.06997,55.67793],[12.07016,55.67815],[12.07023,55.67902],[12.07058,55.67922],[12.07074,55.67921],[12.07078,55.67934],[12.07062,55.67937],[12.07058,55.67995],[12.0705,55.67994],[12.07046,55.68011],[12.07214,55.68045],[12.07265,55.68086],[12.07274,55.68104],[12.07491,55.68314],[12.07549,55.68636],[12.07656,55.68789],[12.07898,55.6887],[12.08188,55.68874],[12.08315,55.68934],[12.08459,55.68916],[12.08535,55.6899],[12.08703,55.68925],[12.08715,55.68598],[12.08938,55.68534],[12.09107,55.68403],[12.09196,55.68453],[12.09202,55.68451],[12.09222,55.68468],[12.09422,55.68698],[12.09307,55.68822],[12.09497,55.68881],[12.09625,55.69029],[12.09523,55.69297],[12.09321,55.69334],[12.09158,55.69248],[12.09152,55.69251],[12.09054,55.69298],[12.09041,55.69342],[12.08979,55.69346],[12.08953,55.69348],[12.08681,55.69298],[12.08541,55.69217],[12.08421,55.69223],[12.08212,55.69144],[12.08187,55.69167],[12.08372,55.69246],[12.08392,55.69307],[12.08326,55.69434],[12.08332,55.69452],[12.08364,55.69484],[12.08543,55.69662],[12.08627,55.69676],[12.08972,55.69629],[12.09055,55.6965],[12.09211,55.69677],[12.0933,55.69673],[12.09594,55.69735],[12.09808,55.69595],[12.09876,55.69596],[12.10027,55.69703],[12.10218,55.69925],[12.10351,55.70006],[12.1048,55.70047],[12.10628,55.70061],[12.10579,55.70084],[12.10576,55.70086],[12.10499,55.70159],[12.10633,55.70181],[12.10628,55.70278],[12.10424,55.70253],[12.10376,55.70262],[12.10397,55.70305],[12.10031,55.70318],[12.09871,55.70273],[12.09709,55.70362],[12.09729,55.70377],[12.09777,55.70416],[12.0985,55.70428],[12.10102,55.70339],[12.10687,55.70318],[12.10742,55.70335],[12.10712,55.70392],[12.10851,55.70368],[12.10949,55.70308],[12.10996,55.70347],[12.11146,55.70472],[12.11333,55.70724],[12.11365,55.70917],[12.11369,55.70923],[12.11374,55.70931],[12.11344,55.70954],[12.11314,55.70998],[12.11205,55.71053],[12.10837,55.71044],[12.10378,55.70978],[12.10176,55.71069],[12.10184,55.71464],[12.10137,55.71484],[12.10112,55.71691],[12.10177,55.71927],[12.10262,55.71996],[12.10375,55.72013],[12.10823,55.72129],[12.1113,55.72134],[12.11129,55.72139],[12.1111,55.72149],[12.10983,55.72221],[12.1097,55.72304],[12.10848,55.72333],[12.10767,55.72389],[12.11108,55.72588],[12.11597,55.72636],[12.11699,55.72617],[12.11814,55.72635],[12.11868,55.72702],[12.11937,55.72847]]]}},{"type":"Feature","properties":{"name":"Roskilde"},"geometry":{"type":"Polygon","coordinates":[[[12.09527,55.75214],[12.09208,55.75261],[12.09221,55.75301],[12.09382,55.75299],[12.09491,55.75365],[12.09345,55.75374],[12.09235,55.75415],[12.09181,55.75502],[12.09173,55.75602],[12.09436,55.75659],[12.09533,55.75577],[12.0966,55.75529],[12.09792,55.75431],[12.09773,55.75369],[12.09663,55.75267],[12.09527,55.75214]]]}},{"type":"Feature","properties":{"name":"Hillerød"},"geometry":{"type":"Polygon","coordinates":[[[12.11499,55.91427],[12.1069,55.92161],[12.08907,55.92216],[12.08219,55.92961],[12.08553,55.94911],[12.12594,55.97254],[12.1703,55.96849],[12.19751,55.97237],[12.20541,55.97837],[12.21843,55.98026],[12.22167,55.99096],[12.23439,55.99323],[12.24935,55.98855],[12.25105,55.99184],[12.2582,55.98916],[12.26665,55.99101],[12.26686,55.98734],[12.27377,55.98816],[12.27256,55.9913],[12.28755,55.99626],[12.28225,56.00266],[12.37758,56.00163],[12.36835,55.98194],[12.36748,55.97126],[12.35791,55.96816],[12.36358,55.95385],[12.34609,55.94894],[12.3562,55.94186],[12.36706,55.94039],[12.3744,55.92883],[12.37031,55.92735],[12.39469,55.91109],[12.37312,55.89917],[12.36792,55.89612],[12.36088,55.89218],[12.35455,55.89614],[12.32163,55.89067],[12.31053,55.89241],[12.31137,55.8875],[12.31845,55.88305],[12.31561,55.88067],[12.30705,55.88136],[12.3019,55.88631],[12.2998,55.88471],[12.27474,55.8823],[12.27965,55.87671],[12.27857,55.86479],[12.26188,55.85813],[12.26265,55.85419],[12.23424,55.85338],[12.2313,55.84582],[12.22691,55.84626],[12.22691,55.84508],[12.216,55.84744],[12.20776,55.84661],[12.20041,55.86801],[12.17674,55.87942],[12.12387,55.86694],[12.12007,55.86745],[12.11023,55.88151],[12.09403,55.88637],[12.0966,55.89209],[12.0882,55.89485],[12.11661,55.90566],[12.11499,55.91427]]]}},{"type":"Feature","properties":{"name":"Brøndby"},"geometry":{"type":"Polygon","coordinates":[[[12.412,55.6131],[12.40491,55.61246],[12.40449,55.6141],[12.40983,55.6146],[12.43094,55.61427],[12.4428,55.61271],[12.44339,55.61253],[12.44402,55.61142],[12.4388,55.6113],[12.43625,55.61209],[12.412,55.6131]]]}},{"type":"Feature","properties":{"name":"Brøndby"},"geometry":{"type":"Polygon","coordinates":[[[12.44496,55.60977],[12.44539,55.60903],[12.44464,55.60791],[12.44179,55.60714],[12.44127,55.60797],[12.44174,55.60835],[12.44381,55.60852],[12.44385,55.60911],[12.44029,55.60939],[12.43997,55.60999],[12.44035,55.61047],[12.44434,55.60962],[12.44496,55.60977]]]}},{"type":"Feature","properties":{"name":"Brøndby"},"geometry":{"type":"Polygon","coordinates":[[[12.41296,55.65973],[12.41865,55.66858],[12.42466,55.66952],[12.44266,55.67153],[12.44299,55.6701],[12.44706,55.67018],[12.44851,55.66504],[12.45293,55.66484],[12.45315,55.66456],[12.45572,55.66455],[12.4549,55.65672],[12.45996,55.64818],[12.43739,55.64539],[12.42697,55.64177],[12.42924,55.63309],[12.44234,55.6219],[12.43858,55.62093],[12.44178,55.61534],[12.44092,55.61556],[12.43296,55.61569],[12.4094,55.61661],[12.40388,55.61649],[12.40339,55.61838],[12.39238,55.62911],[12.36499,55.65621],[12.36343,55.65857],[12.37124,55.66015],[12.37471,55.66018],[12.39446,55.66086],[12.40722,55.65795],[12.41296,55.65973]]]}},{"type":"Feature","properties":{"name":"Vesthimmerland"},"geometry":{"type":"Polygon","coordinates":[[[9.13046,56.86047],[9.12464,56.86354],[9.1121,56.86901],[9.10212,56.87689],[9.09476,56.88069],[9.09208,56.88241],[9.08934,56.88323],[9.08569,56.88365],[9.08192,56.88457],[9.07753,56.88612],[9.07402,56.88816],[9.06984,56.89116],[9.0681,56.89341],[9.06988,56.89631],[9.08208,56.90483],[9.08356,56.90511],[9.08716,56.90507],[9.08891,56.90415],[9.09751,56.89556],[9.10173,56.88965],[9.10181,56.88879],[9.09962,56.88756],[9.09898,56.88653],[9.09707,56.88402],[9.09715,56.88376],[9.0971,56.88266],[9.09759,56.88111],[9.10463,56.87664],[9.11352,56.86935],[9.12587,56.86408],[9.13046,56.86047]]]}},{"type":"Feature","properties":{"name":"Vesthimmerland"},"geometry":{"type":"Polygon","coordinates":[[[9.17159,56.90166],[9.17488,56.91011],[9.17798,56.91745],[9.18071,56.92061],[9.18973,56.9245],[9.19507,56.92789],[9.1967,56.92932],[9.1967,56.92933],[9.1988,56.93381],[9.19843,56.93592],[9.20001,56.93666],[9.20622,56.93812],[9.20811,56.93884],[9.21088,56.93964],[9.21412,56.94044],[9.21445,56.94068],[9.2147,56.94075],[9.21648,56.9422],[9.21832,56.943],[9.22019,56.94412],[9.22124,56.94623],[9.22226,56.94749],[9.22405,56.94903],[9.22561,56.94953],[9.22816,56.94982],[9.22839,56.94984],[9.22877,56.94948],[9.23289,56.95459],[9.23289,56.95459],[9.23382,56.95601],[9.23733,56.9626],[9.23867,56.96319],[9.23957,56.96456],[9.24231,56.96692],[9.24251,56.96695],[9.24365,56.96709],[9.24346,56.96694],[9.24361,56.96688],[9.24349,56.96639],[9.24448,56.96704],[9.245,56.96729],[9.24686,56.96805],[9.24801,56.96866],[9.24884,56.96889],[9.25055,56.9693],[9.25118,56.96922],[9.25113,56.96932],[9.2522,56.96959],[9.25355,56.96984],[9.25697,56.97033],[9.25696,56.97044],[9.2587,56.97075],[9.2597,56.97092],[9.26096,56.97114],[9.26101,56.97123],[9.27444,56.97175],[9.27607,56.97205],[9.27718,56.97284],[9.27719,56.97284],[9.27721,56.97286],[9.27822,56.97349],[9.28083,56.97593],[9.28171,56.97617],[9.28325,56.97738],[9.28404,56.9802],[9.2829,56.98152],[9.28353,56.98228],[9.28353,56.98228],[9.28373,56.98279],[9.28471,56.98364],[9.28479,56.98537],[9.28567,56.98669],[9.28662,56.98663],[9.28697,56.98693],[9.28678,56.98805],[9.28789,56.99277],[9.28993,56.99455],[9.29173,56.9957],[9.29304,56.99728],[9.29587,56.99827],[9.29715,56.99775],[9.29874,56.99778],[9.30157,56.99721],[9.31248,56.99891],[9.31484,56.9997],[9.31686,57.00053],[9.32754,57.00228],[9.33267,57.00224],[9.33399,57.00261],[9.33679,57.00382],[9.34047,57.00491],[9.35362,57.00815],[9.36594,57.00872],[9.37949,57.01038],[9.38959,57.0118],[9.393,57.0121],[9.39336,57.0121],[9.39817,56.98583],[9.39071,56.97911],[9.40666,56.9734],[9.4063,56.96024],[9.40593,56.94569],[9.40797,56.93585],[9.42067,56.93662],[9.42286,56.9272],[9.43469,56.9241],[9.43605,56.91827],[9.46319,56.92033],[9.46051,56.92682],[9.47875,56.93294],[9.50295,56.92918],[9.51695,56.93138],[9.51982,56.9301],[9.51918,56.92796],[9.52133,56.92042],[9.50428,56.90244],[9.51361,56.89632],[9.50899,56.88552],[9.53275,56.87776],[9.55708,56.88151],[9.55496,56.88652],[9.56363,56.88868],[9.56318,56.89531],[9.57478,56.88903],[9.59073,56.88298],[9.61043,56.88206],[9.61076,56.87347],[9.61856,56.86779],[9.64544,56.86207],[9.65923,56.85433],[9.63681,56.85272],[9.63696,56.84822],[9.6226,56.83581],[9.62453,56.82959],[9.61262,56.81872],[9.62302,56.81346],[9.61631,56.80796],[9.62853,56.80192],[9.6381,56.80163],[9.61787,56.79509],[9.58854,56.80299],[9.56683,56.78506],[9.56559,56.77872],[9.54717,56.77563],[9.54507,56.76281],[9.51841,56.74298],[9.53308,56.73846],[9.54549,56.7367],[9.57695,56.73172],[9.58795,56.70884],[9.62591,56.70073],[9.62279,56.69572],[9.62084,56.68654],[9.61087,56.67995],[9.57755,56.6857],[9.57178,56.68627],[9.56698,56.67955],[9.56894,56.67432],[9.56389,56.67155],[9.55628,56.67435],[9.55524,56.67191],[9.54548,56.67612],[9.54014,56.67466],[9.54114,56.67244],[9.53304,56.67112],[9.52701,56.66954],[9.52694,56.66978],[9.52667,56.6707],[9.52458,56.67083],[9.52274,56.67167],[9.52903,56.6794],[9.52732,56.67981],[9.52703,56.67885],[9.52535,56.67925],[9.52529,56.68066],[9.51639,56.68015],[9.51591,56.68241],[9.50536,56.68324],[9.50319,56.68201],[9.49546,56.68238],[9.49238,56.67525],[9.48162,56.67595],[9.48171,56.67441],[9.47715,56.67459],[9.47581,56.67188],[9.47513,56.66762],[9.46404,56.66248],[9.46155,56.65227],[9.45541,56.6369],[9.43059,56.6394],[9.41886,56.64136],[9.42371,56.6463],[9.39477,56.65346],[9.39086,56.66003],[9.39584,56.66535],[9.36492,56.66261],[9.35402,56.67138],[9.33497,56.67084],[9.33095,56.66803],[9.31957,56.67218],[9.31747,56.67531],[9.31579,56.67804],[9.31331,56.68345],[9.31242,56.68445],[9.31119,56.68561],[9.3091,56.68803],[9.30911,56.68887],[9.30944,56.68938],[9.30664,56.6923],[9.30524,56.69253],[9.30119,56.6952],[9.29349,56.69813],[9.28675,56.69891],[9.28175,56.69884],[9.27522,56.69815],[9.26606,56.69604],[9.26382,56.69534],[9.26337,56.69516],[9.26127,56.69369],[9.25709,56.6911],[9.25169,56.68912],[9.24779,56.68853],[9.24535,56.68852],[9.24077,56.68908],[9.23538,56.68869],[9.23532,56.68867],[9.2315,56.68767],[9.22919,56.68631],[9.22746,56.68519],[9.22375,56.68151],[9.21783,56.68047],[9.21597,56.6797],[9.2147,56.67845],[9.20954,56.67801],[9.20358,56.6768],[9.19827,56.67517],[9.19428,56.67374],[9.19158,56.67251],[9.19017,56.6707],[9.18482,56.66767],[9.18298,56.66688],[9.18162,56.66591],[9.18087,56.66559],[9.17971,56.66511],[9.17554,56.66506],[9.1737,56.66699],[9.17096,56.66771],[9.16859,56.66917],[9.16227,56.67278],[9.1603,56.67637],[9.15921,56.6779],[9.16044,56.67995],[9.1598,56.68266],[9.16175,56.6834],[9.16586,56.68336],[9.17224,56.6865],[9.17464,56.68676],[9.17855,56.68949],[9.18008,56.69117],[9.18107,56.6938],[9.18198,56.69457],[9.18266,56.69531],[9.18992,56.69932],[9.19168,56.7012],[9.19174,56.70116],[9.19219,56.70089],[9.19306,56.70036],[9.19651,56.70129],[9.19993,56.70318],[9.20077,56.70365],[9.2019,56.70399],[9.20339,56.70535],[9.20325,56.70598],[9.20702,56.70928],[9.20707,56.70932],[9.20743,56.70947],[9.21271,56.71036],[9.21938,56.71427],[9.22693,56.72043],[9.22825,56.72243],[9.23,56.72403],[9.22943,56.72493],[9.23038,56.72537],[9.23038,56.72538],[9.23048,56.72547],[9.2323,56.72722],[9.23412,56.72819],[9.23583,56.72945],[9.23692,56.73057],[9.24153,56.73695],[9.24185,56.73797],[9.24207,56.73829],[9.24215,56.7389],[9.24282,56.74094],[9.24345,56.74553],[9.24261,56.7519],[9.24098,56.75505],[9.24077,56.75566],[9.24076,56.75566],[9.24054,56.75579],[9.23785,56.75864],[9.23306,56.76031],[9.23186,56.7612],[9.22986,56.76142],[9.22743,56.76154],[9.21485,56.76471],[9.2117,56.76491],[9.21124,56.7646],[9.20867,56.7647],[9.20895,56.76522],[9.20797,56.76582],[9.19911,56.76767],[9.19813,56.76764],[9.19667,56.76682],[9.19579,56.76702],[9.1956,56.76752],[9.19452,56.76754],[9.18957,56.76562],[9.18618,56.76488],[9.18429,56.76677],[9.18859,56.78083],[9.18856,56.78377],[9.18784,56.78642],[9.18779,56.78695],[9.18706,56.7879],[9.18357,56.79161],[9.17805,56.79715],[9.17644,56.80168],[9.17408,56.80506],[9.17039,56.80529],[9.16948,56.8053],[9.16815,56.8062],[9.17,56.80949],[9.1754,56.81163],[9.17815,56.81371],[9.18582,56.81927],[9.18877,56.82174],[9.1947,56.82763],[9.1974,56.83091],[9.19868,56.83181],[9.20212,56.83769],[9.20213,56.83769],[9.20656,56.84032],[9.20825,56.84215],[9.20861,56.8432],[9.21072,56.84802],[9.2112,56.85069],[9.21155,56.85169],[9.2115,56.85236],[9.21158,56.85289],[9.21137,56.85868],[9.21084,56.86078],[9.21078,56.86157],[9.21057,56.86184],[9.21046,56.86229],[9.20869,56.86602],[9.20804,56.86661],[9.20665,56.86694],[9.20654,56.86701],[9.20542,56.8677],[9.20376,56.86997],[9.19994,56.87357],[9.1995,56.87381],[9.19807,56.87435],[9.19502,56.87499],[9.19108,56.87667],[9.18523,56.8785],[9.1825,56.88045],[9.17892,56.88229],[9.17362,56.8837],[9.17017,56.88511],[9.16753,56.8858],[9.16643,56.88645],[9.16506,56.89143],[9.16506,56.89147],[9.16529,56.89256],[9.16924,56.89776],[9.17159,56.90166]]]}},{"type":"Feature","properties":{"name":"Vesthimmerland"},"geometry":{"type":"Polygon","coordinates":[[[9.29118,56.99931],[9.29079,56.99982],[9.29083,56.99997],[9.28942,57.00159],[9.28853,57.0017],[9.28834,57.00152],[9.28778,57.00148],[9.28156,57.00058],[9.27458,56.99866],[9.27443,56.99834],[9.27588,56.99847],[9.28149,56.99984],[9.28212,56.9999],[9.27356,56.99745],[9.27224,56.99756],[9.26408,56.99611],[9.26312,56.995],[9.26364,56.9944],[9.26706,56.99581],[9.2734,56.99709],[9.26941,56.99512],[9.26438,56.9937],[9.25773,56.99236],[9.25676,56.99216],[9.24665,56.99149],[9.24051,56.9915],[9.23899,56.99274],[9.23543,56.99414],[9.23198,56.9961],[9.23139,56.99574],[9.23472,56.99391],[9.23235,56.99406],[9.23217,56.9945],[9.23168,56.99436],[9.23003,56.99458],[9.22436,56.9948],[9.22232,56.99512],[9.22136,56.99558],[9.22066,56.99558],[9.21936,56.99664],[9.21448,56.99784],[9.21245,56.99911],[9.2109,56.99964],[9.21001,56.99967],[9.20954,56.99985],[9.20489,57.00264],[9.20385,57.00362],[9.19982,57.00546],[9.198,57.00704],[9.19679,57.00726],[9.19388,57.00968],[9.18969,57.0112],[9.18764,57.01221],[9.18265,57.01597],[9.17972,57.01635],[9.17687,57.01809],[9.17664,57.0186],[9.17632,57.02043],[9.17543,57.0213],[9.17443,57.02127],[9.17352,57.0221],[9.17286,57.02188],[9.17354,57.02115],[9.1723,57.02126],[9.17068,57.02211],[9.17055,57.02258],[9.17054,57.02258],[9.20019,57.02793],[9.20786,57.0183],[9.24519,57.02479],[9.25544,57.0301],[9.27523,57.02871],[9.28204,57.01416],[9.28947,57.00816],[9.29823,57.00762],[9.29773,57.00742],[9.29277,57.00439],[9.30052,57.00746],[9.30029,57.00586],[9.29241,57.00078],[9.29238,57.00053],[9.29279,57.0002],[9.29118,56.99931]]]}},{"type":"Feature","properties":{"name":"Vesthimmerland"},"geometry":{"type":"Polygon","coordinates":[[[9.25063,56.98356],[9.2478,56.98406],[9.24788,56.98501],[9.24721,56.98613],[9.24594,56.98824],[9.25504,56.98869],[9.25818,56.98966],[9.26366,56.99073],[9.266,56.99049],[9.26462,56.98923],[9.26332,56.98863],[9.25845,56.98606],[9.25576,56.98537],[9.25371,56.98435],[9.25302,56.98392],[9.25183,56.98368],[9.25063,56.98356]]]}},{"type":"Feature","properties":{"name":"Vesthimmerland"},"geometry":{"type":"Polygon","coordinates":[[[9.22309,56.99459],[9.23023,56.99399],[9.23157,56.99344],[9.2316,56.99316],[9.23088,56.99292],[9.23234,56.99183],[9.23372,56.99165],[9.23501,56.99117],[9.23592,56.99077],[9.23572,56.99048],[9.23371,56.99047],[9.22718,56.99165],[9.22324,56.99344],[9.2222,56.99421],[9.22309,56.99459]]]}},{"type":"Feature","properties":{"name":"Vesthimmerland"},"geometry":{"type":"Polygon","coordinates":[[[9.24034,56.99066],[9.2375,56.99078],[9.23556,56.99134],[9.23502,56.9916],[9.23377,56.9925],[9.2342,56.99241],[9.23428,56.99279],[9.23348,56.99296],[9.23326,56.99279],[9.23367,56.99267],[9.23338,56.99262],[9.23275,56.99231],[9.23285,56.99252],[9.23282,56.99275],[9.23215,56.99332],[9.23134,56.99379],[9.23028,56.99423],[9.23038,56.99428],[9.2314,56.99422],[9.23228,56.99391],[9.23508,56.99355],[9.23662,56.99319],[9.23751,56.99287],[9.23902,56.99218],[9.23995,56.9915],[9.24125,56.99087],[9.24034,56.99066]]]}},{"type":"Feature","properties":{"name":"Frederikssund"},"geometry":{"type":"Polygon","coordinates":[[[12.04127,55.84377],[12.04178,55.84392],[12.04188,55.84395],[12.04199,55.84397],[12.04298,55.84474],[12.04449,55.84746],[12.04416,55.85083],[12.04533,55.85637],[12.04655,55.8579],[12.04889,55.85878],[12.0498,55.85873],[12.05118,55.85865],[12.05401,55.85811],[12.05757,55.85804],[12.05864,55.85797],[12.06022,55.85816],[12.0613,55.85929],[12.06223,55.85995],[12.06322,55.86016],[12.06423,55.85998],[12.06425,55.86001],[12.06496,55.86114],[12.0649,55.86243],[12.06464,55.86288],[12.06421,55.86441],[12.06545,55.86633],[12.06348,55.86683],[12.06349,55.86807],[12.06455,55.86842],[12.0642,55.87074],[12.0642,55.87074],[12.06464,55.87222],[12.06475,55.8731],[12.06596,55.87416],[12.06588,55.87544],[12.06621,55.87698],[12.06679,55.87748],[12.06662,55.8779],[12.06497,55.87852],[12.0649,55.87901],[12.06474,55.87915],[12.06472,55.87917],[12.07006,55.8787],[12.06822,55.88445],[12.07739,55.88648],[12.07801,55.89144],[12.0882,55.89485],[12.0966,55.89209],[12.09403,55.88637],[12.11023,55.88151],[12.12007,55.86745],[12.12387,55.86694],[12.17674,55.87942],[12.20041,55.86801],[12.20776,55.84661],[12.216,55.84744],[12.22691,55.84508],[12.22691,55.84626],[12.2313,55.84582],[12.22983,55.84256],[12.22879,55.84287],[12.22549,55.83893],[12.218,55.83847],[12.21592,55.83486],[12.20994,55.83235],[12.20744,55.82782],[12.18895,55.81815],[12.1704,55.82753],[12.15198,55.82145],[12.12474,55.82229],[12.12744,55.81595],[12.13542,55.81147],[12.12286,55.79127],[12.11951,55.78599],[12.11055,55.7847],[12.10867,55.77478],[12.08967,55.78077],[12.08915,55.78087],[12.08932,55.78091],[12.08691,55.78209],[12.08472,55.78228],[12.08024,55.78253],[12.07886,55.78451],[12.07377,55.78645],[12.07351,55.7866],[12.0727,55.78826],[12.07457,55.78853],[12.07506,55.78953],[12.07352,55.79224],[12.07348,55.79375],[12.07564,55.79317],[12.07707,55.79333],[12.07829,55.79539],[12.07768,55.79623],[12.07807,55.79806],[12.07832,55.79927],[12.07657,55.80052],[12.07474,55.80337],[12.07226,55.80556],[12.07195,55.80627],[12.07121,55.80739],[12.07107,55.80772],[12.06999,55.80812],[12.06865,55.80816],[12.06825,55.80859],[12.06792,55.80988],[12.06906,55.81118],[12.06918,55.81271],[12.06804,55.81422],[12.06764,55.81581],[12.06545,55.81685],[12.06516,55.81797],[12.06518,55.82074],[12.06311,55.82305],[12.06281,55.82526],[12.06267,55.8276],[12.06303,55.82833],[12.06302,55.82833],[12.06117,55.82874],[12.05946,55.82874],[12.05928,55.82864],[12.0586,55.82823],[12.05838,55.82824],[12.05747,55.82768],[12.05754,55.82807],[12.05727,55.82891],[12.05732,55.82953],[12.05662,55.83183],[12.05576,55.8325],[12.05569,55.83266],[12.05535,55.83283],[12.05514,55.83336],[12.05485,55.83352],[12.05406,55.83346],[12.0511,55.83343],[12.05085,55.83374],[12.05051,55.83415],[12.05105,55.8348],[12.05605,55.83536],[12.05645,55.8366],[12.05588,55.83667],[12.05564,55.83653],[12.05433,55.83643],[12.05337,55.83646],[12.05386,55.83784],[12.05234,55.83947],[12.05075,55.84067],[12.05087,55.84161],[12.05044,55.84209],[12.04641,55.84248],[12.04495,55.84337],[12.04319,55.84391],[12.04147,55.84357],[12.04127,55.84377]]]}},{"type":"Feature","properties":{"name":"Frederikssund"},"geometry":{"type":"Polygon","coordinates":[[[12.09727,55.7246],[12.09658,55.72525],[12.0967,55.72562],[12.09645,55.7265],[12.09549,55.72738],[12.09133,55.72906],[12.09095,55.72921],[12.08719,55.7294],[12.08465,55.7289],[12.0832,55.72911],[12.08236,55.72896],[12.07911,55.72797],[12.0765,55.72843],[12.07353,55.72912],[12.0721,55.72904],[12.06988,55.72928],[12.07044,55.73143],[12.0704,55.73234],[12.06905,55.73437],[12.0676,55.73454],[12.06915,55.73467],[12.07077,55.73524],[12.07276,55.73695],[12.07516,55.73816],[12.07581,55.73883],[12.07634,55.73937],[12.07525,55.74007],[12.07515,55.74076],[12.07656,55.74157],[12.07572,55.74282],[12.07631,55.74403],[12.07978,55.74375],[12.08033,55.74279],[12.07956,55.74203],[12.08018,55.7413],[12.08162,55.74064],[12.0845,55.73931],[12.0854,55.73702],[12.08758,55.73603],[12.08814,55.7354],[12.08748,55.73457],[12.08624,55.73434],[12.08571,55.73326],[12.08644,55.73227],[12.08943,55.73132],[12.08969,55.73027],[12.09024,55.7301],[12.09547,55.72915],[12.0962,55.72908],[12.09834,55.72822],[12.09777,55.72703],[12.09776,55.72524],[12.09761,55.72476],[12.09727,55.7246]]]}},{"type":"Feature","properties":{"name":"Frederikssund"},"geometry":{"type":"Polygon","coordinates":[[[12.07305,55.7267],[12.07204,55.72699],[12.07211,55.72726],[12.07228,55.72743],[12.07419,55.72778],[12.07611,55.72774],[12.07709,55.72744],[12.07941,55.72757],[12.08207,55.72833],[12.08307,55.72833],[12.08206,55.72722],[12.07305,55.7267]]]}},{"type":"Feature","properties":{"name":"Frederikssund"},"geometry":{"type":"Polygon","coordinates":[[[11.94746,55.82652],[11.94896,55.82781],[11.94808,55.82816],[11.94809,55.8292],[11.94809,55.8292],[11.94784,55.83055],[11.95022,55.83099],[11.95009,55.83288],[11.95021,55.83419],[11.95121,55.83575],[11.95381,55.83696],[11.95401,55.83776],[11.95471,55.83915],[11.95401,55.84004],[11.95608,55.84106],[11.95647,55.84296],[11.95781,55.84409],[11.95799,55.8452],[11.95841,55.84624],[11.95921,55.84777],[11.9592,55.84967],[11.96018,55.85145],[11.95901,55.8533],[11.95743,55.85516],[11.95709,55.85669],[11.9549,55.85993],[11.95353,55.86091],[11.95056,55.86367],[11.94874,55.86644],[11.94754,55.86828],[11.94513,55.87098],[11.94502,55.871],[11.94477,55.87127],[11.94393,55.8717],[11.93953,55.87155],[11.93607,55.87248],[11.93361,55.87438],[11.93119,55.8775],[11.92923,55.88081],[11.92922,55.88453],[11.93046,55.88857],[11.93039,55.88902],[11.93146,55.88959],[11.93132,55.89131],[11.93114,55.8917],[11.92912,55.89311],[11.92627,55.89401],[11.9243,55.89608],[11.9234,55.89809],[11.92233,55.89925],[11.92225,55.90009],[11.92056,55.90103],[11.92044,55.90175],[11.92112,55.90242],[11.92047,55.90425],[11.91858,55.90446],[11.91759,55.90515],[11.90975,55.91267],[11.90444,55.91612],[11.90202,55.91819],[11.90102,55.92107],[11.90467,55.92707],[11.90672,55.93308],[11.90625,55.93516],[11.90593,55.93658],[11.90481,55.93797],[11.90571,55.93775],[11.90875,55.93644],[11.93126,55.93418],[11.94063,55.93315],[11.94526,55.93294],[11.9482,55.9326],[11.94978,55.93241],[11.95244,55.93153],[11.95425,55.93011],[11.95521,55.93],[11.96045,55.92937],[11.96441,55.92954],[11.96661,55.92774],[11.97121,55.92489],[11.97614,55.91825],[11.9774,55.91749],[11.97861,55.91646],[11.9827,55.91447],[11.98521,55.91353],[11.98853,55.91338],[11.98941,55.91348],[11.99065,55.91349],[11.99378,55.91259],[11.9979,55.91431],[12.00049,55.91371],[12.0018,55.91473],[12.00385,55.91533],[12.00486,55.91514],[12.0083,55.91267],[12.00972,55.91138],[12.01266,55.91104],[12.01354,55.91081],[12.01478,55.91018],[12.01508,55.90948],[12.01892,55.9082],[12.02266,55.90816],[12.02385,55.90743],[12.02619,55.90072],[12.02618,55.9004],[12.0238,55.8991],[12.02156,55.8959],[12.0179,55.89423],[12.01589,55.89223],[12.01083,55.89019],[12.00922,55.88862],[12.00843,55.88527],[12.00837,55.88502],[12.00808,55.88441],[12.00548,55.88289],[12.0028,55.88226],[12.00152,55.88233],[12.00102,55.88198],[12.0004,55.88007],[12.00073,55.87874],[12.0003,55.87785],[11.99925,55.87669],[11.99915,55.87559],[12.00179,55.87318],[12.00178,55.87261],[12.00177,55.87253],[12.00164,55.87223],[12.00075,55.87164],[11.99987,55.87003],[11.99974,55.86859],[12.00001,55.86766],[11.99891,55.86652],[11.99755,55.86333],[11.99798,55.86206],[11.99918,55.8604],[11.99983,55.86011],[12.00038,55.85987],[12.00206,55.86054],[12.00227,55.86057],[12.00234,55.86038],[12.00146,55.85848],[12.00545,55.85765],[12.00716,55.85663],[12.00902,55.85816],[12.00947,55.85815],[12.00873,55.85626],[12.00969,55.85576],[12.01122,55.85568],[12.01433,55.85552],[12.01833,55.85443],[12.02098,55.85316],[12.02336,55.85283],[12.02643,55.85258],[12.02989,55.85129],[12.03232,55.84596],[12.03282,55.84381],[12.03273,55.84358],[12.03278,55.84332],[12.03279,55.84331],[12.03332,55.84172],[12.03928,55.84324],[12.03934,55.84308],[12.03935,55.84305],[12.03937,55.84298],[12.03338,55.84135],[12.03341,55.84102],[12.03577,55.83817],[12.0365,55.83766],[12.0363,55.83653],[12.03691,55.83577],[12.036,55.83514],[12.03517,55.83307],[12.03531,55.83231],[12.03568,55.83127],[12.03584,55.8302],[12.03678,55.82915],[12.0392,55.83054],[12.04238,55.83199],[12.0451,55.83286],[12.04681,55.83321],[12.04699,55.83292],[12.04277,55.8318],[12.04038,55.83075],[12.03784,55.82942],[12.03627,55.8284],[12.03633,55.82687],[12.03735,55.82517],[12.0378,55.82418],[12.03796,55.82241],[12.03693,55.82185],[12.03607,55.82049],[12.0366,55.81906],[12.03677,55.81862],[12.03835,55.81631],[12.03844,55.81549],[12.0392,55.8145],[12.04039,55.81409],[12.04131,55.81298],[12.04258,55.81241],[12.04744,55.81293],[12.05013,55.81257],[12.05182,55.81136],[12.05263,55.80986],[12.05147,55.80854],[12.05025,55.80911],[12.04894,55.80909],[12.04711,55.80836],[12.04534,55.80675],[12.04248,55.80683],[12.04165,55.80644],[12.04131,55.80641],[12.0412,55.80624],[12.04075,55.80602],[12.04004,55.80524],[12.03993,55.80388],[12.03993,55.80387],[12.03994,55.80375],[12.04054,55.80312],[12.04007,55.80195],[12.04076,55.79911],[12.04147,55.79883],[12.04226,55.79752],[12.04359,55.79638],[12.04369,55.7962],[12.04605,55.79661],[12.04584,55.79845],[12.04792,55.79908],[12.04885,55.7992],[12.04918,55.79924],[12.05079,55.79807],[12.05115,55.79712],[12.0518,55.79746],[12.05265,55.79755],[12.05447,55.79731],[12.05656,55.79688],[12.05766,55.79747],[12.05858,55.7974],[12.05723,55.79635],[12.0571,55.79561],[12.05682,55.79532],[12.05622,55.79508],[12.05566,55.79322],[12.05634,55.79126],[12.05651,55.79116],[12.05653,55.79085],[12.05599,55.79002],[12.05503,55.78954],[12.05451,55.7889],[12.05393,55.78795],[12.05339,55.7868],[12.05394,55.7859],[12.0531,55.78532],[12.05277,55.78456],[12.05307,55.78387],[12.0534,55.78225],[12.05542,55.78014],[12.05734,55.78024],[12.05538,55.77984],[12.05526,55.77847],[12.05532,55.77842],[12.05678,55.77715],[12.05984,55.77482],[12.0604,55.77325],[12.05979,55.77222],[12.06129,55.77052],[12.06495,55.76868],[12.06722,55.76668],[12.06397,55.76322],[12.06349,55.76218],[12.06365,55.7604],[12.06163,55.76029],[12.06018,55.76029],[12.05992,55.76022],[12.05883,55.7595],[12.0554,55.75667],[12.05599,55.75602],[12.05596,55.7544],[12.05665,55.75388],[12.0596,55.75311],[12.06304,55.75342],[12.06353,55.75274],[12.06223,55.75226],[12.0623,55.75135],[12.06234,55.7508],[12.06222,55.75047],[12.061,55.75021],[12.0604,55.74963],[12.06152,55.74855],[12.06283,55.74795],[12.06167,55.74588],[12.06262,55.74477],[12.0623,55.74259],[12.06155,55.74017],[12.0643,55.73926],[12.06518,55.73831],[12.06353,55.73687],[12.06299,55.73529],[12.06455,55.73466],[12.06368,55.73422],[12.06345,55.73306],[12.06414,55.73236],[12.06384,55.73152],[12.06246,55.72996],[12.06192,55.73002],[12.06002,55.73162],[12.06,55.73274],[12.05867,55.7331],[12.05563,55.73353],[12.05316,55.73344],[12.0481,55.73336],[12.0472,55.73322],[12.04701,55.73315],[12.04656,55.73261],[12.0434,55.73047],[12.04,55.72943],[12.03892,55.73071],[12.03638,55.73157],[12.03557,55.7314],[12.03549,55.73144],[12.03545,55.73138],[12.0351,55.7313],[12.03427,55.73028],[12.03461,55.72928],[12.03483,55.72914],[12.03352,55.72802],[12.03104,55.72743],[12.03008,55.72747],[12.03042,55.72804],[12.02972,55.72852],[12.02814,55.72851],[12.02564,55.72766],[12.02483,55.72691],[12.02469,55.72543],[12.02457,55.72523],[12.02246,55.72401],[12.02033,55.7231],[12.01687,55.71992],[12.0154,55.72009],[12.0137,55.71946],[12.01354,55.71995],[12.0144,55.72033],[12.01428,55.7208],[12.01356,55.72103],[12.01445,55.72159],[12.01417,55.72195],[12.01286,55.72227],[12.01136,55.72181],[12.00944,55.72163],[12.00774,55.72213],[12.0072,55.72281],[12.00748,55.72314],[12.00804,55.72424],[12.00879,55.72396],[12.00917,55.72455],[12.0083,55.72508],[12.00761,55.72652],[12.00744,55.72753],[12.00828,55.72809],[12.00812,55.73098],[12.00769,55.73356],[12.00707,55.73415],[12.00658,55.73461],[12.00458,55.73515],[12.00435,55.73485],[12.00242,55.73445],[12.0011,55.73404],[11.99942,55.73414],[11.99893,55.73396],[11.99807,55.7335],[11.99711,55.73148],[11.99664,55.73166],[11.99629,55.73178],[11.9956,55.73272],[11.99304,55.7349],[11.99144,55.73857],[11.99184,55.73919],[11.9908,55.74063],[11.99073,55.74066],[11.99066,55.74068],[11.99038,55.74066],[11.98963,55.74091],[11.98913,55.74078],[11.98787,55.73898],[11.98732,55.73859],[11.98761,55.73704],[11.98574,55.73589],[11.9861,55.73418],[11.98488,55.733],[11.98567,55.73206],[11.98124,55.73012],[11.98121,55.73009],[11.95771,55.73441],[11.95008,55.73819],[11.94795,55.7419],[11.93202,55.7453],[11.92208,55.74491],[11.92101,55.73625],[11.90521,55.73137],[11.88706,55.73669],[11.87577,55.73782],[11.8758,55.73786],[11.87497,55.73798],[11.87187,55.73745],[11.86763,55.7377],[11.86539,55.73776],[11.86397,55.73721],[11.86346,55.73663],[11.86173,55.73687],[11.85967,55.73558],[11.85851,55.73553],[11.85684,55.73651],[11.85454,55.7414],[11.85455,55.74273],[11.85587,55.74488],[11.85613,55.74708],[11.85659,55.74994],[11.8566,55.74994],[11.85674,55.75123],[11.85617,55.75223],[11.85333,55.75307],[11.85238,55.75204],[11.85113,55.75107],[11.85056,55.75096],[11.8492,55.75216],[11.84896,55.75388],[11.84806,55.75528],[11.8461,55.75556],[11.84597,55.75612],[11.85021,55.75636],[11.85144,55.75625],[11.85289,55.75551],[11.85332,55.7559],[11.85487,55.75733],[11.85509,55.75812],[11.85432,55.75913],[11.85534,55.7609],[11.85821,55.76227],[11.85874,55.76393],[11.85954,55.76645],[11.85974,55.7694],[11.8593,55.77002],[11.85746,55.77263],[11.8602,55.77543],[11.86172,55.77806],[11.86253,55.78264],[11.86223,55.78403],[11.86182,55.78509],[11.86259,55.78678],[11.86207,55.78861],[11.86432,55.79534],[11.86441,55.79634],[11.86802,55.79834],[11.86916,55.79858],[11.86984,55.79933],[11.87233,55.79902],[11.87305,55.79839],[11.87374,55.79867],[11.87396,55.79863],[11.8746,55.79902],[11.87796,55.80028],[11.87874,55.8015],[11.87875,55.80152],[11.87885,55.80167],[11.8785,55.8028],[11.87986,55.80374],[11.88048,55.80477],[11.88026,55.80652],[11.88066,55.80757],[11.88011,55.80942],[11.87773,55.80961],[11.87773,55.80964],[11.87735,55.80965],[11.87708,55.80965],[11.87726,55.81239],[11.87779,55.813],[11.87784,55.81397],[11.87971,55.81402],[11.87973,55.81402],[11.88028,55.81397],[11.88417,55.81487],[11.88937,55.81653],[11.89193,55.81667],[11.89367,55.81552],[11.89727,55.81701],[11.89911,55.81729],[11.90379,55.8185],[11.90533,55.81816],[11.9093,55.81876],[11.91314,55.82043],[11.91707,55.81974],[11.91811,55.81788],[11.92032,55.81736],[11.92143,55.81657],[11.92398,55.81653],[11.92551,55.8167],[11.92611,55.81763],[11.92797,55.81772],[11.93013,55.81699],[11.93381,55.8175],[11.93471,55.81845],[11.93472,55.81847],[11.93473,55.81849],[11.93539,55.81944],[11.93542,55.82146],[11.93859,55.82165],[11.94015,55.82138],[11.94109,55.82152],[11.94216,55.82214],[11.94416,55.8233],[11.94562,55.82527],[11.94602,55.82633],[11.94604,55.82635],[11.94659,55.82736],[11.94696,55.82804],[11.94713,55.8268],[11.94746,55.82652]]]}},{"type":"Feature","properties":{"name":"Frederikssund"},"geometry":{"type":"Polygon","coordinates":[[[12.01274,55.87233],[12.01101,55.87251],[12.01052,55.87255],[12.00917,55.87413],[12.0098,55.87502],[12.00961,55.87544],[12.00966,55.87569],[12.00789,55.87639],[12.00689,55.87734],[12.0065,55.87884],[12.00792,55.87919],[12.01001,55.87873],[12.01098,55.87805],[12.0112,55.87757],[12.01113,55.8775],[12.01178,55.87636],[12.01258,55.87577],[12.01239,55.87495],[12.01286,55.87328],[12.01296,55.87248],[12.01274,55.87233]]]}},{"type":"Feature","properties":{"name":"Frederikssund"},"geometry":{"type":"Polygon","coordinates":[[[11.89655,55.91638],[11.89514,55.91516],[11.89433,55.91483],[11.89322,55.91439],[11.89033,55.91408],[11.88976,55.91516],[11.89418,55.91646],[11.89549,55.91779],[11.89605,55.91766],[11.9007,55.91662],[11.89655,55.91638]]]}},{"type":"Feature","properties":{"name":"Aalborg"},"geometry":{"type":"Polygon","coordinates":[[[9.60265,56.98009],[9.60214,56.98012],[9.59772,56.98043],[9.59742,56.98045],[9.59508,56.98207],[9.59189,56.98308],[9.59132,56.98339],[9.59141,56.98504],[9.59342,56.98542],[9.59682,56.98495],[9.59958,56.98377],[9.60157,56.9813],[9.60233,56.98135],[9.60397,56.98146],[9.60508,56.98203],[9.60565,56.98327],[9.60769,56.98355],[9.60962,56.98279],[9.61182,56.98069],[9.60798,56.98089],[9.60265,56.98009]]]}},{"type":"Feature","properties":{"name":"Aalborg"},"geometry":{"type":"Polygon","coordinates":[[[9.82832,57.08123],[9.82573,57.08159],[9.82492,57.08216],[9.82535,57.08259],[9.82546,57.0827],[9.82685,57.083],[9.83036,57.08283],[9.8324,57.08235],[9.83313,57.08199],[9.83215,57.08154],[9.82832,57.08123]]]}},{"type":"Feature","properties":{"name":"Aalborg"},"geometry":{"type":"Polygon","coordinates":[[[9.83431,57.04446],[9.83609,57.04396],[9.84327,57.04318],[9.84688,57.04365],[9.85052,57.04452],[9.85747,57.04722],[9.86385,57.05125],[9.86451,57.05257],[9.86614,57.05329],[9.86784,57.05328],[9.86784,57.05329],[9.86782,57.05403],[9.87133,57.05522],[9.87397,57.05554],[9.87478,57.05561],[9.87613,57.05573],[9.87739,57.05584],[9.87897,57.05633],[9.87925,57.05836],[9.88157,57.05877],[9.88336,57.05841],[9.89392,57.05967],[9.89431,57.05944],[9.89376,57.05832],[9.89365,57.05778],[9.89784,57.05726],[9.89917,57.05856],[9.90024,57.0585],[9.90102,57.05846],[9.89994,57.05743],[9.90025,57.05737],[9.90108,57.05719],[9.90241,57.05714],[9.90271,57.05713],[9.90413,57.05707],[9.9042,57.05805],[9.90653,57.05752],[9.90657,57.05759],[9.90814,57.05728],[9.91339,57.05487],[9.91461,57.05446],[9.91475,57.05442],[9.91697,57.05343],[9.9242,57.05043],[9.92421,57.05042],[9.9299,57.04903],[9.93106,57.04883],[9.93409,57.04868],[9.93409,57.04868],[9.94455,57.04963],[9.95674,57.05459],[9.9576,57.05251],[9.95883,57.05284],[9.95898,57.05291],[9.95839,57.0549],[9.96535,57.05895],[9.96857,57.06158],[9.96921,57.06141],[9.96922,57.06141],[9.96935,57.06196],[9.97187,57.06568],[9.97464,57.06857],[9.97879,57.06896],[9.98011,57.06972],[9.98097,57.07091],[9.98462,57.07303],[9.98999,57.07546],[9.99342,57.07672],[9.99762,57.07826],[10.00421,57.07909],[10.00441,57.07912],[10.00711,57.07882],[10.01043,57.07899],[10.01661,57.07813],[10.0215,57.07712],[10.02463,57.07637],[10.02527,57.07504],[10.02634,57.07394],[10.02982,57.07034],[10.03732,57.06077],[10.03904,57.05953],[10.04229,57.0593],[10.04218,57.05885],[10.04201,57.05866],[10.04209,57.05843],[10.04207,57.05834],[10.04198,57.05801],[10.04905,57.05518],[10.05067,57.05454],[10.04949,57.05353],[10.04933,57.0532],[10.04968,57.05285],[10.05075,57.05225],[10.05539,57.05115],[10.05586,57.05117],[10.0562,57.05128],[10.05701,57.05143],[10.05792,57.05057],[10.05203,57.04862],[10.05375,57.04708],[10.06266,57.05003],[10.06284,57.04994],[10.06563,57.04852],[10.0652,57.04717],[10.06491,57.04665],[10.06466,57.04621],[10.06429,57.04609],[10.06431,57.04601],[10.06268,57.04511],[10.06298,57.04445],[10.06329,57.04405],[10.0639,57.04332],[10.06458,57.04304],[10.06575,57.04307],[10.06583,57.04299],[10.06617,57.04308],[10.06719,57.04312],[10.06783,57.04314],[10.06803,57.04315],[10.06867,57.04317],[10.07055,57.043],[10.07335,57.04133],[10.08079,57.03868],[10.08495,57.03793],[10.08878,57.03696],[10.09183,57.03592],[10.09318,57.03522],[10.09322,57.03521],[10.09617,57.03431],[10.10869,57.02811],[10.11321,57.02607],[10.12235,57.02071],[10.1244,57.01867],[10.12451,57.01805],[10.12394,57.01754],[10.1242,57.01699],[10.12681,57.01505],[10.13035,57.01301],[10.13036,57.01301],[10.13718,57.00888],[10.13873,57.00843],[10.14231,57.00704],[10.14782,57.00582],[10.16105,56.9998],[10.16365,56.99872],[10.16524,56.99794],[10.16923,56.99643],[10.17238,56.99513],[10.17832,56.99242],[10.19133,56.98731],[10.19133,56.98731],[10.19148,56.98724],[10.19236,56.98679],[10.19571,56.98609],[10.20159,56.98555],[10.20578,56.98388],[10.21063,56.98284],[10.21889,56.98161],[10.22096,56.98118],[10.22306,56.98032],[10.2261,56.98088],[10.22772,56.98051],[10.23134,56.97905],[10.23744,56.97899],[10.24572,56.97909],[10.25345,56.9798],[10.25744,56.98061],[10.263,56.98163],[10.26896,56.98166],[10.27365,56.98208],[10.29059,56.98275],[10.29855,56.98275],[10.30082,56.98269],[10.30116,56.98289],[10.30186,56.9833],[10.30263,56.98634],[10.30276,56.98642],[10.30333,56.98634],[10.30511,56.98495],[10.30499,56.98486],[10.30434,56.98305],[10.30642,56.98284],[10.3068,56.98246],[10.30395,56.98174],[10.30413,56.9805],[10.30199,56.97813],[10.30006,56.97443],[10.29915,56.97298],[10.29907,56.97121],[10.29787,56.96831],[10.29878,56.96793],[10.29942,56.96672],[10.29886,56.96567],[10.2984,56.96554],[10.29674,56.96524],[10.2956,56.96531],[10.29513,56.96533],[10.29499,56.96548],[10.29504,56.96584],[10.29333,56.96648],[10.28968,56.96564],[10.28848,56.96466],[10.28788,56.96394],[10.28712,56.9624],[10.28403,56.96106],[10.28402,56.96104],[10.28256,56.95898],[10.28247,56.95807],[10.28341,56.95776],[10.28481,56.95748],[10.28288,56.95634],[10.28367,56.95524],[10.2844,56.9551],[10.28654,56.95559],[10.29,56.95733],[10.29103,56.95712],[10.29156,56.95633],[10.29136,56.95468],[10.2907,56.95454],[10.29013,56.95492],[10.28987,56.95429],[10.28721,56.95018],[10.27889,56.94346],[10.27739,56.94301],[10.2752,56.94166],[10.27287,56.9386],[10.27201,56.9379],[10.27108,56.93386],[10.27097,56.92858],[10.27076,56.9262],[10.26912,56.91579],[10.26667,56.91093],[10.26507,56.90852],[10.26436,56.90704],[10.26411,56.90609],[10.26431,56.90307],[10.26406,56.89532],[10.26306,56.89455],[10.26184,56.8936],[10.26535,56.88578],[10.26621,56.88497],[10.26621,56.88493],[10.26646,56.88264],[10.26648,56.876],[10.26613,56.87494],[10.26595,56.87145],[10.26589,56.86683],[10.26646,56.85844],[10.26679,56.85813],[10.23723,56.85529],[10.22255,56.86084],[10.19316,56.84705],[10.19426,56.84243],[10.20776,56.83808],[10.21445,56.83969],[10.22478,56.83267],[10.216,56.81302],[10.19801,56.81112],[10.18628,56.81815],[10.15322,56.84957],[10.16355,56.87042],[10.13718,56.87007],[10.10305,56.87764],[10.09383,56.86985],[10.08479,56.88331],[10.05994,56.89127],[10.05729,56.91106],[10.03574,56.91091],[10.02213,56.90378],[10.00373,56.90049],[9.9817,56.90441],[9.96334,56.90624],[9.95182,56.90257],[9.92111,56.89483],[9.90569,56.88539],[9.88782,56.88878],[9.8751,56.88737],[9.87235,56.8926],[9.83643,56.90725],[9.83016,56.92141],[9.82366,56.92295],[9.83329,56.92935],[9.83657,56.94223],[9.81291,56.94861],[9.81636,56.95441],[9.81333,56.95885],[9.79689,56.95817],[9.80048,56.9606],[9.78158,56.96198],[9.77243,56.95695],[9.7672,56.95795],[9.77157,56.96299],[9.76784,56.9635],[9.75518,56.97087],[9.72909,56.97054],[9.70971,56.9603],[9.72027,56.93915],[9.70975,56.93299],[9.71491,56.9209],[9.67479,56.92391],[9.66803,56.92112],[9.64601,56.92637],[9.62858,56.91345],[9.61264,56.91339],[9.59182,56.89134],[9.57478,56.88903],[9.56318,56.89531],[9.56363,56.88868],[9.55496,56.88652],[9.55708,56.88151],[9.53275,56.87776],[9.50899,56.88552],[9.51361,56.89632],[9.50428,56.90244],[9.52133,56.92042],[9.51918,56.92796],[9.51982,56.9301],[9.51695,56.93138],[9.50295,56.92918],[9.47875,56.93294],[9.46051,56.92682],[9.46319,56.92033],[9.43605,56.91827],[9.43469,56.9241],[9.42286,56.9272],[9.42067,56.93662],[9.40797,56.93585],[9.40593,56.94569],[9.4063,56.96024],[9.40666,56.9734],[9.39071,56.97911],[9.39817,56.98583],[9.39336,57.0121],[9.39496,57.01214],[9.39826,57.01303],[9.40689,57.01416],[9.41908,57.01657],[9.42762,57.01725],[9.43424,57.01679],[9.44228,57.01581],[9.44809,57.01601],[9.45638,57.01583],[9.47007,57.01516],[9.47661,57.0154],[9.47992,57.01565],[9.4892,57.01586],[9.49336,57.01562],[9.49471,57.01542],[9.50071,57.01481],[9.51019,57.01312],[9.51725,57.01115],[9.53036,57.00712],[9.53105,57.00707],[9.53156,57.00697],[9.53156,57.00697],[9.5422,57.00358],[9.54798,57.00188],[9.5491,57.00187],[9.55501,57.00061],[9.55597,56.99985],[9.55697,56.99963],[9.563,56.99778],[9.5648,56.99723],[9.5713,56.99348],[9.57972,56.98975],[9.58266,56.98858],[9.58333,56.98804],[9.58154,56.98659],[9.58056,56.98493],[9.57999,56.98427],[9.57681,56.98394],[9.57364,56.98288],[9.57159,56.98135],[9.5707,56.98017],[9.56869,56.9788],[9.56791,56.97753],[9.56772,56.97694],[9.56771,56.97612],[9.56589,56.97312],[9.56501,56.97045],[9.56593,56.9695],[9.56672,56.96924],[9.56702,56.96866],[9.56582,56.96788],[9.56697,56.96729],[9.56714,56.96699],[9.56695,56.96651],[9.56819,56.96525],[9.5706,56.96396],[9.5766,56.96171],[9.5764,56.96149],[9.57561,56.96152],[9.57137,56.96282],[9.57056,56.96245],[9.57062,56.96181],[9.57144,56.96078],[9.5722,56.96005],[9.57118,56.96009],[9.56986,56.95967],[9.56823,56.95871],[9.56737,56.95813],[9.56506,56.95528],[9.56189,56.95888],[9.55927,56.95991],[9.55812,56.96213],[9.55796,56.96351],[9.55717,56.9647],[9.55674,56.96503],[9.5566,56.96505],[9.55566,56.96564],[9.55397,56.96604],[9.55112,56.96579],[9.54982,56.96567],[9.54826,56.9649],[9.54722,56.96342],[9.54517,56.9625],[9.54555,56.96166],[9.54342,56.95948],[9.54148,56.95835],[9.54075,56.95734],[9.54089,56.9568],[9.53941,56.95635],[9.53803,56.95642],[9.53779,56.9558],[9.53719,56.95432],[9.53775,56.95289],[9.53815,56.95219],[9.53824,56.95212],[9.54034,56.95152],[9.54088,56.95101],[9.54068,56.95026],[9.54122,56.94991],[9.54193,56.94991],[9.54273,56.9505],[9.54317,56.95027],[9.54375,56.94856],[9.54466,56.94803],[9.54472,56.94726],[9.5484,56.9443],[9.54844,56.94427],[9.54969,56.94232],[9.54931,56.94099],[9.55053,56.93929],[9.55208,56.93845],[9.55199,56.9366],[9.55327,56.93563],[9.55643,56.93593],[9.55947,56.93376],[9.55991,56.93296],[9.55958,56.93181],[9.56218,56.9299],[9.56416,56.92868],[9.5648,56.92747],[9.56748,56.92544],[9.56847,56.92637],[9.57101,56.92609],[9.57101,56.92612],[9.57113,56.92684],[9.57253,56.92808],[9.57225,56.92897],[9.57291,56.93028],[9.57202,56.93193],[9.57307,56.93447],[9.57341,56.94027],[9.57561,56.94681],[9.57759,56.9489],[9.57815,56.95225],[9.57783,56.95288],[9.57785,56.95308],[9.57697,56.95456],[9.57499,56.95674],[9.57523,56.95733],[9.57472,56.95793],[9.57504,56.95849],[9.57637,56.95835],[9.57758,56.95906],[9.57812,56.95969],[9.57772,56.96045],[9.5793,56.96092],[9.57732,56.96154],[9.5806,56.96099],[9.58418,56.96158],[9.59324,56.96465],[9.59411,56.96464],[9.59602,56.96368],[9.59746,56.9634],[9.5983,56.96344],[9.5985,56.9634],[9.60001,56.96353],[9.60605,56.96455],[9.609,56.9659],[9.61238,56.96616],[9.61641,56.96753],[9.6196,56.96959],[9.6196,56.96959],[9.62453,56.97575],[9.62619,56.97782],[9.62619,56.97783],[9.6267,56.97911],[9.62759,56.97981],[9.62717,56.98056],[9.62756,56.98098],[9.6287,56.98109],[9.62993,56.98215],[9.63076,56.98444],[9.62984,56.9858],[9.63097,56.98728],[9.63169,56.98683],[9.63147,56.9868],[9.6316,56.98671],[9.63175,56.98678],[9.63234,56.9864],[9.63289,56.98657],[9.63523,56.98768],[9.63402,56.98848],[9.63395,56.98845],[9.63321,56.9889],[9.6333,56.98894],[9.63527,56.98913],[9.63785,56.98886],[9.63863,56.98851],[9.64051,56.98885],[9.64572,56.99213],[9.6476,56.99357],[9.64892,56.99551],[9.64936,56.99594],[9.65007,56.99694],[9.65146,56.99828],[9.65313,56.99905],[9.65313,56.99905],[9.65539,57.0001],[9.65978,57.0038],[9.66407,57.00624],[9.66749,57.00922],[9.66939,57.00949],[9.67094,57.011],[9.67096,57.01106],[9.6721,57.01518],[9.67211,57.01519],[9.67201,57.01558],[9.67205,57.01873],[9.67004,57.02377],[9.67026,57.02427],[9.67163,57.02736],[9.67363,57.02951],[9.67519,57.03013],[9.67571,57.0314],[9.67611,57.03175],[9.67672,57.03183],[9.67778,57.03353],[9.67906,57.0344],[9.68396,57.03659],[9.69162,57.03925],[9.69555,57.04018],[9.6982,57.04088],[9.69906,57.04098],[9.70695,57.0419],[9.71243,57.0424],[9.71784,57.04365],[9.72314,57.04412],[9.72616,57.04403],[9.72992,57.0444],[9.73247,57.04498],[9.73845,57.04542],[9.74429,57.04576],[9.75601,57.04819],[9.7596,57.0491],[9.7612,57.04982],[9.76792,57.05107],[9.77314,57.05149],[9.77313,57.05105],[9.77832,57.05115],[9.77826,57.05216],[9.78995,57.05046],[9.79265,57.05056],[9.79668,57.05017],[9.80907,57.0492],[9.81381,57.0479],[9.8168,57.04674],[9.81748,57.04606],[9.81748,57.04606],[9.82327,57.0448],[9.82531,57.04483],[9.82759,57.04428],[9.8343,57.04446],[9.83431,57.04446]]]}},{"type":"Feature","properties":{"name":"Aalborg"},"geometry":{"type":"Polygon","coordinates":[[[9.84322,57.13475],[9.84244,57.14262],[9.89734,57.13698],[9.91909,57.14779],[9.91215,57.15598],[9.91508,57.16501],[9.90785,57.17023],[9.88281,57.18053],[9.86602,57.20468],[9.84041,57.21093],[9.84847,57.21436],[9.83695,57.21684],[9.83727,57.22246],[9.89045,57.22392],[9.89247,57.23059],[9.90074,57.22725],[9.90619,57.22959],[9.934,57.22605],[9.92904,57.21729],[9.941,57.21861],[9.93691,57.21332],[9.94515,57.21711],[9.99131,57.19945],[9.98535,57.195],[10.01927,57.19298],[10.02317,57.18981],[10.05101,57.17401],[10.0788,57.15024],[10.08121,57.15395],[10.09517,57.15192],[10.0981,57.15167],[10.10147,57.15278],[10.11066,57.14932],[10.11958,57.14306],[10.12281,57.14224],[10.1355,57.13893],[10.16545,57.1162],[10.19646,57.11021],[10.20104,57.10965],[10.22096,57.10863],[10.31053,57.10807],[10.32621,57.09886],[10.3361,57.10007],[10.32836,57.08263],[10.33377,57.0712],[10.33955,57.07054],[10.36411,57.08918],[10.38937,57.08863],[10.38937,57.08863],[10.38682,57.08444],[10.38631,57.08133],[10.38609,57.08084],[10.38502,57.07915],[10.38533,57.07848],[10.3848,57.07687],[10.38441,57.07607],[10.38369,57.07532],[10.38128,57.06942],[10.38037,57.06801],[10.37893,57.0648],[10.37826,57.06135],[10.37668,57.05856],[10.37689,57.05854],[10.37931,57.05829],[10.38249,57.0651],[10.38398,57.06719],[10.38115,57.05679],[10.37625,57.05659],[10.37611,57.05512],[10.37764,57.05486],[10.37686,57.0522],[10.37573,57.05191],[10.37445,57.05213],[10.37243,57.04964],[10.37161,57.04576],[10.37214,57.04569],[10.37314,57.04645],[10.37467,57.04948],[10.37514,57.04973],[10.37575,57.04887],[10.37429,57.04721],[10.37213,57.04339],[10.37136,57.04435],[10.37047,57.04417],[10.36919,57.04187],[10.36883,57.04101],[10.37097,57.04266],[10.37143,57.04219],[10.3714,57.04097],[10.36712,57.03527],[10.36454,57.03216],[10.35861,57.02153],[10.35649,57.0175],[10.35311,57.01302],[10.35257,57.01125],[10.34688,57.00405],[10.34414,57.00164],[10.34352,57.00043],[10.34094,56.99789],[10.33917,56.9953],[10.33862,56.99406],[10.33585,56.99125],[10.33282,56.98929],[10.33071,56.98873],[10.32959,56.98892],[10.3292,56.98937],[10.32381,56.99099],[10.31717,56.99174],[10.31498,56.99211],[10.31206,56.99167],[10.31085,56.99012],[10.31034,56.98946],[10.30849,56.99012],[10.30912,56.99144],[10.30828,56.99163],[10.30675,56.99178],[10.30675,56.99178],[10.30606,56.99038],[10.30419,56.99072],[10.30424,56.99082],[10.30498,56.9924],[10.30337,56.99339],[10.30128,56.99387],[10.30015,56.994],[10.29632,56.99385],[10.29448,56.9935],[10.29226,56.9934],[10.28922,56.99353],[10.28727,56.99335],[10.27245,56.99138],[10.27011,56.99029],[10.26646,56.98954],[10.26377,56.9879],[10.25816,56.98634],[10.255,56.98623],[10.25379,56.98701],[10.25214,56.98691],[10.24291,56.98661],[10.2415,56.98664],[10.23321,56.98738],[10.22231,56.98963],[10.21492,56.99266],[10.20993,56.99416],[10.20346,56.9966],[10.20196,56.99755],[10.20102,56.99772],[10.19064,57.0028],[10.18652,57.00441],[10.18214,57.00636],[10.18073,57.00707],[10.17633,57.01056],[10.17514,57.01209],[10.17396,57.01336],[10.17139,57.01484],[10.1677,57.01684],[10.1628,57.01919],[10.15939,57.02095],[10.1526,57.02305],[10.1473,57.02586],[10.14504,57.02845],[10.14193,57.02956],[10.13983,57.02998],[10.13818,57.03076],[10.13817,57.03077],[10.13494,57.03265],[10.13262,57.03452],[10.1314,57.03501],[10.12845,57.0365],[10.12626,57.03818],[10.12514,57.03917],[10.12266,57.04022],[10.12048,57.0405],[10.11673,57.04182],[10.1109,57.04468],[10.11064,57.04558],[10.10936,57.0469],[10.1072,57.04671],[10.10561,57.04698],[10.10322,57.04765],[10.10187,57.04936],[10.09978,57.0496],[10.09783,57.05054],[10.09697,57.05088],[10.09643,57.05197],[10.09381,57.05343],[10.08786,57.05283],[10.08655,57.05377],[10.07881,57.05517],[10.07824,57.05533],[10.0761,57.05608],[10.07311,57.05752],[10.07137,57.05848],[10.07009,57.05961],[10.06322,57.06278],[10.05584,57.06584],[10.04862,57.06842],[10.04461,57.07123],[10.04442,57.07125],[10.0437,57.07133],[10.04204,57.07087],[10.04125,57.07095],[10.03934,57.07156],[10.03823,57.0725],[10.03822,57.0725],[10.03634,57.07515],[10.03115,57.07948],[10.02715,57.08185],[10.02283,57.08315],[10.01988,57.085],[10.01754,57.0856],[10.01748,57.08723],[10.01522,57.08785],[10.01334,57.08879],[10.00366,57.08966],[10.00362,57.08966],[10.00064,57.08925],[9.99916,57.0883],[9.99649,57.08843],[9.99125,57.08787],[9.98869,57.08706],[9.98573,57.08645],[9.9808,57.08456],[9.97839,57.08348],[9.97753,57.08318],[9.97589,57.08235],[9.97255,57.08084],[9.971,57.08023],[9.96926,57.07869],[9.96515,57.07548],[9.96402,57.07518],[9.96073,57.07541],[9.96056,57.07524],[9.96036,57.07523],[9.96049,57.07516],[9.96005,57.0747],[9.96254,57.07397],[9.96257,57.07341],[9.95985,57.07078],[9.95799,57.07202],[9.95664,57.07167],[9.95537,57.07037],[9.95571,57.07008],[9.95865,57.06948],[9.95797,57.06703],[9.95781,57.06402],[9.95729,57.06349],[9.95718,57.06305],[9.95593,57.06113],[9.95524,57.06008],[9.95503,57.05975],[9.95412,57.05896],[9.95589,57.05796],[9.95563,57.05778],[9.95556,57.05773],[9.95243,57.05794],[9.95243,57.05794],[9.95231,57.05795],[9.95115,57.05751],[9.95113,57.05751],[9.94345,57.05516],[9.94144,57.05446],[9.93548,57.05358],[9.92358,57.05556],[9.90974,57.06044],[9.90932,57.06169],[9.90932,57.06169],[9.90844,57.06209],[9.90767,57.06147],[9.90686,57.06139],[9.9056,57.06183],[9.90553,57.06203],[9.90548,57.06217],[9.90568,57.06319],[9.9001,57.06374],[9.90002,57.0637],[9.90023,57.063],[9.89943,57.06304],[9.89666,57.06315],[9.89506,57.06378],[9.89114,57.06477],[9.88972,57.06513],[9.87984,57.06743],[9.87362,57.06989],[9.87362,57.06989],[9.87063,57.0713],[9.86992,57.07171],[9.87023,57.07196],[9.87157,57.07262],[9.8716,57.07301],[9.86601,57.07664],[9.86386,57.07742],[9.86283,57.07712],[9.8606,57.07835],[9.8485,57.08443],[9.84715,57.08457],[9.84433,57.08599],[9.84307,57.08677],[9.84137,57.088],[9.83973,57.09],[9.83758,57.09122],[9.83211,57.09136],[9.82741,57.09255],[9.8244,57.09354],[9.82565,57.09412],[9.82563,57.09419],[9.82376,57.0954],[9.81761,57.09618],[9.81762,57.09689],[9.81501,57.09728],[9.81083,57.09949],[9.80699,57.10066],[9.80279,57.10117],[9.80139,57.10205],[9.79882,57.1029],[9.79631,57.10302],[9.79459,57.10344],[9.79325,57.10409],[9.7913,57.10558],[9.78943,57.10683],[9.78738,57.10757],[9.78594,57.10638],[9.78433,57.10701],[9.7831,57.10727],[9.78239,57.10672],[9.78088,57.10675],[9.78022,57.10722],[9.78045,57.10778],[9.77924,57.10832],[9.77796,57.10845],[9.77608,57.10706],[9.77598,57.10699],[9.77757,57.10577],[9.77756,57.10567],[9.77755,57.10567],[9.76674,57.1106],[9.75038,57.12125],[9.75682,57.12276],[9.74292,57.13235],[9.75496,57.13199],[9.78299,57.13012],[9.79071,57.1238],[9.80876,57.13487],[9.83592,57.13458],[9.83588,57.13733],[9.84322,57.13475]]]}},{"type":"Feature","properties":{"name":"Aalborg"},"geometry":{"type":"Polygon","coordinates":[[[9.83661,57.05458],[9.83522,57.05529],[9.82439,57.05842],[9.82338,57.05885],[9.821,57.05985],[9.81891,57.06139],[9.81637,57.06327],[9.81581,57.06415],[9.81495,57.0662],[9.81314,57.06848],[9.8136,57.07135],[9.8143,57.07175],[9.82415,57.0729],[9.82818,57.07355],[9.83973,57.07484],[9.83993,57.07487],[9.84322,57.07496],[9.85657,57.07286],[9.8586,57.07299],[9.85982,57.0725],[9.85981,57.07045],[9.86477,57.06769],[9.86845,57.06621],[9.86986,57.06517],[9.87092,57.06479],[9.87427,57.06461],[9.87561,57.06424],[9.87538,57.0616],[9.87374,57.06173],[9.87021,57.06102],[9.86221,57.05669],[9.85781,57.05525],[9.85559,57.0549],[9.8518,57.05493],[9.84331,57.05368],[9.8399,57.05381],[9.83661,57.05458]]]}},{"type":"Feature","properties":{"name":"Aalborg"},"geometry":{"type":"Polygon","coordinates":[[[9.56368,57.00246],[9.56212,57.00247],[9.56143,57.00295],[9.56104,57.00323],[9.55994,57.00444],[9.55932,57.00605],[9.5583,57.00698],[9.55676,57.00749],[9.5541,57.00894],[9.54979,57.01059],[9.54997,57.0115],[9.55155,57.01237],[9.55495,57.01298],[9.55791,57.01294],[9.56178,57.01188],[9.56453,57.01183],[9.56499,57.01153],[9.56552,57.01087],[9.56757,57.0092],[9.56756,57.00868],[9.56688,57.00825],[9.56708,57.00755],[9.56867,57.00702],[9.57,57.0056],[9.57252,57.00529],[9.57125,57.00432],[9.57002,57.0038],[9.5654,57.00282],[9.56368,57.00246]]]}},{"type":"Feature","properties":{"name":"Aalborg"},"geometry":{"type":"Polygon","coordinates":[[[9.50974,57.01613],[9.50729,57.01622],[9.50684,57.0163],[9.50547,57.01686],[9.50524,57.01713],[9.50528,57.01744],[9.50569,57.01776],[9.50715,57.0181],[9.50919,57.01835],[9.51033,57.01831],[9.51315,57.01755],[9.51508,57.01682],[9.51294,57.0168],[9.51174,57.01643],[9.51089,57.01623],[9.50974,57.01613]]]}},{"type":"Feature","properties":{"name":"Aalborg"},"geometry":{"type":"Polygon","coordinates":[[[10.33919,56.98845],[10.33867,56.98877],[10.33858,56.98891],[10.33904,56.98934],[10.3409,56.9917],[10.34147,56.99296],[10.34231,56.99524],[10.34249,56.99528],[10.34293,56.99499],[10.34297,56.99475],[10.34153,56.99123],[10.34022,56.98935],[10.33941,56.9886],[10.33919,56.98845]]]}},{"type":"Feature","properties":{"name":"Viborg"},"geometry":{"type":"Polygon","coordinates":[[[9.29501,56.59336],[9.2974,56.59576],[9.29807,56.59837],[9.29799,56.60202],[9.29596,56.60447],[9.29193,56.60568],[9.29224,56.60628],[9.29568,56.60628],[9.29793,56.60659],[9.30105,56.60763],[9.3016,56.60787],[9.30177,56.60802],[9.30339,56.60891],[9.30783,56.61262],[9.31094,56.61633],[9.31271,56.61952],[9.31309,56.62038],[9.3124,56.62148],[9.31429,56.62498],[9.31186,56.62692],[9.31293,56.62968],[9.31295,56.63302],[9.31191,56.63433],[9.31439,56.63553],[9.31564,56.63859],[9.31626,56.63878],[9.3183,56.63864],[9.31866,56.6388],[9.31972,56.63926],[9.32014,56.63996],[9.32032,56.64001],[9.32057,56.64069],[9.32124,56.64183],[9.32357,56.6481],[9.32492,56.65224],[9.32517,56.65639],[9.32536,56.65962],[9.32512,56.66049],[9.32323,56.6651],[9.32306,56.6655],[9.3224,56.6664],[9.32214,56.66675],[9.32148,56.66918],[9.32051,56.67089],[9.31958,56.67217],[9.31957,56.67218],[9.33095,56.66803],[9.33497,56.67084],[9.35402,56.67138],[9.36492,56.66261],[9.39584,56.66535],[9.39086,56.66003],[9.39477,56.65346],[9.42371,56.6463],[9.41886,56.64136],[9.43059,56.6394],[9.45541,56.6369],[9.46155,56.65227],[9.46404,56.66248],[9.47513,56.66762],[9.47581,56.67188],[9.47715,56.67459],[9.48171,56.67441],[9.48162,56.67595],[9.49238,56.67525],[9.49546,56.68238],[9.50319,56.68201],[9.50536,56.68324],[9.51591,56.68241],[9.51639,56.68015],[9.52529,56.68066],[9.52535,56.67925],[9.52703,56.67885],[9.52732,56.67981],[9.52903,56.6794],[9.52274,56.67167],[9.52458,56.67083],[9.52667,56.6707],[9.52694,56.66978],[9.52701,56.66954],[9.53304,56.67112],[9.53428,56.66667],[9.53832,56.66715],[9.53859,56.66429],[9.54156,56.66343],[9.53768,56.66104],[9.53434,56.66054],[9.53518,56.65847],[9.53151,56.65624],[9.52851,56.65663],[9.53144,56.65101],[9.53134,56.65087],[9.53769,56.65059],[9.56813,56.64845],[9.57059,56.6442],[9.56804,56.64256],[9.57173,56.64005],[9.56419,56.63509],[9.57793,56.63174],[9.5973,56.6289],[9.62601,56.63194],[9.67066,56.62842],[9.67614,56.61427],[9.6446,56.60837],[9.64285,56.5906],[9.63565,56.58751],[9.64362,56.5799],[9.67734,56.5901],[9.68999,56.58722],[9.70312,56.58951],[9.71304,56.58512],[9.7461,56.56435],[9.75149,56.55629],[9.75074,56.55538],[9.79582,56.56161],[9.7806,56.54613],[9.79064,56.53291],[9.78813,56.52263],[9.78557,56.51888],[9.78702,56.51461],[9.78874,56.49393],[9.7837,56.48039],[9.78469,56.48042],[9.78634,56.46027],[9.7762,56.4497],[9.77276,56.43905],[9.7695,56.44146],[9.75655,56.42895],[9.75026,56.42902],[9.75819,56.42108],[9.75823,56.42103],[9.75871,56.42017],[9.74098,56.40953],[9.73652,56.402],[9.74265,56.39928],[9.72525,56.39119],[9.71577,56.39231],[9.72935,56.3859],[9.73016,56.38437],[9.69584,56.37716],[9.69522,56.37699],[9.69004,56.37728],[9.68859,56.37576],[9.70184,56.36631],[9.70122,56.35795],[9.70593,56.35476],[9.70156,56.34927],[9.70544,56.34293],[9.72261,56.3352],[9.72172,56.33025],[9.70034,56.32662],[9.67072,56.32779],[9.66078,56.31518],[9.63872,56.31456],[9.60601,56.30702],[9.58521,56.31974],[9.55669,56.31754],[9.54715,56.31322],[9.51317,56.31558],[9.50816,56.30849],[9.48909,56.31318],[9.48139,56.32467],[9.4721,56.32387],[9.46073,56.34209],[9.48146,56.3469],[9.48093,56.35256],[9.44915,56.36475],[9.43833,56.36955],[9.40367,56.34964],[9.36934,56.36084],[9.36572,56.35752],[9.37851,56.34672],[9.37173,56.34876],[9.3753,56.34481],[9.33903,56.34143],[9.32645,56.34359],[9.30792,56.33272],[9.29841,56.33104],[9.30837,56.32484],[9.29396,56.31753],[9.29754,56.31222],[9.27759,56.30704],[9.2562,56.28992],[9.2619,56.28395],[9.2525,56.2795],[9.249,56.28303],[9.23095,56.28196],[9.24955,56.27308],[9.23109,56.27231],[9.22253,56.2576],[9.22224,56.23391],[9.23242,56.22575],[9.22295,56.21913],[9.21309,56.22165],[9.21005,56.22891],[9.19023,56.24211],[9.19056,56.25001],[9.19724,56.25265],[9.19519,56.26176],[9.20154,56.26387],[9.19952,56.27444],[9.19453,56.27604],[9.18683,56.26834],[9.11129,56.26727],[9.11873,56.27738],[9.08784,56.27648],[9.08665,56.28697],[9.0754,56.29168],[9.06339,56.28877],[9.0574,56.30171],[9.0631,56.2993],[9.06718,56.30473],[9.04253,56.31459],[9.04248,56.32562],[9.05368,56.336],[9.07982,56.31907],[9.11215,56.33511],[9.10617,56.35217],[9.09085,56.36406],[9.07415,56.37085],[9.07509,56.37997],[9.06363,56.38469],[9.06055,56.39191],[9.01993,56.40644],[9.00912,56.40548],[9.00016,56.41404],[8.99467,56.42744],[9.00216,56.44053],[9.00092,56.44516],[8.9835,56.45474],[8.9851,56.47238],[8.9874,56.49168],[8.98187,56.50103],[8.98715,56.502],[8.97223,56.5175],[8.97422,56.52351],[8.98168,56.52218],[8.98615,56.51799],[9.00414,56.51565],[9.01938,56.52499],[9.02515,56.52584],[9.02987,56.52256],[9.03124,56.5229],[9.04407,56.52542],[9.04983,56.52218],[9.08583,56.53608],[9.09658,56.52864],[9.10513,56.52954],[9.11783,56.51883],[9.13128,56.51641],[9.13789,56.52018],[9.18728,56.52621],[9.19361,56.52474],[9.23071,56.54968],[9.22262,56.55968],[9.22857,56.5636],[9.24056,56.56418],[9.24701,56.57233],[9.24704,56.5723],[9.24749,56.57182],[9.24873,56.57154],[9.25313,56.57237],[9.25527,56.57164],[9.25569,56.56849],[9.25609,56.56727],[9.2578,56.56573],[9.25985,56.56256],[9.26093,56.55864],[9.26055,56.55773],[9.26052,56.55576],[9.26128,56.55505],[9.26311,56.55378],[9.2663,56.55238],[9.26797,56.55074],[9.2683,56.5497],[9.27261,56.5469],[9.27406,56.54475],[9.27454,56.54433],[9.27503,56.54409],[9.27787,56.54218],[9.28487,56.53818],[9.29127,56.53545],[9.29234,56.53519],[9.29354,56.53415],[9.29567,56.53376],[9.29571,56.53375],[9.29832,56.53391],[9.30191,56.53346],[9.30673,56.53444],[9.30736,56.53433],[9.30856,56.53355],[9.30766,56.53362],[9.30729,56.5334],[9.30799,56.53221],[9.30751,56.53103],[9.30632,56.53029],[9.30605,56.5295],[9.30576,56.529],[9.30437,56.52815],[9.30227,56.52831],[9.30072,56.52773],[9.30066,56.52625],[9.29916,56.52361],[9.2991,56.5219],[9.30011,56.52058],[9.30078,56.52039],[9.30133,56.52081],[9.30341,56.52035],[9.30472,56.52091],[9.30498,56.52102],[9.30485,56.52131],[9.30506,56.5214],[9.30553,56.5216],[9.30634,56.52064],[9.30719,56.52175],[9.3074,56.52182],[9.30739,56.52199],[9.30757,56.52224],[9.30776,56.52356],[9.30699,56.52518],[9.30698,56.52521],[9.30784,56.52586],[9.31024,56.52702],[9.3135,56.52776],[9.31419,56.52842],[9.31704,56.52945],[9.31943,56.53163],[9.32031,56.53166],[9.32118,56.53208],[9.32157,56.53235],[9.32842,56.5381],[9.3366,56.5408],[9.34067,56.5411],[9.34231,56.54093],[9.34601,56.54001],[9.34703,56.53967],[9.34769,56.53908],[9.34988,56.53825],[9.35403,56.53814],[9.35911,56.53607],[9.36063,56.53522],[9.36348,56.53407],[9.36454,56.53419],[9.36579,56.53422],[9.3683,56.53495],[9.36977,56.5353],[9.3698,56.53539],[9.37011,56.53549],[9.37023,56.53605],[9.37044,56.53711],[9.37044,56.53712],[9.37053,56.53848],[9.3666,56.54052],[9.3662,56.5411],[9.36672,56.54234],[9.3667,56.5488],[9.36575,56.55162],[9.3664,56.55297],[9.36657,56.55576],[9.36816,56.56187],[9.36955,56.56315],[9.37091,56.56386],[9.37262,56.56387],[9.37497,56.56459],[9.37566,56.56518],[9.37581,56.56585],[9.37577,56.56614],[9.37467,56.5667],[9.37149,56.56678],[9.36893,56.568],[9.36804,56.56805],[9.36699,56.56749],[9.36329,56.56668],[9.3595,56.56649],[9.35944,56.56648],[9.35777,56.56626],[9.35774,56.56625],[9.35088,56.56387],[9.3459,56.56043],[9.33848,56.55775],[9.33108,56.5566],[9.32689,56.55577],[9.31887,56.55388],[9.31424,56.55263],[9.309,56.55195],[9.30321,56.55191],[9.29814,56.55264],[9.2966,56.55316],[9.29193,56.55564],[9.29088,56.55663],[9.28764,56.562],[9.28694,56.56418],[9.28691,56.56738],[9.28785,56.57278],[9.28883,56.57542],[9.29036,56.57826],[9.29191,56.5842],[9.29191,56.58651],[9.29324,56.58874],[9.29326,56.59036],[9.29424,56.5929],[9.29491,56.59326],[9.29501,56.59336]]]}},{"type":"Feature","properties":{"name":"Bornholm"},"geometry":{"type":"Polygon","coordinates":[[[14.70324,55.20015],[14.70628,55.20597],[14.70587,55.20943],[14.70658,55.21174],[14.70735,55.21222],[14.7086,55.21338],[14.708,55.21403],[14.70816,55.21471],[14.70903,55.21581],[14.71048,55.21807],[14.71163,55.22289],[14.71277,55.22409],[14.71425,55.22501],[14.71725,55.22923],[14.72,55.23246],[14.72065,55.23463],[14.72072,55.23534],[14.72172,55.23659],[14.7231,55.23831],[14.72542,55.2398],[14.72777,55.24145],[14.73114,55.24472],[14.72937,55.24487],[14.72949,55.24559],[14.73226,55.24544],[14.73566,55.24869],[14.73584,55.24818],[14.73679,55.24881],[14.73647,55.24897],[14.73724,55.2494],[14.73997,55.25163],[14.74136,55.25333],[14.74137,55.25336],[14.74159,55.25369],[14.74593,55.26015],[14.7467,55.26204],[14.74949,55.26469],[14.75253,55.26832],[14.75255,55.26868],[14.75185,55.26899],[14.75192,55.26988],[14.75216,55.27103],[14.75322,55.27178],[14.75315,55.27209],[14.75254,55.27222],[14.75257,55.27329],[14.754,55.27412],[14.75417,55.27496],[14.75565,55.27668],[14.75731,55.27751],[14.75731,55.2776],[14.75739,55.27762],[14.75732,55.27767],[14.75731,55.27826],[14.75627,55.27883],[14.75519,55.27898],[14.75466,55.27899],[14.75463,55.27946],[14.75216,55.28167],[14.75204,55.28185],[14.75127,55.28651],[14.75164,55.28724],[14.75171,55.28738],[14.75252,55.2883],[14.75434,55.28964],[14.75586,55.29021],[14.76007,55.29088],[14.76046,55.2917],[14.7619,55.29237],[14.76279,55.2939],[14.76404,55.29429],[14.76457,55.29499],[14.7645,55.29571],[14.76591,55.29617],[14.76763,55.29696],[14.76903,55.29683],[14.76939,55.29697],[14.7694,55.29706],[14.76961,55.2972],[14.76942,55.29746],[14.76951,55.29805],[14.77113,55.29847],[14.77159,55.2987],[14.77323,55.29919],[14.77482,55.29884],[14.77583,55.29822],[14.77667,55.29779],[14.77801,55.29694],[14.77844,55.29611],[14.77923,55.29543],[14.77889,55.29475],[14.7786,55.29343],[14.77802,55.29194],[14.77719,55.29142],[14.77751,55.29069],[14.77832,55.28996],[14.7783,55.28983],[14.77851,55.28978],[14.77869,55.28962],[14.77993,55.28953],[14.78299,55.28977],[14.78319,55.28886],[14.78542,55.28757],[14.78607,55.28732],[14.78699,55.28768],[14.78731,55.28771],[14.78787,55.28756],[14.79008,55.28692],[14.79059,55.2862],[14.79176,55.28584],[14.79282,55.28534],[14.79338,55.285],[14.79397,55.28444],[14.79525,55.28458],[14.79586,55.28411],[14.79542,55.28308],[14.79491,55.28219],[14.79644,55.28225],[14.79672,55.28201],[14.7966,55.28144],[14.79725,55.28104],[14.79854,55.28101],[14.79975,55.28132],[14.80063,55.28116],[14.80104,55.2801],[14.80067,55.27963],[14.80082,55.27911],[14.80137,55.27827],[14.80131,55.27816],[14.80155,55.27799],[14.80229,55.27788],[14.80288,55.27801],[14.80417,55.27794],[14.80527,55.27764],[14.8062,55.277],[14.80618,55.2765],[14.80635,55.27574],[14.8051,55.27529],[14.80565,55.27483],[14.8071,55.27408],[14.80665,55.27297],[14.80671,55.2729],[14.80817,55.27225],[14.80923,55.27239],[14.81159,55.27006],[14.81101,55.26985],[14.81158,55.26937],[14.812,55.2689],[14.81232,55.26763],[14.81414,55.2677],[14.81702,55.26439],[14.81598,55.26266],[14.81597,55.26265],[14.81548,55.26215],[14.81625,55.26044],[14.81822,55.26037],[14.81729,55.25939],[14.81862,55.25888],[14.81825,55.2584],[14.81935,55.25706],[14.82086,55.256],[14.82226,55.25574],[14.82266,55.25427],[14.82457,55.25283],[14.82651,55.25206],[14.82765,55.25213],[14.83005,55.25139],[14.8353,55.24944],[14.83495,55.24929],[14.83424,55.24899],[14.83426,55.24897],[14.83692,55.24763],[14.83939,55.24793],[14.83932,55.24816],[14.83885,55.24818],[14.83782,55.2487],[14.83838,55.24887],[14.83993,55.24852],[14.84227,55.24799],[14.84247,55.24735],[14.843,55.24729],[14.84492,55.24772],[14.84817,55.24719],[14.84842,55.24639],[14.85004,55.24616],[14.85156,55.24486],[14.85154,55.2436],[14.85392,55.24268],[14.85454,55.24208],[14.85508,55.24177],[14.85666,55.24224],[14.85872,55.2419],[14.85903,55.24156],[14.8586,55.2413],[14.85923,55.24097],[14.86073,55.24119],[14.86157,55.241],[14.86189,55.24082],[14.8619,55.24082],[14.86206,55.24073],[14.86346,55.2407],[14.86501,55.24117],[14.86836,55.23998],[14.87056,55.23861],[14.8711,55.23899],[14.87161,55.23892],[14.87295,55.23848],[14.87525,55.23751],[14.87545,55.2373],[14.87614,55.23548],[14.87716,55.23512],[14.87785,55.23551],[14.87987,55.23397],[14.87996,55.23347],[14.8793,55.23272],[14.88109,55.23099],[14.88197,55.2309],[14.88229,55.22998],[14.88351,55.22863],[14.88412,55.22829],[14.88649,55.22751],[14.89318,55.22615],[14.89374,55.22581],[14.89891,55.22458],[14.90201,55.22368],[14.90481,55.22275],[14.90749,55.22271],[14.91266,55.22078],[14.9139,55.22062],[14.91646,55.22111],[14.92184,55.2196],[14.92359,55.21834],[14.92421,55.21817],[14.92538,55.21795],[14.92796,55.21703],[14.92884,55.21648],[14.92846,55.21584],[14.92918,55.2155],[14.92999,55.21476],[14.93226,55.21408],[14.93556,55.21177],[14.9359,55.21166],[14.93984,55.21041],[14.9436,55.20979],[14.94363,55.20978],[14.94368,55.20976],[14.94487,55.20932],[14.9463,55.20937],[14.94946,55.2104],[14.95274,55.21074],[14.9561,55.21217],[14.95698,55.21314],[14.95699,55.21314],[14.95772,55.21362],[14.96012,55.2138],[14.9608,55.21422],[14.96325,55.21396],[14.96507,55.21413],[14.96656,55.21442],[14.96728,55.2148],[14.96644,55.21518],[14.96623,55.21546],[14.96834,55.21524],[14.96932,55.21519],[14.96964,55.21471],[14.97091,55.21405],[14.97069,55.21317],[14.97093,55.21268],[14.97166,55.21232],[14.97219,55.21215],[14.97301,55.21313],[14.97413,55.2125],[14.9773,55.21109],[14.9783,55.21025],[14.97758,55.20934],[14.97878,55.20866],[14.9798,55.20832],[14.98052,55.20787],[14.98071,55.20683],[14.98011,55.20619],[14.98117,55.20584],[14.98224,55.20432],[14.98346,55.20291],[14.98345,55.20288],[14.98323,55.2014],[14.98425,55.20053],[14.98606,55.19992],[14.98717,55.19946],[14.98809,55.1981],[14.98892,55.19635],[14.98897,55.19595],[14.98856,55.19496],[14.98913,55.19409],[14.9912,55.19288],[14.99371,55.1921],[14.99504,55.19151],[14.99633,55.1912],[14.99795,55.19065],[15.00215,55.18781],[15.00519,55.18735],[15.00698,55.18576],[15.0077,55.18479],[15.01048,55.18388],[15.0116,55.18322],[15.01232,55.18193],[15.01326,55.18136],[15.0138,55.18039],[15.01598,55.18044],[15.01882,55.17901],[15.02002,55.17727],[15.02086,55.17681],[15.02089,55.17681],[15.02296,55.17663],[15.02452,55.17586],[15.03024,55.17455],[15.03202,55.17385],[15.03645,55.17318],[15.03929,55.17284],[15.04109,55.17222],[15.042,55.17191],[15.04283,55.17117],[15.04247,55.17085],[15.04275,55.17041],[15.04424,55.16997],[15.0483,55.16791],[15.05133,55.16591],[15.05266,55.16611],[15.05641,55.16435],[15.0568,55.16321],[15.05803,55.16248],[15.0592,55.16276],[15.05965,55.16107],[15.06066,55.16058],[15.06216,55.16002],[15.06575,55.16066],[15.06702,55.16018],[15.06875,55.15937],[15.0699,55.15835],[15.07196,55.15813],[15.07185,55.1571],[15.07317,55.15585],[15.07942,55.15476],[15.08119,55.15385],[15.08546,55.15304],[15.08882,55.15209],[15.08853,55.15069],[15.09768,55.14986],[15.10074,55.14896],[15.10075,55.14896],[15.1069,55.14799],[15.10835,55.1474],[15.10714,55.14638],[15.10942,55.14589],[15.11048,55.14691],[15.11194,55.14689],[15.11269,55.14624],[15.11378,55.14582],[15.11453,55.1464],[15.11509,55.14642],[15.11512,55.14477],[15.11681,55.14395],[15.11842,55.14348],[15.12075,55.1436],[15.12313,55.14391],[15.12356,55.14354],[15.12691,55.14353],[15.12692,55.14353],[15.12788,55.14353],[15.13026,55.14448],[15.13201,55.14483],[15.13232,55.14489],[15.13281,55.14401],[15.13323,55.14398],[15.13609,55.14379],[15.13601,55.14425],[15.13759,55.14425],[15.1377,55.1442],[15.13823,55.14399],[15.13902,55.14328],[15.13939,55.14256],[15.13784,55.14214],[15.13924,55.14135],[15.13979,55.1401],[15.13973,55.13893],[15.14015,55.13881],[15.14058,55.13921],[15.14255,55.14041],[15.1442,55.14088],[15.14493,55.14096],[15.14579,55.14023],[15.14596,55.13974],[15.14602,55.13784],[15.14611,55.13739],[15.14613,55.13726],[15.14625,55.13663],[15.14536,55.13664],[15.14463,55.13664],[15.14433,55.13623],[15.14442,55.1362],[15.14437,55.1361],[15.14416,55.13563],[15.14472,55.13527],[15.14486,55.13528],[15.14537,55.13502],[15.14563,55.13429],[15.14598,55.13379],[15.14877,55.13344],[15.1494,55.13365],[15.15006,55.13327],[15.14999,55.13259],[15.15059,55.13262],[15.15213,55.1331],[15.15313,55.13284],[15.15317,55.13322],[15.15418,55.13353],[15.1546,55.1328],[15.15402,55.13245],[15.15497,55.13226],[15.15532,55.13165],[15.15426,55.13145],[15.1534,55.13056],[15.15387,55.12902],[15.1519,55.12808],[15.15192,55.12801],[15.15204,55.12742],[15.15204,55.12742],[15.15364,55.12704],[15.15287,55.12629],[15.1537,55.1258],[15.15458,55.12513],[15.15579,55.12387],[15.15545,55.12318],[15.15501,55.12246],[15.15422,55.1222],[15.15334,55.12242],[15.15236,55.12236],[15.15154,55.12124],[15.15072,55.12152],[15.14741,55.12042],[15.14805,55.1193],[15.14701,55.11873],[15.14659,55.11817],[15.14679,55.11787],[15.14847,55.11782],[15.14814,55.11691],[15.14711,55.11666],[15.14683,55.11615],[15.14564,55.115],[15.14399,55.11435],[15.14333,55.1132],[15.1434,55.1131],[15.14333,55.11304],[15.14355,55.11293],[15.14441,55.11198],[15.14573,55.11189],[15.14642,55.11156],[15.1454,55.11005],[15.14457,55.10954],[15.14389,55.10898],[15.14482,55.10794],[15.14497,55.10778],[15.14531,55.10753],[15.1461,55.10757],[15.14726,55.10802],[15.14802,55.108],[15.14892,55.1075],[15.14924,55.10722],[15.14921,55.10583],[15.14904,55.10522],[15.14686,55.10506],[15.14573,55.10464],[15.14572,55.10455],[15.14562,55.10454],[15.14565,55.104],[15.14632,55.10306],[15.14592,55.10262],[15.14774,55.10126],[15.14716,55.1006],[15.14756,55.09947],[15.1488,55.09825],[15.14943,55.09809],[15.14906,55.0973],[15.14955,55.09661],[15.15026,55.09644],[15.15059,55.09553],[15.15143,55.09473],[15.15225,55.09466],[15.15295,55.09492],[15.15342,55.09476],[15.15362,55.09418],[15.15321,55.09358],[15.15515,55.09294],[15.15564,55.09267],[15.15627,55.09159],[15.1563,55.09154],[15.15562,55.09085],[15.15474,55.08951],[15.15316,55.08918],[15.15371,55.08859],[15.15422,55.08782],[15.15546,55.08732],[15.15644,55.08663],[15.156,55.08557],[15.15526,55.08529],[15.15713,55.08307],[15.15541,55.07993],[15.15297,55.07848],[15.15248,55.07692],[15.15103,55.07557],[15.15081,55.07524],[15.14993,55.0749],[15.1473,55.07461],[15.14729,55.07461],[15.1462,55.07403],[15.13983,55.07008],[15.13773,55.06836],[15.13718,55.0666],[15.13737,55.06359],[15.1351,55.06361],[15.13514,55.06323],[15.13516,55.06302],[15.13533,55.06131],[15.1352,55.06131],[15.13531,55.06071],[15.13567,55.05854],[15.1358,55.05773],[15.13767,55.05783],[15.13738,55.05954],[15.13649,55.06266],[15.13786,55.06256],[15.13922,55.06394],[15.13971,55.06099],[15.13969,55.06094],[15.13841,55.05685],[15.13746,55.0567],[15.13714,55.05673],[15.13164,55.05568],[15.12875,55.05513],[15.12864,55.05563],[15.12852,55.05619],[15.12792,55.05615],[15.12692,55.05545],[15.12675,55.05545],[15.1263,55.05502],[15.12525,55.05428],[15.12403,55.05237],[15.12473,55.05098],[15.12353,55.05083],[15.12332,55.05033],[15.12315,55.04993],[15.12348,55.04897],[15.12459,55.04814],[15.12455,55.04765],[15.12394,55.04653],[15.12394,55.04653],[15.11991,55.044],[15.11458,55.04142],[15.11263,55.04076],[15.1098,55.03921],[15.10987,55.03905],[15.10971,55.03705],[15.11065,55.03504],[15.11275,55.03233],[15.11276,55.03232],[15.11739,55.02878],[15.12048,55.02744],[15.12124,55.02676],[15.11942,55.02533],[15.11812,55.02471],[15.11799,55.02386],[15.11707,55.02128],[15.11675,55.02038],[15.1184,55.01803],[15.12038,55.01663],[15.12044,55.01558],[15.12022,55.01438],[15.10942,55.0099],[15.10705,55.00842],[15.10627,55.00794],[15.09243,54.99689],[15.08934,54.99368],[15.08453,54.98985],[15.08252,54.98849],[15.07194,54.98735],[15.04478,54.99394],[15.03416,54.99538],[15.02152,54.99464],[15.0172,54.99579],[15.01666,54.99586],[15.01267,54.9968],[15.00725,54.99768],[15.00176,54.99835],[14.99758,54.99852],[14.99266,54.99958],[14.98888,54.99974],[14.98445,55.00019],[14.98123,55.00168],[14.97723,55.00279],[14.97435,55.00333],[14.97396,55.00346],[14.97365,55.00346],[14.97189,55.00379],[14.96892,55.00403],[14.96353,55.00392],[14.9587,55.00512],[14.95733,55.00589],[14.95511,55.00629],[14.94768,55.01014],[14.93832,55.01401],[14.93564,55.01483],[14.93495,55.01511],[14.93449,55.01518],[14.93314,55.0156],[14.92975,55.01591],[14.92549,55.0145],[14.92457,55.01446],[14.92424,55.01472],[14.92423,55.01473],[14.92227,55.01626],[14.91742,55.01874],[14.91691,55.01937],[14.9132,55.02114],[14.91151,55.02168],[14.91119,55.02185],[14.91092,55.02187],[14.90869,55.02258],[14.90558,55.0227],[14.90447,55.02305],[14.90383,55.02231],[14.90308,55.023],[14.90224,55.02343],[14.90178,55.02333],[14.90088,55.02379],[14.89733,55.026],[14.89461,55.02717],[14.89186,55.02881],[14.88556,55.03174],[14.87965,55.03329],[14.87673,55.0336],[14.87215,55.03547],[14.86855,55.03609],[14.86734,55.03639],[14.86571,55.03723],[14.86278,55.03818],[14.85521,55.03951],[14.8525,55.04027],[14.85007,55.04049],[14.84389,55.04228],[14.84387,55.04229],[14.83986,55.04278],[14.83778,55.04273],[14.83721,55.04278],[14.83704,55.04271],[14.83668,55.04271],[14.83358,55.04202],[14.83232,55.04096],[14.82536,55.04333],[14.818,55.04606],[14.81799,55.04606],[14.81489,55.04682],[14.80948,55.04985],[14.80719,55.05082],[14.8044,55.05134],[14.80053,55.05287],[14.79571,55.05363],[14.79479,55.05386],[14.79444,55.05383],[14.79381,55.05393],[14.78721,55.05372],[14.77807,55.05251],[14.77685,55.05243],[14.77275,55.05394],[14.76554,55.05774],[14.76206,55.05821],[14.7575,55.06084],[14.75661,55.06122],[14.75559,55.06142],[14.75325,55.06214],[14.75128,55.06226],[14.75111,55.06286],[14.75037,55.06326],[14.74525,55.06345],[14.74493,55.06351],[14.74336,55.06436],[14.74102,55.06661],[14.73847,55.06739],[14.73622,55.06807],[14.73561,55.06979],[14.73406,55.07127],[14.73216,55.07291],[14.73215,55.07293],[14.72754,55.07737],[14.72517,55.07896],[14.72467,55.07921],[14.72405,55.07939],[14.72166,55.08031],[14.71829,55.08114],[14.71408,55.08154],[14.71047,55.08126],[14.70854,55.08227],[14.70515,55.08348],[14.70455,55.08413],[14.70374,55.08582],[14.70269,55.08712],[14.70218,55.0874],[14.70074,55.08846],[14.69971,55.08803],[14.6942,55.08987],[14.69147,55.09099],[14.68729,55.09432],[14.68667,55.09481],[14.68638,55.09504],[14.69139,55.09385],[14.69315,55.0931],[14.6956,55.09411],[14.69562,55.09412],[14.69713,55.0948],[14.69842,55.09538],[14.69789,55.09704],[14.69722,55.09766],[14.69642,55.09809],[14.69605,55.09836],[14.694,55.09983],[14.69244,55.09981],[14.69178,55.0998],[14.68848,55.09963],[14.68799,55.09961],[14.68718,55.0971],[14.685,55.09625],[14.68255,55.09733],[14.68488,55.10216],[14.68678,55.10334],[14.68728,55.10359],[14.69086,55.10441],[14.6922,55.10393],[14.69263,55.10402],[14.69369,55.10423],[14.69386,55.10427],[14.69393,55.10428],[14.69414,55.10424],[14.69424,55.10435],[14.69588,55.10463],[14.69634,55.10478],[14.69942,55.10699],[14.70078,55.11066],[14.70013,55.11222],[14.70145,55.11286],[14.70226,55.11416],[14.7021,55.11563],[14.70088,55.11802],[14.70087,55.11806],[14.70075,55.11829],[14.69955,55.11976],[14.6988,55.12188],[14.69919,55.1223],[14.70306,55.12492],[14.70585,55.12792],[14.70676,55.12968],[14.70697,55.13051],[14.70766,55.13429],[14.70745,55.13723],[14.70661,55.14284],[14.7066,55.14285],[14.70572,55.14637],[14.70413,55.14829],[14.70421,55.15086],[14.70552,55.15353],[14.70552,55.15353],[14.70602,55.15439],[14.70528,55.15587],[14.70387,55.16068],[14.70547,55.16295],[14.70629,55.16505],[14.70569,55.1693],[14.70565,55.1708],[14.70486,55.17405],[14.70376,55.17507],[14.70324,55.17612],[14.70256,55.17786],[14.70237,55.18105],[14.7019,55.18159],[14.7004,55.18176],[14.70042,55.18344],[14.70169,55.18616],[14.70275,55.18612],[14.70255,55.18547],[14.70287,55.18423],[14.70352,55.18547],[14.70379,55.18576],[14.7037,55.18578],[14.70439,55.18709],[14.70425,55.18757],[14.70398,55.18754],[14.70321,55.18748],[14.70314,55.18747],[14.70311,55.18755],[14.70255,55.18737],[14.70276,55.18756],[14.70297,55.18761],[14.70303,55.18782],[14.70372,55.18847],[14.70341,55.18925],[14.70366,55.18971],[14.7037,55.19111],[14.70201,55.19326],[14.70202,55.19496],[14.70127,55.19639],[14.70324,55.20015]]]}},{"type":"Feature","properties":{"name":"Høje-Taastrup"},"geometry":{"type":"Polygon","coordinates":[[[12.16686,55.63419],[12.15708,55.63389],[12.15821,55.64927],[12.15746,55.65342],[12.16387,55.65304],[12.16286,55.65747],[12.15729,55.65866],[12.15853,55.66574],[12.15145,55.66666],[12.15048,55.67102],[12.16456,55.6736],[12.16872,55.68172],[12.18131,55.68255],[12.18548,55.68821],[12.2121,55.68721],[12.25078,55.70841],[12.25252,55.70534],[12.28905,55.69856],[12.311,55.69369],[12.32158,55.67952],[12.31551,55.67274],[12.322,55.65971],[12.32894,55.65082],[12.33949,55.64683],[12.33732,55.64526],[12.34134,55.64196],[12.34662,55.63758],[12.30833,55.63723],[12.28942,55.63596],[12.28765,55.63414],[12.28574,55.63436],[12.28346,55.63515],[12.28176,55.63448],[12.24552,55.63341],[12.23379,55.63518],[12.21248,55.63483],[12.21607,55.62702],[12.20938,55.61796],[12.21522,55.61767],[12.2095,55.60456],[12.15959,55.61282],[12.16686,55.63419]]]}},{"type":"Feature","properties":{"name":"Horsens"},"geometry":{"type":"Polygon","coordinates":[[[10.30925,55.74145],[10.30779,55.74154],[10.3045,55.7427],[10.28841,55.74701],[10.28287,55.748],[10.28175,55.74807],[10.28136,55.74816],[10.28069,55.74814],[10.27549,55.74849],[10.27225,55.74814],[10.27051,55.74711],[10.26258,55.74794],[10.25983,55.74796],[10.2558,55.74767],[10.25159,55.74693],[10.24743,55.7469],[10.24474,55.74748],[10.24068,55.74808],[10.23776,55.7498],[10.2353,55.75184],[10.23463,55.75303],[10.23509,55.75558],[10.23624,55.75612],[10.23902,55.75631],[10.242,55.75689],[10.24559,55.75998],[10.24921,55.76171],[10.25673,55.76061],[10.26384,55.75981],[10.26904,55.75976],[10.27279,55.76038],[10.27314,55.75939],[10.27468,55.7592],[10.28438,55.76048],[10.28912,55.76188],[10.29078,55.76217],[10.29846,55.76317],[10.30074,55.76328],[10.30388,55.76514],[10.30469,55.76655],[10.30344,55.76666],[10.29956,55.76502],[10.29716,55.76773],[10.29758,55.76988],[10.29795,55.77125],[10.30174,55.77469],[10.30492,55.77611],[10.30658,55.77788],[10.30652,55.77788],[10.30669,55.77806],[10.30537,55.78063],[10.30382,55.77801],[10.30439,55.78246],[10.31124,55.7901],[10.31203,55.79193],[10.3118,55.79396],[10.31344,55.79067],[10.31443,55.78976],[10.3146,55.78948],[10.31582,55.7885],[10.3192,55.78543],[10.32191,55.78363],[10.32573,55.77742],[10.32698,55.77454],[10.32693,55.77186],[10.32795,55.77035],[10.32852,55.76974],[10.32886,55.76623],[10.32807,55.76319],[10.32488,55.75658],[10.32454,55.75431],[10.32265,55.74746],[10.32114,55.74531],[10.31972,55.74441],[10.31223,55.74183],[10.30931,55.74145],[10.30925,55.74145]]]}},{"type":"Feature","properties":{"name":"Horsens"},"geometry":{"type":"Polygon","coordinates":[[[9.69465,55.90366],[9.64024,55.9157],[9.63411,55.92447],[9.61742,55.91641],[9.61797,55.91079],[9.59557,55.90944],[9.57842,55.91798],[9.56976,55.91452],[9.55903,55.91591],[9.5347,55.91946],[9.52365,55.92491],[9.52505,55.92918],[9.51336,55.93354],[9.51195,55.94281],[9.51784,55.94323],[9.51091,55.94457],[9.50934,55.95282],[9.50332,55.97156],[9.47468,55.98798],[9.46235,55.99398],[9.47878,55.99815],[9.48981,55.99527],[9.50311,56.00818],[9.52593,56.00807],[9.53969,56.00273],[9.53797,56.01389],[9.56809,56.01],[9.58231,56.00241],[9.59201,56.0108],[9.60422,56.01012],[9.60194,56.02509],[9.60847,56.03423],[9.58917,56.0484],[9.58251,56.04783],[9.58052,56.06263],[9.60635,56.07007],[9.64049,56.06459],[9.70761,56.05656],[9.70094,56.04137],[9.70948,56.037],[9.7053,56.02892],[9.70964,56.01092],[9.7166,56.01057],[9.72367,56.01155],[9.74705,56.0105],[9.76436,56.01688],[9.7788,56.01472],[9.7939,56.01897],[9.81149,56.00766],[9.79703,55.98887],[9.80882,55.97917],[9.80751,55.97394],[9.81993,55.9732],[9.83759,55.96278],[9.85391,55.9606],[9.8537,55.95663],[9.86668,55.95421],[9.87305,55.9557],[9.87982,55.96737],[9.89134,55.96655],[9.90218,55.97103],[9.9427,55.9691],[9.95507,55.97191],[9.95389,55.98058],[9.96793,55.9926],[9.97971,55.98868],[9.99162,55.98193],[9.99945,55.98449],[10.01363,55.98127],[10.01429,55.97339],[10.0355,55.95717],[10.03307,55.94945],[10.02708,55.94338],[10.02789,55.93152],[10.01593,55.91075],[10.01887,55.9039],[10.02823,55.90104],[10.02202,55.89593],[10.0474,55.87888],[10.0457,55.87873],[10.04131,55.87646],[10.0367,55.87573],[10.03506,55.8757],[10.02292,55.87615],[10.0189,55.87573],[10.01654,55.87537],[10.01056,55.87604],[10.00789,55.87678],[10.00487,55.87761],[10.00269,55.87882],[9.99851,55.88037],[9.99667,55.88043],[9.99585,55.87964],[9.98615,55.87903],[9.98045,55.8797],[9.97613,55.87987],[9.97456,55.88],[9.97032,55.88],[9.96901,55.87956],[9.96848,55.87917],[9.96733,55.87744],[9.96683,55.87537],[9.96656,55.87341],[9.96502,55.87258],[9.96437,55.87159],[9.96206,55.86708],[9.96208,55.86565],[9.9659,55.86474],[9.96716,55.86365],[9.96797,55.86189],[9.96764,55.86085],[9.96667,55.85996],[9.96668,55.85892],[9.96581,55.85869],[9.96143,55.85877],[9.95548,55.85944],[9.94983,55.85903],[9.94936,55.8591],[9.94203,55.86103],[9.93281,55.86149],[9.93039,55.86132],[9.92511,55.8603],[9.92302,55.85932],[9.92242,55.85828],[9.91622,55.85789],[9.91074,55.86215],[9.9099,55.86254],[9.9097,55.8627],[9.9093,55.86282],[9.90845,55.86321],[9.90673,55.86358],[9.90511,55.86405],[9.90143,55.86575],[9.89737,55.8665],[9.89683,55.8673],[9.89529,55.8677],[9.89324,55.86904],[9.89235,55.86991],[9.89196,55.87165],[9.89197,55.87264],[9.89317,55.8735],[9.89365,55.875],[9.89384,55.875],[9.89452,55.87467],[9.89914,55.87457],[9.90228,55.8755],[9.90531,55.87741],[9.90558,55.87866],[9.90422,55.88005],[9.90248,55.87952],[9.90142,55.87852],[9.90005,55.87798],[9.89913,55.87771],[9.89671,55.878],[9.89271,55.8788],[9.8924,55.87886],[9.88731,55.87949],[9.88244,55.87947],[9.88095,55.8801],[9.8792,55.87974],[9.87897,55.87868],[9.87803,55.87836],[9.87607,55.87863],[9.87539,55.87802],[9.87149,55.87692],[9.86977,55.87758],[9.86988,55.87832],[9.86809,55.87926],[9.86796,55.87934],[9.8672,55.87983],[9.86625,55.87984],[9.86483,55.88001],[9.85759,55.8794],[9.85419,55.87993],[9.85431,55.87958],[9.85529,55.87915],[9.8567,55.8787],[9.85683,55.8779],[9.85546,55.87668],[9.85555,55.87617],[9.85561,55.87584],[9.85566,55.87563],[9.85991,55.87577],[9.86197,55.87549],[9.86252,55.87553],[9.86581,55.87579],[9.86637,55.87566],[9.86743,55.87527],[9.86908,55.87425],[9.87232,55.87318],[9.8732,55.87315],[9.87333,55.87317],[9.87408,55.87373],[9.87394,55.87485],[9.87058,55.87468],[9.86777,55.87622],[9.86818,55.87727],[9.86852,55.87745],[9.87211,55.87642],[9.87295,55.87678],[9.87298,55.8768],[9.87595,55.8775],[9.87727,55.87715],[9.87765,55.87677],[9.87805,55.87637],[9.88065,55.87549],[9.88493,55.87592],[9.88831,55.87544],[9.89091,55.87547],[9.89102,55.87398],[9.88953,55.87157],[9.89065,55.87009],[9.89197,55.8688],[9.8933,55.86669],[9.89462,55.86633],[9.89519,55.86595],[9.89572,55.86468],[9.89365,55.86361],[9.88825,55.86228],[9.88263,55.86264],[9.88083,55.86235],[9.87569,55.86011],[9.87564,55.85999],[9.87539,55.85989],[9.87521,55.85885],[9.87496,55.8582],[9.87481,55.85675],[9.86794,55.85755],[9.86662,55.85815],[9.85823,55.8591],[9.85779,55.85915],[9.85994,55.85696],[9.86015,55.85693],[9.86952,55.85564],[9.8695,55.8556],[9.87068,55.85545],[9.87246,55.85524],[9.87357,55.85499],[9.87357,55.85491],[9.87496,55.8547],[9.87501,55.85274],[9.86853,55.85349],[9.86122,55.85452],[9.86122,55.85452],[9.86117,55.85439],[9.86079,55.85338],[9.86117,55.8532],[9.87655,55.8504],[9.87818,55.85003],[9.87813,55.84865],[9.87796,55.84753],[9.87676,55.84759],[9.87328,55.84821],[9.86964,55.84788],[9.86801,55.84774],[9.86742,55.84788],[9.86417,55.84869],[9.86081,55.84921],[9.85717,55.84866],[9.85696,55.84867],[9.8569,55.84867],[9.85704,55.84863],[9.85677,55.84859],[9.85748,55.84817],[9.8586,55.84808],[9.86119,55.84769],[9.86121,55.84769],[9.86699,55.84696],[9.87693,55.84708],[9.87919,55.84602],[9.88055,55.84622],[9.88065,55.84662],[9.8843,55.84534],[9.88779,55.84422],[9.89218,55.8424],[9.89563,55.84207],[9.9044,55.84145],[9.91412,55.83919],[9.91921,55.83908],[9.92414,55.83818],[9.94384,55.83355],[9.94665,55.83298],[9.94939,55.83256],[9.95555,55.8318],[9.95767,55.83189],[9.95803,55.83225],[9.95948,55.83214],[9.9594,55.83182],[9.95958,55.83135],[9.9604,55.83125],[9.96043,55.83125],[9.94652,55.82248],[9.94712,55.80693],[9.91808,55.80684],[9.87983,55.80246],[9.85098,55.79899],[9.83896,55.80825],[9.81956,55.79808],[9.81417,55.79799],[9.81699,55.80236],[9.805,55.80745],[9.78975,55.81141],[9.7856,55.81601],[9.78032,55.82168],[9.76564,55.82755],[9.75474,55.82952],[9.74939,55.83515],[9.74449,55.8376],[9.7471,55.84075],[9.74421,55.84583],[9.74532,55.84924],[9.73484,55.85297],[9.72427,55.86653],[9.68856,55.86503],[9.68999,55.87122],[9.69465,55.90366]]]}},{"type":"Feature","properties":{"name":"Horsens"},"geometry":{"type":"Polygon","coordinates":[[[9.99596,55.865],[9.99309,55.86545],[9.99421,55.86614],[9.99467,55.86889],[9.99583,55.87011],[9.99905,55.87083],[10.0061,55.87019],[10.01433,55.87042],[10.01247,55.86869],[10.00885,55.86554],[10.00424,55.8653],[9.99969,55.86542],[9.99596,55.865]]]}},{"type":"Feature","properties":{"name":"Faxe"},"geometry":{"type":"Polygon","coordinates":[[[11.88718,55.34273],[11.86556,55.35186],[11.86889,55.36289],[11.87742,55.36954],[11.88838,55.36731],[11.92901,55.36743],[11.9383,55.37451],[11.94694,55.37496],[11.96865,55.39082],[11.96477,55.39764],[11.97834,55.39803],[11.97969,55.40031],[11.96353,55.40203],[11.9765,55.40491],[11.99783,55.40217],[12.00278,55.40187],[12.00369,55.39822],[12.01698,55.40102],[12.02384,55.39568],[12.04385,55.39392],[12.06563,55.38539],[12.06194,55.38281],[12.06117,55.37651],[12.07438,55.37437],[12.08039,55.36829],[12.08717,55.37436],[12.08914,55.37115],[12.10806,55.37601],[12.10991,55.37261],[12.10804,55.36045],[12.1132,55.35227],[12.14977,55.34258],[12.15498,55.33575],[12.17226,55.33469],[12.18977,55.33056],[12.21325,55.33289],[12.22017,55.32968],[12.22894,55.33424],[12.22349,55.33725],[12.24277,55.34057],[12.24539,55.33839],[12.23453,55.33142],[12.23166,55.31412],[12.2144,55.30543],[12.21724,55.29434],[12.2192,55.29151],[12.23336,55.29422],[12.26503,55.28627],[12.26959,55.28605],[12.26547,55.2819],[12.2836,55.2641],[12.28396,55.24004],[12.28394,55.24004],[12.27878,55.2415],[12.27564,55.24197],[12.27321,55.24201],[12.26659,55.24108],[12.25905,55.2405],[12.25367,55.23952],[12.25154,55.23939],[12.24801,55.23841],[12.24801,55.23841],[12.24663,55.23841],[12.24338,55.2374],[12.2385,55.23541],[12.23667,55.23591],[12.23376,55.23536],[12.23082,55.23422],[12.22237,55.22999],[12.21613,55.22783],[12.21297,55.22697],[12.20868,55.22606],[12.20463,55.22468],[12.19973,55.22428],[12.19732,55.22475],[12.19275,55.22423],[12.19271,55.22422],[12.18736,55.2226],[12.17996,55.21938],[12.17795,55.21861],[12.17723,55.21818],[12.17483,55.21714],[12.17064,55.2148],[12.1709,55.21436],[12.17048,55.21385],[12.16956,55.21372],[12.16748,55.21196],[12.16608,55.21224],[12.16606,55.21226],[12.16481,55.21457],[12.16027,55.21416],[12.15934,55.21358],[12.15927,55.2136],[12.15862,55.21323],[12.1587,55.21319],[12.15453,55.21039],[12.15296,55.20967],[12.15109,55.20822],[12.14959,55.20663],[12.14481,55.20196],[12.14113,55.19757],[12.13958,55.1951],[12.13674,55.19255],[12.13628,55.19213],[12.12712,55.18809],[12.12456,55.18746],[12.11859,55.18527],[12.11583,55.18369],[12.11423,55.18278],[12.11177,55.18043],[12.10811,55.17525],[12.10725,55.17311],[12.10642,55.16646],[12.10639,55.16229],[12.10627,55.16154],[12.10639,55.16117],[12.10638,55.16078],[12.10638,55.16029],[12.10714,55.15789],[12.1095,55.15236],[12.1096,55.14962],[12.11207,55.14286],[12.11225,55.14074],[12.11127,55.13975],[12.11118,55.13972],[12.10914,55.1391],[12.10817,55.13933],[12.10783,55.14018],[12.10616,55.13894],[12.10528,55.13842],[12.10329,55.13773],[12.09834,55.13436],[12.09766,55.13425],[12.09526,55.1347],[12.09087,55.13403],[12.08577,55.13357],[12.08321,55.13514],[12.08031,55.1356],[12.07798,55.13698],[12.0776,55.13832],[12.07886,55.141],[12.08045,55.14135],[12.08102,55.14242],[12.08108,55.14485],[12.08342,55.15007],[12.08454,55.15367],[12.08383,55.16276],[12.08411,55.16323],[12.08544,55.1655],[12.09209,55.17002],[12.09229,55.17015],[12.09321,55.17028],[12.09352,55.17025],[12.09411,55.17052],[12.09436,55.17094],[12.09503,55.17173],[12.09589,55.17464],[12.09374,55.17634],[12.09109,55.17718],[12.08808,55.17703],[12.08504,55.17612],[12.07935,55.17575],[12.07326,55.17622],[12.06819,55.17601],[12.06626,55.17583],[12.06391,55.1757],[12.06349,55.17556],[12.06208,55.17543],[12.06116,55.17525],[12.05901,55.17451],[12.05722,55.17354],[12.05295,55.17214],[12.05295,55.17214],[12.05211,55.17203],[12.05043,55.17203],[12.04955,55.17186],[12.04754,55.17202],[12.04177,55.17894],[12.02377,55.1861],[12.02782,55.20503],[12.01659,55.21676],[11.97307,55.22509],[11.98194,55.236],[11.98081,55.24443],[11.97309,55.24942],[11.9553,55.24298],[11.94476,55.24347],[11.93767,55.24946],[11.94563,55.25392],[11.9353,55.25699],[11.93951,55.26187],[11.93238,55.26529],[11.9252,55.26225],[11.90568,55.27069],[11.89703,55.27879],[11.89976,55.28174],[11.86484,55.2889],[11.85389,55.29046],[11.84996,55.29507],[11.83814,55.30479],[11.84307,55.30428],[11.8432,55.30984],[11.83219,55.31355],[11.8587,55.3183],[11.84432,55.3266],[11.85036,55.32637],[11.85417,55.33534],[11.86455,55.33253],[11.88315,55.33536],[11.88313,55.34124],[11.88718,55.34273]]]}},{"type":"Feature","properties":{"name":"Odsherred"},"geometry":{"type":"Polygon","coordinates":[[[11.5204,55.87223],[11.52041,55.87224],[11.52152,55.8747],[11.52123,55.87518],[11.52191,55.87586],[11.52407,55.88278],[11.52497,55.8838],[11.52628,55.88411],[11.52609,55.88131],[11.52593,55.88092],[11.52557,55.88078],[11.52452,55.87864],[11.52476,55.87795],[11.52373,55.87536],[11.52436,55.87468],[11.52556,55.87491],[11.52623,55.87513],[11.52699,55.8775],[11.52629,55.8781],[11.5263,55.87873],[11.52786,55.87936],[11.52832,55.88008],[11.52709,55.88056],[11.52791,55.88125],[11.52879,55.88186],[11.52955,55.88276],[11.52826,55.88376],[11.52973,55.88473],[11.53116,55.88634],[11.53084,55.8877],[11.53143,55.88855],[11.52949,55.89067],[11.53023,55.89171],[11.52974,55.89249],[11.53103,55.89356],[11.53064,55.89402],[11.53128,55.89497],[11.53101,55.89529],[11.52982,55.89526],[11.52905,55.89563],[11.53016,55.89704],[11.52964,55.89764],[11.53005,55.89798],[11.52959,55.89879],[11.52962,55.90074],[11.52811,55.90237],[11.52681,55.90053],[11.52688,55.8996],[11.52568,55.89814],[11.52573,55.89779],[11.52597,55.89628],[11.52814,55.89518],[11.52844,55.89483],[11.52818,55.89413],[11.52756,55.89311],[11.52651,55.89268],[11.52756,55.88929],[11.52712,55.8869],[11.52797,55.88645],[11.52699,55.88604],[11.52578,55.88621],[11.52509,55.88746],[11.52314,55.89576],[11.52333,55.89698],[11.52325,55.89823],[11.52339,55.89896],[11.52526,55.90496],[11.52612,55.91058],[11.52625,55.91654],[11.52554,55.92033],[11.52322,55.92582],[11.52247,55.92668],[11.52234,55.92701],[11.52184,55.92744],[11.51977,55.92988],[11.5167,55.93192],[11.51339,55.93326],[11.5129,55.93331],[11.51255,55.93343],[11.51212,55.93338],[11.51166,55.93344],[11.5079,55.93297],[11.50105,55.93774],[11.49416,55.94049],[11.49057,55.94117],[11.48938,55.94117],[11.4845,55.94247],[11.4813,55.94296],[11.47708,55.94492],[11.47175,55.94687],[11.47034,55.94739],[11.4647,55.94872],[11.46144,55.94918],[11.46143,55.94918],[11.44931,55.9499],[11.43544,55.94977],[11.43113,55.94925],[11.43046,55.94924],[11.42762,55.94947],[11.41426,55.95076],[11.40919,55.95191],[11.40434,55.95242],[11.39856,55.95281],[11.39033,55.9529],[11.37663,55.95324],[11.36773,55.95651],[11.36364,55.95834],[11.354,55.96212],[11.34665,55.9648],[11.34356,55.96674],[11.33586,55.9693],[11.33204,55.97022],[11.32584,55.97031],[11.32425,55.97046],[11.32203,55.97085],[11.31986,55.97163],[11.31372,55.97404],[11.31117,55.97478],[11.3097,55.97531],[11.30944,55.97527],[11.30897,55.97541],[11.30376,55.97462],[11.30263,55.97425],[11.30124,55.97459],[11.30092,55.9746],[11.29799,55.97522],[11.2961,55.97655],[11.29249,55.97877],[11.28901,55.98378],[11.28606,55.99082],[11.28474,55.99731],[11.28387,55.99965],[11.28228,56.00129],[11.27813,56.00605],[11.27735,56.0077],[11.27691,56.00864],[11.27737,56.01057],[11.27822,56.01044],[11.28242,56.00638],[11.28377,56.00476],[11.28712,56.00121],[11.2935,55.99691],[11.29515,55.99526],[11.29572,55.99395],[11.29887,55.99143],[11.30316,55.98917],[11.30683,55.98773],[11.3136,55.98565],[11.31468,55.98542],[11.31543,55.98517],[11.31874,55.9845],[11.32705,55.98301],[11.34954,55.97845],[11.35258,55.97708],[11.36583,55.97289],[11.36663,55.97269],[11.36865,55.97194],[11.36863,55.97188],[11.36949,55.97171],[11.37062,55.9714],[11.3706,55.97133],[11.37337,55.97066],[11.37511,55.97001],[11.37914,55.96814],[11.38147,55.96746],[11.38234,55.9673],[11.38261,55.96721],[11.38339,55.96714],[11.38549,55.96679],[11.39156,55.96624],[11.39915,55.96565],[11.41918,55.96182],[11.43302,55.96141],[11.44131,55.96083],[11.44901,55.96069],[11.45659,55.9604],[11.46389,55.96046],[11.4639,55.96046],[11.46953,55.96011],[11.48253,55.96045],[11.48465,55.96],[11.48554,55.95968],[11.4882,55.95813],[11.49005,55.9575],[11.49929,55.95528],[11.5034,55.95429],[11.50932,55.95342],[11.51465,55.95192],[11.52229,55.95135],[11.5313,55.95173],[11.53834,55.9524],[11.55118,55.95436],[11.56187,55.956],[11.56558,55.95683],[11.56681,55.95705],[11.56791,55.95735],[11.57241,55.95836],[11.58,55.96068],[11.58351,55.96165],[11.58622,55.96197],[11.5916,55.96179],[11.59483,55.96003],[11.59611,55.95978],[11.5962,55.95922],[11.5948,55.95964],[11.59552,55.95893],[11.59565,55.95815],[11.59663,55.95532],[11.59678,55.95515],[11.59688,55.95504],[11.60128,55.95106],[11.60428,55.94899],[11.60782,55.94671],[11.60842,55.94626],[11.60857,55.94587],[11.61162,55.94461],[11.61765,55.9432],[11.6258,55.94232],[11.62605,55.94117],[11.62707,55.94029],[11.62949,55.93949],[11.63196,55.93913],[11.63883,55.93864],[11.64571,55.93886],[11.6501,55.93931],[11.65809,55.9407],[11.67027,55.94407],[11.6756,55.94518],[11.69009,55.94642],[11.69982,55.94808],[11.69985,55.94809],[11.70507,55.94928],[11.71413,55.95207],[11.71823,55.95373],[11.71935,55.95407],[11.72013,55.95449],[11.72346,55.95583],[11.73131,55.95993],[11.73582,55.96297],[11.73765,55.96396],[11.74444,55.96683],[11.75038,55.96873],[11.75402,55.97031],[11.75511,55.97041],[11.76109,55.97234],[11.76537,55.97306],[11.77158,55.97493],[11.77443,55.97627],[11.77682,55.97695],[11.77747,55.97685],[11.77894,55.975],[11.77933,55.973],[11.78053,55.97099],[11.78391,55.96738],[11.79087,55.95722],[11.7914,55.95434],[11.79099,55.95266],[11.7924,55.94905],[11.79079,55.94807],[11.78849,55.94813],[11.78786,55.94897],[11.78868,55.95083],[11.78835,55.95272],[11.78429,55.95369],[11.77966,55.95367],[11.77624,55.95268],[11.77489,55.95197],[11.76776,55.9464],[11.76701,55.94552],[11.76677,55.94535],[11.76668,55.94536],[11.76628,55.945],[11.76484,55.94428],[11.76389,55.94416],[11.76216,55.94395],[11.7602,55.94349],[11.75736,55.94224],[11.75536,55.94114],[11.75494,55.94067],[11.75471,55.94057],[11.75443,55.94008],[11.75413,55.93804],[11.75447,55.93717],[11.75224,55.93449],[11.75217,55.93036],[11.74977,55.9276],[11.74867,55.92426],[11.74901,55.92136],[11.7499,55.91999],[11.75044,55.91985],[11.74992,55.91816],[11.75056,55.91656],[11.75246,55.91479],[11.75278,55.91301],[11.7535,55.91243],[11.7528,55.90617],[11.75183,55.90513],[11.75097,55.90469],[11.74874,55.90354],[11.74719,55.90342],[11.74346,55.90181],[11.73955,55.90098],[11.73718,55.89989],[11.73384,55.89899],[11.72419,55.90009],[11.7109,55.90384],[11.70878,55.9079],[11.70984,55.90933],[11.71035,55.91161],[11.71024,55.91174],[11.7096,55.91249],[11.70722,55.91292],[11.70716,55.91293],[11.70715,55.91294],[11.69682,55.91473],[11.69296,55.91419],[11.68932,55.91194],[11.68818,55.91175],[11.68782,55.91198],[11.6868,55.91263],[11.68612,55.91391],[11.68358,55.91445],[11.6802,55.91526],[11.67928,55.9151],[11.67769,55.91481],[11.6767,55.91436],[11.67608,55.91362],[11.67483,55.91327],[11.67351,55.91463],[11.67342,55.91466],[11.6732,55.91474],[11.67224,55.91452],[11.67225,55.91447],[11.66981,55.91379],[11.66887,55.91361],[11.66873,55.91349],[11.66871,55.91325],[11.66893,55.91284],[11.66925,55.91224],[11.67368,55.9124],[11.67026,55.90993],[11.67019,55.90699],[11.67095,55.90594],[11.66973,55.90245],[11.66973,55.90245],[11.66997,55.90133],[11.66564,55.89527],[11.66509,55.8929],[11.66523,55.89214],[11.66593,55.89214],[11.66638,55.89099],[11.6659,55.88985],[11.66583,55.88969],[11.66583,55.88969],[11.66616,55.88801],[11.66686,55.88764],[11.66772,55.88669],[11.66746,55.88587],[11.66823,55.88344],[11.66827,55.88135],[11.66835,55.88125],[11.66921,55.88024],[11.6708,55.87943],[11.67272,55.87887],[11.67668,55.87836],[11.69147,55.87442],[11.69226,55.87332],[11.6946,55.87206],[11.70098,55.86629],[11.70389,55.86498],[11.70427,55.86469],[11.70487,55.86385],[11.70876,55.86125],[11.70799,55.86048],[11.70952,55.85791],[11.71022,55.85647],[11.71356,55.85263],[11.71378,55.85133],[11.71722,55.84851],[11.71872,55.848],[11.71901,55.8478],[11.71886,55.8473],[11.72068,55.8459],[11.72541,55.84336],[11.72566,55.84306],[11.72614,55.84211],[11.73105,55.83647],[11.73148,55.83553],[11.73199,55.83515],[11.73167,55.83378],[11.73219,55.83268],[11.73262,55.83207],[11.73271,55.83179],[11.7324,55.83056],[11.73391,55.82877],[11.73515,55.82535],[11.73416,55.82514],[11.73493,55.82419],[11.73404,55.82343],[11.73296,55.82232],[11.73314,55.82127],[11.73339,55.82115],[11.73332,55.82086],[11.73241,55.82011],[11.72641,55.81515],[11.72156,55.8125],[11.72094,55.81113],[11.71737,55.80763],[11.71546,55.80652],[11.71469,55.80619],[11.71457,55.80621],[11.71404,55.80632],[11.71432,55.80683],[11.7114,55.81012],[11.71073,55.8105],[11.71054,55.8106],[11.70967,55.81066],[11.70521,55.81013],[11.70024,55.81138],[11.69922,55.81128],[11.69904,55.81162],[11.6936,55.81239],[11.68941,55.81405],[11.6861,55.81559],[11.67876,55.81736],[11.67514,55.81693],[11.66623,55.81759],[11.6644,55.81814],[11.66331,55.81831],[11.65946,55.81577],[11.65946,55.81577],[11.64868,55.80862],[11.64876,55.80856],[11.64869,55.80784],[11.64928,55.80742],[11.65025,55.80709],[11.65111,55.80652],[11.65573,55.80383],[11.65334,55.80398],[11.64861,55.80308],[11.64775,55.80238],[11.64697,55.80174],[11.64641,55.79942],[11.64537,55.79916],[11.64521,55.79794],[11.64721,55.79526],[11.64657,55.79444],[11.64495,55.7936],[11.64417,55.79367],[11.6394,55.7928],[11.63345,55.79081],[11.62982,55.78901],[11.62923,55.78883],[11.6282,55.78868],[11.62652,55.78795],[11.6173,55.7868],[11.61106,55.78464],[11.61079,55.78455],[11.60924,55.78216],[11.60984,55.77995],[11.61055,55.77949],[11.61114,55.77934],[11.61145,55.77919],[11.61245,55.77871],[11.6129,55.7785],[11.61335,55.77828],[11.62217,55.77494],[11.62217,55.77494],[11.59781,55.76785],[11.54363,55.77156],[11.53436,55.77225],[11.48367,55.74663],[11.47685,55.73944],[11.45948,55.73498],[11.44097,55.73532],[11.42586,55.73695],[11.4131,55.73304],[11.39969,55.73904],[11.37227,55.73638],[11.372,55.74846],[11.36287,55.74955],[11.3628,55.75267],[11.34928,55.75749],[11.34934,55.7575],[11.35323,55.75939],[11.35648,55.762],[11.35995,55.76376],[11.36172,55.76536],[11.36269,55.76556],[11.36304,55.76572],[11.36567,55.76689],[11.36949,55.76767],[11.37055,55.76826],[11.37097,55.76988],[11.37608,55.77424],[11.37734,55.7748],[11.37906,55.77622],[11.38016,55.7773],[11.37719,55.7775],[11.37722,55.77796],[11.37783,55.77964],[11.38136,55.7853],[11.38242,55.78837],[11.38263,55.78899],[11.38235,55.79029],[11.37914,55.79302],[11.37799,55.79435],[11.37771,55.79661],[11.37604,55.79795],[11.37598,55.79954],[11.37613,55.80333],[11.37648,55.80566],[11.37785,55.80791],[11.37798,55.809],[11.37796,55.80952],[11.37776,55.80997],[11.37633,55.811],[11.37551,55.81325],[11.37552,55.81398],[11.37581,55.81511],[11.37723,55.81879],[11.37706,55.82275],[11.37576,55.82483],[11.37444,55.82829],[11.37377,55.83166],[11.37337,55.83246],[11.37304,55.83337],[11.3725,55.83417],[11.37179,55.83557],[11.3698,55.83811],[11.36952,55.83839],[11.36444,55.84166],[11.36431,55.84164],[11.3641,55.84178],[11.36191,55.84224],[11.35683,55.84048],[11.35514,55.84044],[11.35462,55.84061],[11.35734,55.84364],[11.3609,55.84534],[11.36293,55.84561],[11.36624,55.84417],[11.36893,55.84315],[11.37452,55.84033],[11.37562,55.83841],[11.37587,55.83676],[11.3769,55.83591],[11.38157,55.83467],[11.38371,55.83444],[11.38576,55.83342],[11.38622,55.83257],[11.38805,55.83112],[11.39011,55.83073],[11.39369,55.83066],[11.39802,55.83106],[11.40201,55.83179],[11.40686,55.83301],[11.41762,55.8375],[11.4256,55.84029],[11.43365,55.84226],[11.43993,55.84433],[11.44476,55.84677],[11.44759,55.84747],[11.45106,55.84813],[11.4551,55.84728],[11.4588,55.84747],[11.46377,55.84703],[11.471,55.84868],[11.47149,55.84865],[11.47239,55.84858],[11.47383,55.84795],[11.47606,55.8476],[11.47606,55.8476],[11.48028,55.84603],[11.48328,55.84574],[11.48644,55.84589],[11.49201,55.84689],[11.4949,55.84784],[11.49853,55.84966],[11.50453,55.85426],[11.50468,55.85438],[11.51579,55.86511],[11.51838,55.86821],[11.51832,55.86927],[11.51891,55.86926],[11.52024,55.87203],[11.5204,55.87223]]]}},{"type":"Feature","properties":{"name":"Ballerup"},"geometry":{"type":"Polygon","coordinates":[[[12.3319,55.74081],[12.3312,55.74246],[12.31641,55.74064],[12.31368,55.7486],[12.3061,55.75062],[12.28826,55.75155],[12.26913,55.74692],[12.2635,55.74768],[12.26979,55.7524],[12.26689,55.7562],[12.27492,55.75977],[12.2918,55.75754],[12.30003,55.76345],[12.31261,55.75999],[12.3334,55.75983],[12.33845,55.75683],[12.34882,55.75688],[12.3581,55.75414],[12.37666,55.75647],[12.38028,55.76119],[12.39429,55.7583],[12.39344,55.7511],[12.40037,55.73769],[12.4053,55.73832],[12.40935,55.73538],[12.40776,55.73201],[12.40719,55.72927],[12.41438,55.726],[12.42605,55.71719],[12.42482,55.70868],[12.41024,55.70943],[12.39988,55.70546],[12.38816,55.70692],[12.38745,55.69731],[12.37088,55.7027],[12.35634,55.70822],[12.35234,55.70461],[12.34189,55.70975],[12.34331,55.71243],[12.32922,55.71379],[12.32329,55.71729],[12.32058,55.72858],[12.32413,55.73259],[12.33364,55.73405],[12.3319,55.74081]]]}},{"type":"Feature","properties":{"name":"Syddjurs"},"geometry":{"type":"Polygon","coordinates":[[[10.36604,56.39527],[10.3886,56.38949],[10.38517,56.4014],[10.41981,56.40586],[10.42807,56.42335],[10.45399,56.42564],[10.45794,56.42187],[10.46834,56.42588],[10.49371,56.43068],[10.54715,56.42835],[10.54866,56.44739],[10.56194,56.44539],[10.57183,56.44368],[10.57525,56.43264],[10.59361,56.43268],[10.60347,56.42441],[10.62121,56.42307],[10.62437,56.41697],[10.65918,56.41879],[10.69164,56.40431],[10.6899,56.39711],[10.70481,56.39001],[10.67647,56.37577],[10.63534,56.37366],[10.64631,56.35835],[10.69771,56.33634],[10.70771,56.33291],[10.71305,56.33903],[10.72759,56.34067],[10.73962,56.33066],[10.75978,56.33383],[10.80272,56.32297],[10.81461,56.31655],[10.81136,56.30868],[10.81908,56.29885],[10.82418,56.29682],[10.84307,56.29881],[10.84712,56.29489],[10.84665,56.29474],[10.84308,56.29338],[10.84051,56.29201],[10.83963,56.29153],[10.83189,56.28536],[10.82596,56.27841],[10.82263,56.27313],[10.81981,56.26727],[10.81627,56.26302],[10.81411,56.25933],[10.81274,56.25781],[10.8113,56.25715],[10.81129,56.25715],[10.79738,56.24933],[10.79394,56.2469],[10.79163,56.24412],[10.78775,56.2439],[10.78385,56.2429],[10.78214,56.24326],[10.77864,56.24332],[10.77837,56.24328],[10.7783,56.24327],[10.77329,56.24221],[10.76991,56.24087],[10.76764,56.23997],[10.76256,56.23701],[10.75131,56.23148],[10.74533,56.22708],[10.74136,56.22213],[10.73983,56.21994],[10.73944,56.21954],[10.73928,56.21914],[10.73853,56.21806],[10.73632,56.21376],[10.73566,56.21138],[10.73431,56.20657],[10.73439,56.19808],[10.73448,56.19758],[10.73714,56.18894],[10.73809,56.18292],[10.73905,56.18095],[10.73999,56.18014],[10.73901,56.17979],[10.73745,56.17832],[10.73609,56.17541],[10.73546,56.1717],[10.73414,56.16853],[10.72998,56.16422],[10.72803,56.16138],[10.72795,56.15997],[10.72644,56.1571],[10.72154,56.14931],[10.71526,56.14251],[10.7143,56.142],[10.70232,56.14104],[10.69356,56.14059],[10.68923,56.14134],[10.68465,56.14306],[10.68106,56.14516],[10.68018,56.14604],[10.68042,56.14755],[10.68186,56.14909],[10.68111,56.15186],[10.6809,56.15216],[10.67784,56.15518],[10.67599,56.156],[10.67564,56.15628],[10.67547,56.15623],[10.67511,56.15639],[10.67344,56.15568],[10.67262,56.15545],[10.67089,56.15531],[10.66962,56.15317],[10.66835,56.15352],[10.66812,56.15374],[10.66772,56.15414],[10.66694,56.15446],[10.66662,56.15459],[10.66659,56.1546],[10.66715,56.15658],[10.6691,56.15732],[10.66915,56.15727],[10.66956,56.15696],[10.66964,56.1569],[10.67004,56.15694],[10.67046,56.15718],[10.66937,56.15842],[10.66774,56.15912],[10.66538,56.15992],[10.65977,56.16122],[10.65828,56.16157],[10.64951,56.16618],[10.64909,56.16685],[10.64519,56.16961],[10.6421,56.17356],[10.63768,56.1792],[10.63733,56.18029],[10.63627,56.18362],[10.63642,56.1857],[10.63746,56.1873],[10.63891,56.18784],[10.64023,56.18833],[10.64307,56.18818],[10.65133,56.18574],[10.65415,56.18396],[10.65437,56.18327],[10.6552,56.18322],[10.65637,56.18374],[10.65925,56.18404],[10.66176,56.18473],[10.66407,56.18527],[10.66426,56.18543],[10.66471,56.18556],[10.66805,56.18781],[10.6676,56.18972],[10.66935,56.18981],[10.66946,56.19167],[10.6695,56.19233],[10.66839,56.19259],[10.66815,56.19394],[10.66839,56.19484],[10.6702,56.19459],[10.67139,56.19595],[10.67117,56.19601],[10.67,56.19631],[10.67025,56.19687],[10.67197,56.19753],[10.67295,56.19751],[10.6737,56.19849],[10.67221,56.19887],[10.67348,56.19969],[10.67502,56.19951],[10.67531,56.19989],[10.67612,56.20168],[10.67683,56.20324],[10.67704,56.20333],[10.67723,56.2042],[10.67653,56.20853],[10.67594,56.21054],[10.67585,56.21083],[10.67425,56.21359],[10.67128,56.21683],[10.67012,56.21809],[10.66401,56.2222],[10.65552,56.22575],[10.65538,56.22581],[10.6529,56.22601],[10.65155,56.22573],[10.65129,56.22535],[10.65079,56.22503],[10.64242,56.22682],[10.63946,56.22705],[10.63668,56.22702],[10.63287,56.22618],[10.62995,56.22636],[10.62609,56.22737],[10.62255,56.22762],[10.61759,56.22797],[10.61495,56.22806],[10.61471,56.22817],[10.61415,56.22809],[10.61189,56.22818],[10.6043,56.2276],[10.60219,56.22695],[10.60154,56.22647],[10.60135,56.22644],[10.60105,56.22616],[10.59862,56.22475],[10.59827,56.22334],[10.59789,56.22323],[10.59773,56.22318],[10.59466,56.22227],[10.58957,56.22128],[10.586,56.2197],[10.58272,56.21596],[10.58216,56.21442],[10.5826,56.21342],[10.58086,56.21214],[10.58086,56.21213],[10.57689,56.20913],[10.57634,56.20811],[10.57737,56.20338],[10.57705,56.20284],[10.56265,56.19716],[10.56198,56.19655],[10.55914,56.19397],[10.55653,56.19042],[10.55557,56.18931],[10.54547,56.18345],[10.54303,56.18161],[10.54043,56.17872],[10.54003,56.17845],[10.53596,56.17376],[10.53573,56.17089],[10.53369,56.16756],[10.53331,56.16411],[10.53331,56.16411],[10.53319,56.16246],[10.53413,56.16099],[10.54263,56.15409],[10.54341,56.15213],[10.54512,56.15066],[10.54636,56.14996],[10.55064,56.14876],[10.55221,56.14767],[10.5528,56.14624],[10.55404,56.14327],[10.55341,56.13824],[10.55397,56.13374],[10.55514,56.13172],[10.55767,56.12982],[10.55844,56.12637],[10.55889,56.1243],[10.55854,56.1218],[10.5581,56.11731],[10.55753,56.11514],[10.55707,56.11335],[10.55236,56.10946],[10.54908,56.10512],[10.54519,56.10202],[10.54469,56.10232],[10.54324,56.10248],[10.53886,56.10203],[10.53354,56.10039],[10.52859,56.09958],[10.52347,56.098],[10.51853,56.09699],[10.51257,56.09464],[10.51101,56.09575],[10.50857,56.10077],[10.50559,56.10519],[10.49713,56.11428],[10.49517,56.11731],[10.49357,56.12164],[10.49241,56.12286],[10.49152,56.12519],[10.48848,56.12928],[10.48711,56.13017],[10.48404,56.13394],[10.48275,56.13466],[10.48278,56.13622],[10.48214,56.13783],[10.48111,56.13973],[10.48495,56.14346],[10.48747,56.14497],[10.49084,56.14616],[10.49431,56.14644],[10.50197,56.14563],[10.50543,56.14552],[10.50875,56.14452],[10.50964,56.14447],[10.5114,56.14438],[10.51404,56.14511],[10.5141,56.14585],[10.51494,56.14474],[10.51661,56.14501],[10.51739,56.14554],[10.51841,56.14623],[10.52049,56.14907],[10.52142,56.15182],[10.52254,56.15607],[10.5256,56.15776],[10.52631,56.15868],[10.52706,56.16266],[10.52843,56.16348],[10.52883,56.16444],[10.52883,56.16446],[10.52885,56.16448],[10.52933,56.16533],[10.52862,56.16768],[10.52848,56.1678],[10.52845,56.16798],[10.52716,56.16884],[10.52409,56.17131],[10.52191,56.17209],[10.52042,56.17262],[10.51516,56.17228],[10.51015,56.17079],[10.50893,56.17087],[10.50661,56.1697],[10.50446,56.17012],[10.50332,56.16907],[10.50385,56.16898],[10.50668,56.16849],[10.50712,56.16912],[10.50755,56.1689],[10.50828,56.16853],[10.50839,56.16828],[10.50829,56.16772],[10.50786,56.16768],[10.50538,56.1679],[10.50089,56.16922],[10.49586,56.16994],[10.49206,56.17057],[10.48688,56.17347],[10.4843,56.17443],[10.47779,56.17775],[10.47506,56.17881],[10.46904,56.18016],[10.46903,56.18016],[10.46755,56.18041],[10.45696,56.18158],[10.45306,56.18174],[10.45244,56.18174],[10.44752,56.18135],[10.44431,56.18071],[10.4403,56.17938],[10.43797,56.17798],[10.43765,56.17762],[10.43747,56.17753],[10.43728,56.1772],[10.43577,56.17548],[10.43479,56.17358],[10.43387,56.17202],[10.43378,56.17],[10.42905,56.16686],[10.42497,56.16576],[10.42278,56.16408],[10.41934,56.16234],[10.41751,56.1625],[10.40805,56.16253],[10.39916,56.16189],[10.39546,56.16217],[10.39408,56.16228],[10.38832,56.16357],[10.38685,56.16419],[10.38019,56.16701],[10.37792,56.16868],[10.37834,56.17146],[10.37708,56.1753],[10.37676,56.17804],[10.37438,56.18087],[10.37533,56.18175],[10.37534,56.18254],[10.37496,56.18306],[10.37413,56.18422],[10.37168,56.18604],[10.35977,56.19189],[10.35846,56.1923],[10.35797,56.19253],[10.35749,56.19261],[10.35677,56.19283],[10.35366,56.19332],[10.35169,56.19329],[10.3499,56.19215],[10.34859,56.19174],[10.3471,56.19235],[10.34627,56.19398],[10.34663,56.19744],[10.34761,56.20034],[10.34883,56.20129],[10.35072,56.20182],[10.35202,56.202],[10.35482,56.20153],[10.35764,56.20045],[10.35818,56.19989],[10.35615,56.20031],[10.355,56.20078],[10.3513,56.20081],[10.35065,56.20064],[10.35028,56.20032],[10.35358,56.20021],[10.35733,56.19918],[10.35787,56.19894],[10.35974,56.19899],[10.36115,56.20006],[10.36485,56.1997],[10.37089,56.20045],[10.37372,56.20072],[10.37941,56.20209],[10.38139,56.20243],[10.38381,56.20347],[10.39097,56.20501],[10.39945,56.20625],[10.40312,56.20752],[10.40646,56.20751],[10.40655,56.20765],[10.40752,56.20837],[10.40867,56.21136],[10.40881,56.21145],[10.40995,56.21211],[10.41183,56.21227],[10.41174,56.21299],[10.41164,56.2138],[10.41092,56.21393],[10.41055,56.21535],[10.40915,56.21672],[10.40938,56.2175],[10.411,56.21771],[10.41286,56.21876],[10.41639,56.21969],[10.41844,56.2196],[10.42112,56.21926],[10.42493,56.21898],[10.42568,56.21884],[10.42604,56.218],[10.42612,56.21801],[10.42752,56.21898],[10.42706,56.22073],[10.42773,56.22066],[10.42824,56.22007],[10.43277,56.22036],[10.43661,56.221],[10.43735,56.21987],[10.44001,56.21949],[10.43466,56.21791],[10.43408,56.21751],[10.43375,56.21738],[10.43332,56.21698],[10.43233,56.21628],[10.4292,56.21125],[10.42825,56.21121],[10.42739,56.21107],[10.42512,56.20941],[10.42535,56.20854],[10.42596,56.20817],[10.42811,56.20797],[10.42998,56.20707],[10.43134,56.2054],[10.43135,56.20472],[10.43399,56.20332],[10.43382,56.20266],[10.43444,56.20158],[10.43478,56.20151],[10.44098,56.2003],[10.44197,56.20042],[10.44873,56.20054],[10.45219,56.20037],[10.45345,56.19998],[10.45475,56.19865],[10.4574,56.19746],[10.45787,56.19748],[10.45801,56.1974],[10.45843,56.19751],[10.46058,56.19762],[10.46414,56.19854],[10.46595,56.19932],[10.46988,56.2023],[10.47223,56.20352],[10.47294,56.20305],[10.47541,56.2036],[10.47712,56.20438],[10.47821,56.20552],[10.48003,56.20643],[10.48074,56.20722],[10.48072,56.20786],[10.4797,56.20871],[10.48021,56.21027],[10.47972,56.21091],[10.47716,56.21189],[10.47588,56.21363],[10.47588,56.21534],[10.47405,56.2169],[10.47197,56.21773],[10.46987,56.22017],[10.46822,56.2208],[10.46908,56.22314],[10.4703,56.22432],[10.47156,56.22469],[10.47107,56.2254],[10.47107,56.2254],[10.47015,56.22668],[10.46797,56.22815],[10.46694,56.22884],[10.46296,56.22833],[10.4615,56.22856],[10.46191,56.2293],[10.46122,56.22968],[10.45886,56.23],[10.45815,56.22995],[10.45805,56.22999],[10.45797,56.22994],[10.45734,56.22989],[10.45605,56.22917],[10.45524,56.22829],[10.45326,56.22743],[10.45117,56.22544],[10.44876,56.22403],[10.44829,56.22426],[10.44701,56.22548],[10.44681,56.22631],[10.447,56.22811],[10.44786,56.22869],[10.44944,56.22927],[10.45339,56.23168],[10.45822,56.23602],[10.45873,56.23687],[10.45895,56.23703],[10.46049,56.23735],[10.46383,56.24065],[10.46533,56.24098],[10.46707,56.24057],[10.46782,56.24078],[10.46803,56.24079],[10.46872,56.24103],[10.47115,56.24272],[10.4719,56.24375],[10.47261,56.24411],[10.47337,56.24369],[10.47511,56.24448],[10.47693,56.24656],[10.4805,56.24937],[10.48301,56.25173],[10.48322,56.25215],[10.48347,56.25238],[10.48355,56.25278],[10.48413,56.2539],[10.48373,56.2587],[10.48438,56.25967],[10.48495,56.26022],[10.48534,56.26036],[10.49018,56.2621],[10.49204,56.26227],[10.49435,56.26225],[10.492,56.2616],[10.49481,56.26101],[10.49834,56.26164],[10.50472,56.26045],[10.50607,56.26074],[10.50722,56.26142],[10.50725,56.26144],[10.50804,56.26234],[10.50881,56.26503],[10.50849,56.26559],[10.50855,56.26577],[10.50833,56.2659],[10.50813,56.26625],[10.50453,56.26746],[10.50452,56.26846],[10.50243,56.26922],[10.50182,56.26957],[10.50199,56.27109],[10.50234,56.27136],[10.50419,56.27147],[10.50534,56.27344],[10.50528,56.27474],[10.50519,56.27478],[10.50518,56.27478],[10.50479,56.27494],[10.50392,56.2758],[10.50255,56.27634],[10.49793,56.27713],[10.49764,56.27723],[10.49719,56.27726],[10.49585,56.27669],[10.4947,56.27708],[10.49378,56.27768],[10.48944,56.2786],[10.48721,56.28014],[10.48653,56.28148],[10.48508,56.28231],[10.48281,56.28278],[10.4808,56.28266],[10.47858,56.28033],[10.47515,56.27863],[10.47345,56.27691],[10.4727,56.2751],[10.47342,56.27364],[10.4731,56.2728],[10.47266,56.27268],[10.47235,56.27259],[10.46859,56.27322],[10.46609,56.27409],[10.46536,56.27511],[10.46667,56.27573],[10.4675,56.27587],[10.47106,56.276],[10.47244,56.27665],[10.4728,56.27682],[10.47486,56.27904],[10.47442,56.28012],[10.4744,56.28017],[10.473,56.2808],[10.47118,56.2813],[10.46699,56.28011],[10.46459,56.28074],[10.46273,56.28045],[10.45889,56.28046],[10.45693,56.28115],[10.4539,56.28293],[10.45338,56.28632],[10.45269,56.28822],[10.45367,56.28853],[10.45565,56.29078],[10.45649,56.29292],[10.45667,56.29315],[10.45656,56.29322],[10.45662,56.29341],[10.45413,56.295],[10.45343,56.29509],[10.45319,56.29513],[10.45305,56.29521],[10.453,56.29516],[10.45262,56.29521],[10.45072,56.29418],[10.44989,56.2924],[10.44926,56.29161],[10.44579,56.29119],[10.43503,56.29516],[10.43064,56.29561],[10.43009,56.29576],[10.42943,56.29566],[10.42804,56.29558],[10.42689,56.29526],[10.42639,56.29519],[10.42571,56.29474],[10.42562,56.29413],[10.42494,56.29317],[10.42033,56.29292],[10.41891,56.29213],[10.41876,56.29169],[10.41844,56.29142],[10.41774,56.29125],[10.41773,56.2904],[10.41623,56.28968],[10.4145,56.29],[10.41466,56.29048],[10.41608,56.29002],[10.41725,56.29058],[10.41734,56.29115],[10.41443,56.29169],[10.41303,56.29128],[10.41131,56.29238],[10.40908,56.29283],[10.40569,56.29269],[10.40482,56.29187],[10.40184,56.29101],[10.39863,56.29129],[10.39851,56.29207],[10.39646,56.29257],[10.39491,56.29259],[10.39275,56.29298],[10.39071,56.29264],[10.3902,56.29264],[10.39003,56.29252],[10.3892,56.29238],[10.38866,56.29133],[10.38769,56.29041],[10.38615,56.28969],[10.38462,56.28995],[10.38348,56.28971],[10.38282,56.28935],[10.38256,56.28933],[10.38253,56.2892],[10.38202,56.28893],[10.38058,56.28753],[10.38143,56.28575],[10.38131,56.28561],[10.3369,56.28643],[10.31706,56.29349],[10.3172,56.29736],[10.28306,56.28944],[10.27905,56.2844],[10.26054,56.28009],[10.27626,56.31561],[10.265,56.31682],[10.257,56.31503],[10.23423,56.31837],[10.2286,56.32292],[10.22134,56.32933],[10.21212,56.32946],[10.19789,56.32434],[10.19168,56.32644],[10.18454,56.32501],[10.16405,56.32767],[10.16068,56.32903],[10.16049,56.33929],[10.16821,56.34037],[10.16251,56.34653],[10.17755,56.34803],[10.18372,56.35174],[10.1854,56.3615],[10.19878,56.36599],[10.21202,56.35878],[10.2219,56.35904],[10.2314,56.36444],[10.22768,56.36674],[10.23542,56.3733],[10.22967,56.37655],[10.21917,56.38193],[10.21359,56.38265],[10.20587,56.38997],[10.19643,56.38913],[10.19626,56.39112],[10.20608,56.39486],[10.20596,56.39668],[10.21029,56.39654],[10.21321,56.39426],[10.21491,56.39928],[10.22373,56.40216],[10.23906,56.40743],[10.24186,56.40398],[10.24698,56.40553],[10.24922,56.40516],[10.25058,56.40211],[10.25611,56.40348],[10.26246,56.40464],[10.2668,56.40528],[10.26615,56.39901],[10.27461,56.39342],[10.29475,56.3861],[10.29533,56.38599],[10.3026,56.38979],[10.31609,56.39215],[10.34115,56.39813],[10.34698,56.39232],[10.36604,56.39527]]]}},{"type":"Feature","properties":{"name":"Syddjurs"},"geometry":{"type":"Polygon","coordinates":[[[10.79062,56.13061],[10.79755,56.13239],[10.79846,56.13315],[10.79895,56.1344],[10.80048,56.13638],[10.80272,56.13713],[10.80412,56.13825],[10.80834,56.13636],[10.81109,56.13412],[10.81088,56.13338],[10.80731,56.1308],[10.80502,56.1296],[10.79974,56.12985],[10.7918,56.12982],[10.79049,56.13044],[10.79062,56.13061]]]}},{"type":"Feature","properties":{"name":"Hvidovre"},"geometry":{"type":"Polygon","coordinates":[[[12.45996,55.64818],[12.4549,55.65672],[12.45572,55.66455],[12.45315,55.66456],[12.45293,55.66484],[12.46324,55.66486],[12.46151,55.66547],[12.47397,55.66617],[12.47822,55.66552],[12.47841,55.66388],[12.47785,55.65703],[12.48516,55.65252],[12.48605,55.652],[12.49048,55.64647],[12.49431,55.64541],[12.5003,55.6417],[12.50067,55.64153],[12.50651,55.63591],[12.50418,55.63149],[12.50358,55.62906],[12.50227,55.627],[12.50189,55.62672],[12.50192,55.62648],[12.49823,55.62592],[12.49819,55.62588],[12.49732,55.62487],[12.49634,55.62314],[12.49431,55.6206],[12.49421,55.62019],[12.49391,55.61973],[12.4958,55.61881],[12.49763,55.61777],[12.498,55.61551],[12.49804,55.61541],[12.50375,55.61475],[12.5028,55.6129],[12.50196,55.61128],[12.49853,55.61046],[12.49655,55.6101],[12.49533,55.60498],[12.49144,55.6007],[12.49018,55.60043],[12.48292,55.60092],[12.48228,55.60177],[12.48215,55.60177],[12.48202,55.60191],[12.48132,55.60178],[12.48152,55.60099],[12.47917,55.60116],[12.46086,55.60246],[12.45696,55.60353],[12.45358,55.6038],[12.44819,55.60422],[12.44759,55.60463],[12.4456,55.60934],[12.44539,55.60903],[12.44496,55.60977],[12.44538,55.60987],[12.44477,55.61143],[12.4442,55.61142],[12.44402,55.61142],[12.44339,55.61253],[12.44439,55.61221],[12.44452,55.61217],[12.44351,55.61518],[12.4428,55.61508],[12.4424,55.61519],[12.44178,55.61534],[12.43858,55.62093],[12.44234,55.6219],[12.42924,55.63309],[12.42697,55.64177],[12.43739,55.64539],[12.45996,55.64818]]]}},{"type":"Feature","properties":{"name":"Faaborg-Midtfyn"},"geometry":{"type":"Polygon","coordinates":[[[10.32469,55.03612],[10.32279,55.03816],[10.3225,55.03846],[10.32317,55.03987],[10.32461,55.04059],[10.32672,55.04059],[10.32723,55.04092],[10.32761,55.04116],[10.32904,55.04081],[10.32929,55.04074],[10.33138,55.04099],[10.3327,55.04198],[10.33435,55.04497],[10.33586,55.04536],[10.33708,55.04526],[10.33769,55.04485],[10.33943,55.0445],[10.3398,55.04454],[10.34041,55.04461],[10.34102,55.04479],[10.34277,55.04567],[10.34376,55.04663],[10.34431,55.0486],[10.34474,55.04702],[10.3444,55.04647],[10.34415,55.04607],[10.34348,55.04568],[10.34265,55.04523],[10.34046,55.04437],[10.33988,55.04421],[10.33852,55.04427],[10.33644,55.0449],[10.33628,55.04483],[10.33586,55.04494],[10.33518,55.04469],[10.33398,55.04349],[10.33272,55.04127],[10.3327,55.04114],[10.33268,55.04105],[10.33272,55.04071],[10.33435,55.04003],[10.33438,55.0394],[10.33076,55.03791],[10.32583,55.03701],[10.32469,55.03612]]]}},{"type":"Feature","properties":{"name":"Faaborg-Midtfyn"},"geometry":{"type":"Polygon","coordinates":[[[10.25157,55.03983],[10.25218,55.03976],[10.25268,55.03944],[10.25306,55.0392],[10.25343,55.03761],[10.2546,55.0368],[10.25879,55.03565],[10.26044,55.03458],[10.26192,55.03348],[10.26769,55.03075],[10.26886,55.02901],[10.27092,55.02759],[10.27181,55.0258],[10.27394,55.02316],[10.27445,55.02297],[10.27552,55.02319],[10.27782,55.02154],[10.28302,55.01939],[10.28404,55.01912],[10.28625,55.01914],[10.28818,55.01927],[10.29037,55.01923],[10.2939,55.0187],[10.29939,55.01965],[10.30165,55.01848],[10.30571,55.01782],[10.31253,55.01332],[10.3145,55.0125],[10.31624,55.01216],[10.31693,55.01221],[10.31713,55.01212],[10.31754,55.01224],[10.31908,55.01233],[10.31934,55.01234],[10.32537,55.0143],[10.32923,55.01516],[10.33391,55.01714],[10.33723,55.01679],[10.33683,55.01623],[10.33687,55.01394],[10.338,55.01196],[10.34038,55.00963],[10.34074,55.00785],[10.3404,55.00795],[10.33991,55.00722],[10.33998,55.00612],[10.34091,55.00499],[10.34402,55.00444],[10.34659,55.00459],[10.34491,55.00376],[10.34346,55.0043],[10.34003,55.00461],[10.33001,55.00469],[10.32377,55.0072],[10.31949,55.00774],[10.31626,55.00887],[10.31,55.01026],[10.3084,55.01148],[10.30389,55.01523],[10.3026,55.01586],[10.29964,55.01711],[10.29556,55.01824],[10.28992,55.01889],[10.288,55.01897],[10.28597,55.01876],[10.28568,55.01834],[10.28263,55.01789],[10.27498,55.01833],[10.27191,55.01826],[10.26764,55.01724],[10.26277,55.01799],[10.25923,55.01786],[10.25711,55.01812],[10.25485,55.01907],[10.25117,55.02061],[10.24887,55.02217],[10.24708,55.02417],[10.24458,55.02611],[10.23792,55.02975],[10.23574,55.0313],[10.23607,55.03372],[10.2373,55.03426],[10.23903,55.03753],[10.24349,55.03849],[10.24689,55.0385],[10.24882,55.03881],[10.24944,55.03927],[10.25036,55.03997],[10.25157,55.03983]]]}},{"type":"Feature","properties":{"name":"Faaborg-Midtfyn"},"geometry":{"type":"Polygon","coordinates":[[[10.08765,55.13233],[10.08942,55.13221],[10.09401,55.13363],[10.09674,55.13554],[10.09784,55.13604],[10.09937,55.1364],[10.09947,55.13641],[10.10153,55.13653],[10.10536,55.13567],[10.10791,55.13434],[10.11108,55.13435],[10.11242,55.13327],[10.1143,55.13383],[10.11476,55.13348],[10.11424,55.13295],[10.112,55.13251],[10.10907,55.13101],[10.10805,55.13086],[10.10776,55.13086],[10.10256,55.1308],[10.1008,55.1314],[10.09818,55.13184],[10.09489,55.1309],[10.08757,55.1309],[10.081,55.13121],[10.0761,55.13068],[10.07462,55.13059],[10.06903,55.13106],[10.0675,55.13068],[10.06639,55.13016],[10.06182,55.13057],[10.05994,55.13112],[10.07095,55.13245],[10.07615,55.13261],[10.08461,55.13343],[10.08765,55.13233]]]}},{"type":"Feature","properties":{"name":"Faaborg-Midtfyn"},"geometry":{"type":"Polygon","coordinates":[[[10.11086,55.14217],[10.11045,55.14276],[10.11077,55.14332],[10.11383,55.14453],[10.11813,55.14747],[10.12096,55.1481],[10.1242,55.14749],[10.12243,55.14691],[10.11761,55.14407],[10.11672,55.14374],[10.11236,55.14306],[10.11086,55.14217]]]}},{"type":"Feature","properties":{"name":"Faaborg-Midtfyn"},"geometry":{"type":"Polygon","coordinates":[[[10.28448,55.29199],[10.30057,55.28812],[10.31538,55.2927],[10.34082,55.29188],[10.34838,55.29426],[10.34862,55.29842],[10.33401,55.30748],[10.35126,55.32015],[10.41113,55.33317],[10.41309,55.32979],[10.40887,55.32782],[10.42159,55.31903],[10.42432,55.30944],[10.43619,55.3086],[10.46032,55.31232],[10.46155,55.31828],[10.49026,55.32288],[10.51739,55.32055],[10.53644,55.32394],[10.55198,55.32274],[10.5743,55.33804],[10.57609,55.34264],[10.58393,55.34114],[10.58156,55.33784],[10.60859,55.32891],[10.60322,55.32429],[10.60513,55.32408],[10.60537,55.32338],[10.6046,55.32252],[10.60229,55.32198],[10.60333,55.32051],[10.60833,55.31847],[10.60577,55.31338],[10.61428,55.30106],[10.59041,55.29701],[10.58804,55.2909],[10.58388,55.2809],[10.58783,55.27522],[10.57726,55.26881],[10.5703,55.27065],[10.56026,55.26402],[10.55055,55.25762],[10.53812,55.26114],[10.53304,55.25869],[10.53432,55.25244],[10.54212,55.24868],[10.57066,55.24075],[10.57294,55.24265],[10.5771,55.23699],[10.61802,55.22998],[10.64468,55.23384],[10.65218,55.23543],[10.64917,55.23051],[10.65891,55.22823],[10.6529,55.22659],[10.66153,55.21664],[10.64617,55.20744],[10.65161,55.19192],[10.63681,55.19079],[10.62085,55.19501],[10.62013,55.17692],[10.61432,55.17588],[10.61013,55.18102],[10.59667,55.17783],[10.58935,55.15799],[10.57671,55.16016],[10.57568,55.15735],[10.5672,55.15762],[10.56585,55.1611],[10.55142,55.1634],[10.54989,55.16328],[10.5252,55.16615],[10.51885,55.15819],[10.50618,55.15695],[10.48277,55.16083],[10.47082,55.15877],[10.47132,55.1535],[10.45492,55.14994],[10.4451,55.13768],[10.4276,55.13898],[10.41244,55.12837],[10.40894,55.11631],[10.39446,55.10824],[10.39361,55.10272],[10.4076,55.09009],[10.39608,55.08744],[10.39216,55.0823],[10.39474,55.07491],[10.3889,55.07491],[10.38565,55.07066],[10.39864,55.06546],[10.38926,55.06478],[10.38218,55.05945],[10.38116,55.05949],[10.3793,55.06066],[10.37822,55.06096],[10.37561,55.06264],[10.3742,55.06519],[10.37259,55.06563],[10.36802,55.06401],[10.36802,55.06401],[10.36742,55.06354],[10.36924,55.06245],[10.37078,55.06232],[10.37096,55.06036],[10.37017,55.05918],[10.36916,55.05853],[10.36743,55.0583],[10.36505,55.05725],[10.36244,55.05498],[10.36078,55.05238],[10.35465,55.05066],[10.35223,55.05066],[10.35061,55.05066],[10.34809,55.05099],[10.34702,55.05123],[10.34614,55.05143],[10.34636,55.05191],[10.34629,55.05293],[10.34555,55.0537],[10.34531,55.05327],[10.34465,55.05317],[10.34255,55.05333],[10.34268,55.05371],[10.34066,55.05409],[10.33944,55.05402],[10.33636,55.05284],[10.33394,55.05291],[10.33207,55.05225],[10.32721,55.05271],[10.32538,55.05369],[10.3241,55.05366],[10.32445,55.05326],[10.32399,55.05315],[10.32322,55.05358],[10.32023,55.05404],[10.31867,55.0551],[10.31808,55.05732],[10.318,55.05764],[10.3187,55.05814],[10.31942,55.058],[10.31998,55.05837],[10.32042,55.05929],[10.32061,55.05947],[10.32055,55.05959],[10.32062,55.05974],[10.32,55.0614],[10.31909,55.06228],[10.31891,55.06261],[10.31873,55.06263],[10.31833,55.06303],[10.31694,55.06353],[10.3145,55.06319],[10.31074,55.06313],[10.30852,55.06365],[10.30852,55.06365],[10.30632,55.06397],[10.29782,55.06651],[10.29748,55.06706],[10.29765,55.06796],[10.29599,55.06996],[10.29622,55.0706],[10.29574,55.07132],[10.29384,55.07202],[10.2916,55.07204],[10.29037,55.07242],[10.28813,55.07429],[10.28467,55.07593],[10.28537,55.07712],[10.28532,55.0785],[10.2839,55.08014],[10.28148,55.08137],[10.27985,55.08146],[10.27805,55.08198],[10.27601,55.08413],[10.27506,55.08452],[10.27415,55.08451],[10.27411,55.08451],[10.27046,55.08518],[10.26267,55.08516],[10.25984,55.08582],[10.25447,55.08773],[10.25387,55.08869],[10.2503,55.0902],[10.24565,55.09276],[10.24441,55.09281],[10.24211,55.09289],[10.24131,55.0929],[10.23879,55.09294],[10.23889,55.09303],[10.23997,55.09397],[10.24043,55.09438],[10.24053,55.09446],[10.23898,55.0955],[10.23791,55.09496],[10.23744,55.09403],[10.23735,55.09364],[10.23638,55.09399],[10.2363,55.09452],[10.23575,55.09476],[10.23246,55.09621],[10.23505,55.09733],[10.23523,55.09804],[10.23428,55.09861],[10.23121,55.10045],[10.22918,55.10112],[10.22866,55.10103],[10.22854,55.10108],[10.22806,55.10092],[10.22649,55.10065],[10.22558,55.09977],[10.2214,55.0982],[10.21791,55.09778],[10.21666,55.09715],[10.21665,55.09713],[10.21601,55.09613],[10.21415,55.09485],[10.21059,55.09545],[10.21022,55.09551],[10.20926,55.09488],[10.20873,55.09408],[10.21182,55.09304],[10.21289,55.09223],[10.21813,55.09081],[10.21953,55.08976],[10.22329,55.08844],[10.22414,55.08708],[10.22403,55.08685],[10.22432,55.08553],[10.22682,55.08445],[10.22781,55.08203],[10.22868,55.08157],[10.2292,55.07879],[10.22944,55.07748],[10.22882,55.07646],[10.22644,55.07558],[10.22495,55.07452],[10.22444,55.0728],[10.21874,55.07222],[10.21724,55.07191],[10.21693,55.07178],[10.21658,55.07163],[10.21652,55.07161],[10.21639,55.07155],[10.21536,55.07113],[10.21469,55.07079],[10.21446,55.07059],[10.21397,55.0698],[10.21315,55.0659],[10.20378,55.06626],[10.20285,55.06724],[10.19929,55.06693],[10.19906,55.0667],[10.19889,55.06668],[10.19892,55.06654],[10.19875,55.06638],[10.19946,55.06325],[10.19947,55.06318],[10.20099,55.06327],[10.20248,55.06418],[10.21679,55.06416],[10.21705,55.06302],[10.21502,55.06157],[10.20946,55.06038],[10.20781,55.05962],[10.20638,55.05945],[10.20573,55.05962],[10.20356,55.06019],[10.20038,55.06148],[10.19854,55.06271],[10.19695,55.06955],[10.19676,55.06983],[10.19554,55.07107],[10.1901,55.07431],[10.18644,55.07828],[10.18565,55.07867],[10.18534,55.07892],[10.18517,55.07891],[10.18486,55.07906],[10.18118,55.07946],[10.17186,55.0784],[10.16467,55.07896],[10.16057,55.07976],[10.15935,55.08017],[10.15609,55.0817],[10.15254,55.08206],[10.14924,55.0834],[10.14761,55.08373],[10.14595,55.08462],[10.14065,55.08714],[10.13456,55.08934],[10.13074,55.09022],[10.12944,55.09028],[10.12909,55.0904],[10.12879,55.0903],[10.12746,55.09036],[10.12395,55.08933],[10.1204,55.08724],[10.11517,55.08571],[10.10588,55.08369],[10.09865,55.08054],[10.08928,55.07864],[10.08217,55.07677],[10.07998,55.07588],[10.07664,55.07567],[10.07486,55.07589],[10.07478,55.07592],[10.07356,55.07643],[10.07252,55.07736],[10.07157,55.08305],[10.06986,55.08639],[10.07261,55.08832],[10.07502,55.09134],[10.07627,55.09384],[10.08045,55.09777],[10.0813,55.0988],[10.08231,55.10223],[10.08237,55.10495],[10.08239,55.10585],[10.08412,55.10712],[10.08874,55.10873],[10.08911,55.10863],[10.09162,55.10798],[10.09671,55.10915],[10.0967,55.10829],[10.0931,55.10745],[10.09202,55.1072],[10.09305,55.10634],[10.09405,55.10595],[10.09787,55.10517],[10.09942,55.10522],[10.1007,55.10527],[10.10282,55.10618],[10.10393,55.10652],[10.10412,55.10673],[10.10465,55.10696],[10.10637,55.10918],[10.10693,55.10979],[10.11366,55.11308],[10.11374,55.11328],[10.11389,55.11337],[10.1166,55.12034],[10.11783,55.12167],[10.12039,55.12232],[10.12535,55.12258],[10.12704,55.12224],[10.12194,55.12213],[10.12042,55.12164],[10.1226,55.1212],[10.12363,55.12045],[10.12378,55.11974],[10.12031,55.12125],[10.11846,55.12102],[10.11839,55.12092],[10.11825,55.12091],[10.11806,55.12038],[10.11578,55.11671],[10.11662,55.11622],[10.11663,55.11621],[10.11775,55.11635],[10.11799,55.11709],[10.11801,55.11709],[10.1227,55.11687],[10.12424,55.1165],[10.12487,55.11722],[10.12746,55.11841],[10.12859,55.11885],[10.12921,55.11765],[10.13088,55.11716],[10.13317,55.11777],[10.13519,55.11779],[10.13537,55.11785],[10.13748,55.11926],[10.13906,55.12161],[10.14201,55.12086],[10.14488,55.12058],[10.14577,55.12042],[10.14701,55.12188],[10.14569,55.12293],[10.14533,55.12355],[10.14557,55.12362],[10.14571,55.12365],[10.1461,55.12364],[10.14976,55.12295],[10.15287,55.12343],[10.15382,55.12222],[10.15602,55.12174],[10.15701,55.12188],[10.15733,55.12197],[10.15747,55.12193],[10.15798,55.12217],[10.16139,55.12318],[10.16413,55.12521],[10.16747,55.12675],[10.1679,55.1268],[10.16923,55.12697],[10.17086,55.12643],[10.17271,55.12639],[10.17316,55.12714],[10.17419,55.12745],[10.17446,55.1281],[10.17473,55.12837],[10.17465,55.12841],[10.17459,55.12844],[10.17464,55.12857],[10.1742,55.12903],[10.17057,55.12984],[10.16844,55.13145],[10.16569,55.1314],[10.1629,55.13235],[10.16035,55.13492],[10.15815,55.13998],[10.15518,55.14273],[10.1495,55.14593],[10.14871,55.14687],[10.14765,55.15034],[10.14667,55.15162],[10.14619,55.15196],[10.14543,55.15233],[10.14288,55.15189],[10.14358,55.1533],[10.14378,55.15335],[10.14373,55.15361],[10.14286,55.1539],[10.14143,55.1539],[10.14098,55.1538],[10.14046,55.15346],[10.13961,55.15306],[10.13877,55.15203],[10.13779,55.15303],[10.13462,55.15416],[10.13336,55.1555],[10.13294,55.15792],[10.13435,55.16089],[10.15267,55.16432],[10.14975,55.1741],[10.17098,55.17113],[10.17684,55.18095],[10.19864,55.19388],[10.20486,55.19481],[10.20713,55.2052],[10.21898,55.21286],[10.22514,55.2132],[10.22317,55.22089],[10.19684,55.21944],[10.19008,55.22669],[10.1883,55.23135],[10.17521,55.23308],[10.17154,55.23796],[10.17587,55.26505],[10.21029,55.27352],[10.21739,55.27027],[10.23868,55.27327],[10.2561,55.29091],[10.26772,55.29158],[10.27892,55.2978],[10.286,55.29474],[10.28448,55.29199]]]}},{"type":"Feature","properties":{"name":"Faaborg-Midtfyn"},"geometry":{"type":"Polygon","coordinates":[[[10.14686,55.03203],[10.14167,55.03265],[10.14081,55.03365],[10.13713,55.0346],[10.13613,55.036],[10.13286,55.03988],[10.12765,55.04221],[10.12642,55.04348],[10.12589,55.04525],[10.12479,55.05454],[10.12582,55.05543],[10.12753,55.05689],[10.13102,55.05797],[10.13479,55.06004],[10.13746,55.06019],[10.13815,55.06041],[10.1385,55.06045],[10.13887,55.06065],[10.14179,55.06385],[10.14439,55.06494],[10.14649,55.06489],[10.14608,55.06392],[10.1428,55.06315],[10.1403,55.06093],[10.13995,55.05999],[10.13894,55.05721],[10.13909,55.05376],[10.13953,55.05316],[10.13951,55.05298],[10.1397,55.05292],[10.13989,55.05265],[10.143,55.05149],[10.14568,55.05099],[10.14634,55.05086],[10.14674,55.05073],[10.14715,55.0507],[10.14845,55.05047],[10.15231,55.05049],[10.15749,55.05003],[10.15933,55.04981],[10.16031,55.04963],[10.16813,55.04872],[10.17121,55.04809],[10.17456,55.04763],[10.17085,55.0503],[10.17122,55.05119],[10.17254,55.05122],[10.17482,55.04791],[10.17754,55.04557],[10.17998,55.04264],[10.17997,55.04224],[10.17561,55.03847],[10.17015,55.03614],[10.16167,55.03496],[10.14686,55.03203]]]}},{"type":"Feature","properties":{"name":"Faaborg-Midtfyn"},"geometry":{"type":"Polygon","coordinates":[[[10.26537,55.05383],[10.26208,55.0543],[10.2559,55.05602],[10.25508,55.05624],[10.25392,55.05679],[10.24787,55.06003],[10.24019,55.06327],[10.23664,55.06547],[10.23421,55.06852],[10.23423,55.06869],[10.23435,55.06997],[10.23606,55.0716],[10.23768,55.07128],[10.24303,55.06946],[10.24683,55.06875],[10.25892,55.0625],[10.26026,55.06114],[10.26095,55.05835],[10.26629,55.05593],[10.26685,55.05462],[10.26714,55.05393],[10.26629,55.0537],[10.26537,55.05383]]]}},{"type":"Feature","properties":{"name":"Kolding"},"geometry":{"type":"Polygon","coordinates":[[[9.30335,55.49807],[9.27011,55.52753],[9.27371,55.53072],[9.26206,55.53504],[9.26634,55.54929],[9.27929,55.55104],[9.27263,55.57316],[9.2778,55.58509],[9.30282,55.57952],[9.32069,55.58376],[9.3309,55.57535],[9.33832,55.57552],[9.35606,55.56695],[9.36474,55.57529],[9.37666,55.57755],[9.38063,55.58166],[9.39281,55.58231],[9.40893,55.57714],[9.41384,55.57116],[9.42785,55.57183],[9.45014,55.57594],[9.49715,55.61208],[9.49371,55.62978],[9.51527,55.61695],[9.51327,55.61098],[9.52295,55.6109],[9.52248,55.59004],[9.53616,55.58095],[9.5583,55.57854],[9.5599,55.57143],[9.57476,55.56567],[9.58148,55.55167],[9.5986,55.54369],[9.58619,55.5384],[9.57777,55.5418],[9.56997,55.53553],[9.57678,55.53272],[9.5759,55.52591],[9.57333,55.52751],[9.57134,55.52713],[9.57046,55.52757],[9.56892,55.52752],[9.5673,55.5269],[9.56642,55.52549],[9.56494,55.5251],[9.56412,55.52407],[9.56611,55.52339],[9.5658,55.52291],[9.56683,55.52084],[9.56912,55.51931],[9.57031,55.51899],[9.57042,55.5181],[9.57123,55.51748],[9.57567,55.51666],[9.57611,55.51658],[9.58009,55.51792],[9.58243,55.51945],[9.5845,55.51807],[9.58857,55.5187],[9.58918,55.51879],[9.58953,55.5179],[9.58917,55.51691],[9.58837,55.51651],[9.5858,55.51622],[9.58508,55.51543],[9.57927,55.5135],[9.57778,55.51239],[9.5774,55.51116],[9.57717,55.51213],[9.57498,55.51259],[9.57062,55.51535],[9.56532,55.51621],[9.56199,55.51696],[9.55938,55.51699],[9.55812,55.51636],[9.55748,55.51486],[9.55749,55.51486],[9.55749,55.51485],[9.5575,55.51485],[9.55896,55.51412],[9.56386,55.51381],[9.56497,55.51445],[9.56578,55.51454],[9.56622,55.51453],[9.56787,55.5136],[9.56948,55.51258],[9.57051,55.51155],[9.57112,55.51153],[9.57163,55.51134],[9.57332,55.51071],[9.57453,55.51084],[9.57667,55.51024],[9.57733,55.5106],[9.57774,55.50991],[9.57856,55.50972],[9.57995,55.51012],[9.58081,55.50977],[9.58241,55.50715],[9.58259,55.50591],[9.58591,55.4993],[9.58587,55.49868],[9.5839,55.49704],[9.58176,55.49776],[9.57985,55.49791],[9.57478,55.49891],[9.57355,55.49915],[9.5703,55.49787],[9.56742,55.49794],[9.56458,55.49748],[9.55803,55.49746],[9.55254,55.49754],[9.54169,55.49642],[9.53644,55.49689],[9.52989,55.49808],[9.52776,55.49834],[9.52738,55.4983],[9.52698,55.49833],[9.52452,55.49774],[9.52219,55.49768],[9.52212,55.49771],[9.51542,55.50005],[9.515,55.50071],[9.51483,55.50098],[9.51483,55.50098],[9.51475,55.50108],[9.51438,55.50036],[9.51304,55.50014],[9.5095,55.49927],[9.49904,55.49806],[9.49895,55.49701],[9.49875,55.49657],[9.4976,55.49561],[9.49837,55.49427],[9.49164,55.49269],[9.4916,55.49275],[9.48907,55.49209],[9.48937,55.49163],[9.48245,55.48995],[9.48232,55.48974],[9.48231,55.48948],[9.4829,55.48945],[9.48855,55.49099],[9.49263,55.49178],[9.49368,55.49199],[9.50363,55.49209],[9.50376,55.49057],[9.50237,55.49034],[9.49973,55.48991],[9.49627,55.48944],[9.49649,55.48928],[9.49667,55.48913],[9.49709,55.48879],[9.49847,55.48796],[9.49996,55.48837],[9.50061,55.4884],[9.50146,55.48832],[9.50208,55.48833],[9.50273,55.48721],[9.50289,55.48717],[9.50318,55.48673],[9.50637,55.48609],[9.50763,55.48579],[9.51009,55.48464],[9.51173,55.48441],[9.51196,55.48373],[9.51259,55.48354],[9.51432,55.48354],[9.51704,55.48475],[9.52056,55.48569],[9.52126,55.48598],[9.52246,55.48594],[9.52417,55.48666],[9.5279,55.48749],[9.54184,55.48875],[9.54484,55.49014],[9.5449,55.49016],[9.54715,55.49076],[9.55272,55.49145],[9.55681,55.49091],[9.55852,55.49101],[9.5623,55.49172],[9.56583,55.49167],[9.56728,55.4924],[9.56951,55.49263],[9.56897,55.49231],[9.56871,55.4918],[9.57619,55.48732],[9.57682,55.48705],[9.57788,55.48667],[9.58178,55.48604],[9.58561,55.48581],[9.58669,55.48574],[9.58887,55.48617],[9.59802,55.49159],[9.60302,55.49653],[9.60346,55.49688],[9.60422,55.49573],[9.60768,55.49487],[9.61045,55.49511],[9.6105,55.49511],[9.61164,55.49516],[9.61948,55.49672],[9.6227,55.49816],[9.62578,55.49875],[9.62527,55.49834],[9.62554,55.49765],[9.6272,55.49619],[9.63277,55.49331],[9.64108,55.49156],[9.64349,55.49075],[9.64511,55.48978],[9.64811,55.48666],[9.64992,55.48536],[9.65502,55.48369],[9.6579,55.4824],[9.66734,55.47758],[9.66899,55.47558],[9.67,55.47386],[9.6716,55.47223],[9.67362,55.47093],[9.67691,55.46899],[9.67718,55.46891],[9.67768,55.46863],[9.6817,55.46787],[9.68349,55.46719],[9.6891,55.46334],[9.69175,55.46213],[9.69308,55.46183],[9.69337,55.46167],[9.69352,55.46105],[9.69235,55.45841],[9.69234,55.45837],[9.68737,55.45405],[9.68324,55.45156],[9.67809,55.45013],[9.67711,55.45018],[9.67543,55.44936],[9.66894,55.44389],[9.65934,55.4388],[9.65359,55.43657],[9.64085,55.43241],[9.6332,55.43054],[9.6318,55.43046],[9.6253,55.42952],[9.62351,55.42987],[9.61992,55.42986],[9.61704,55.4306],[9.6146,55.43051],[9.61268,55.43006],[9.61265,55.43006],[9.61014,55.42912],[9.60945,55.4295],[9.60863,55.4295],[9.60213,55.4273],[9.59858,55.42635],[9.59769,55.42576],[9.59604,55.42467],[9.59352,55.42164],[9.59284,55.4188],[9.59284,55.4188],[9.59334,55.41602],[9.59652,55.41156],[9.5984,55.41008],[9.60411,55.40558],[9.60962,55.39921],[9.61133,55.39772],[9.61321,55.39592],[9.61373,55.39563],[9.61473,55.39478],[9.6205,55.3925],[9.62167,55.39166],[9.62213,55.39038],[9.62205,55.38662],[9.62079,55.38439],[9.61814,55.37565],[9.61688,55.37445],[9.616,55.37315],[9.61536,55.37219],[9.61259,55.36954],[9.60533,55.36543],[9.60326,55.36411],[9.60154,55.36233],[9.60176,55.36092],[9.59881,55.36183],[9.59997,55.36395],[9.59935,55.36612],[9.59933,55.3662],[9.5937,55.36971],[9.59086,55.37093],[9.58582,55.37133],[9.58227,55.37129],[9.58041,55.37164],[9.57711,55.37254],[9.57329,55.37433],[9.57261,55.3743],[9.57166,55.37425],[9.56789,55.37285],[9.56519,55.37306],[9.56438,55.37242],[9.56437,55.37242],[9.56379,55.37194],[9.56911,55.3712],[9.57017,55.37016],[9.57062,55.36847],[9.57141,55.36802],[9.57229,55.36739],[9.57447,55.36646],[9.57507,55.3657],[9.5744,55.36372],[9.5752,55.36229],[9.57603,55.36203],[9.57634,55.36193],[9.57789,55.36187],[9.58011,55.36157],[9.58116,55.3609],[9.58284,55.36054],[9.58508,55.3605],[9.58766,55.36126],[9.58938,55.36136],[9.5907,55.36189],[9.59189,55.36163],[9.59199,55.35994],[9.59292,55.35986],[9.59358,55.36036],[9.59412,55.36105],[9.59535,55.36155],[9.59773,55.36148],[9.59906,55.36105],[9.59837,55.3594],[9.59863,55.35855],[9.59946,55.35817],[9.59985,55.3579],[9.60034,55.35737],[9.60049,55.35721],[9.59442,55.35251],[9.58624,55.35346],[9.56619,55.34482],[9.56486,55.33994],[9.54876,55.33597],[9.53042,55.31714],[9.50918,55.318],[9.50711,55.31389],[9.49909,55.31702],[9.47886,55.30869],[9.45398,55.31539],[9.44488,55.31886],[9.45432,55.32872],[9.4516,55.33654],[9.44582,55.34371],[9.43683,55.34649],[9.42949,55.35009],[9.41538,55.34927],[9.4145,55.34462],[9.39956,55.33791],[9.37954,55.31355],[9.36472,55.31184],[9.35662,55.3152],[9.35748,55.3217],[9.34359,55.33159],[9.34347,55.338],[9.30297,55.35337],[9.30178,55.35983],[9.30796,55.36386],[9.28016,55.37412],[9.28092,55.37891],[9.28813,55.38132],[9.28451,55.38785],[9.22958,55.40042],[9.22612,55.41814],[9.21573,55.42404],[9.22369,55.43515],[9.21724,55.43742],[9.22411,55.44687],[9.21516,55.45081],[9.22046,55.45908],[9.24155,55.45497],[9.24785,55.46151],[9.25254,55.46075],[9.2613,55.46466],[9.25872,55.47158],[9.26608,55.47113],[9.26244,55.47994],[9.26977,55.48932],[9.28266,55.49044],[9.28718,55.48732],[9.30335,55.49807]]]}},{"type":"Feature","properties":{"name":"Gribskov"},"geometry":{"type":"Polygon","coordinates":[[[12.16109,56.09929],[12.16131,56.09934],[12.16572,56.10137],[12.172,56.10463],[12.17922,56.10811],[12.18263,56.10939],[12.1917,56.11176],[12.19604,56.11316],[12.19698,56.11324],[12.19948,56.11319],[12.20185,56.11363],[12.2041,56.11353],[12.20766,56.11398],[12.21152,56.1148],[12.21986,56.11656],[12.23747,56.12106],[12.24189,56.12213],[12.24429,56.12234],[12.24669,56.12213],[12.24907,56.12248],[12.24907,56.12249],[12.25696,56.12392],[12.25696,56.12392],[12.26421,56.12582],[12.26421,56.12582],[12.26671,56.12652],[12.27062,56.127],[12.27583,56.12812],[12.28686,56.12922],[12.29131,56.12895],[12.29747,56.12779],[12.29996,56.12783],[12.30182,56.12786],[12.30553,56.12864],[12.30946,56.12946],[12.30861,56.12805],[12.31024,56.12769],[12.31034,56.12712],[12.3084,56.12645],[12.31,56.12548],[12.31368,56.1256],[12.31382,56.12492],[12.31721,56.12445],[12.31903,56.12353],[12.32815,56.12148],[12.33473,56.12052],[12.34029,56.12015],[12.34922,56.1198],[12.35434,56.11799],[12.36211,56.11372],[12.36553,56.11136],[12.36789,56.11006],[12.37103,56.10728],[12.3753,56.1058],[12.37591,56.10496],[12.37888,56.10362],[12.38057,56.10329],[12.38059,56.10329],[12.38273,56.1026],[12.38527,56.10134],[12.39753,56.10001],[12.40936,56.09954],[12.41523,56.09794],[12.41702,56.09658],[12.41564,56.08127],[12.40963,56.07701],[12.41181,56.06451],[12.40789,56.06605],[12.40316,56.064],[12.40448,56.05795],[12.39488,56.03229],[12.39985,56.02662],[12.38861,56.01886],[12.38962,56.0143],[12.37758,56.00163],[12.28225,56.00266],[12.28755,55.99626],[12.27256,55.9913],[12.27377,55.98816],[12.26686,55.98734],[12.26665,55.99101],[12.2582,55.98916],[12.25105,55.99184],[12.24935,55.98855],[12.23439,55.99323],[12.22167,55.99096],[12.21843,55.98026],[12.20541,55.97837],[12.19751,55.97237],[12.1703,55.96849],[12.12594,55.97254],[12.12789,55.9866],[12.08844,56.00148],[12.0657,55.99293],[12.06486,55.99908],[12.04987,56.00327],[12.0512,56.02343],[12.03673,56.02611],[12.00861,56.03103],[12.00865,56.03105],[12.02016,56.03597],[12.02323,56.03752],[12.02826,56.04022],[12.0408,56.04794],[12.04643,56.04998],[12.05525,56.05535],[12.05908,56.05722],[12.06218,56.05928],[12.06245,56.05887],[12.06338,56.05882],[12.06811,56.06074],[12.07196,56.06188],[12.07784,56.06423],[12.082,56.06617],[12.08986,56.06907],[12.09764,56.07243],[12.09765,56.07243],[12.10506,56.07534],[12.11378,56.07961],[12.13044,56.08603],[12.14439,56.0921],[12.14924,56.09395],[12.15799,56.09852],[12.16106,56.09928],[12.16109,56.09929]]]}},{"type":"Feature","properties":{"name":"Odder"},"geometry":{"type":"Polygon","coordinates":[[[10.43735,55.94334],[10.43024,55.9446],[10.42946,55.94474],[10.41432,55.95101],[10.41237,55.95219],[10.40471,55.95685],[10.40337,55.9591],[10.40302,55.95968],[10.41139,55.96088],[10.41871,55.9599],[10.42044,55.95962],[10.42296,55.95863],[10.42653,55.95795],[10.44357,55.95644],[10.45213,55.95374],[10.46306,55.95203],[10.45993,55.95189],[10.45482,55.95073],[10.45385,55.94987],[10.45345,55.94952],[10.45262,55.94952],[10.45219,55.94882],[10.45346,55.94856],[10.45443,55.94836],[10.45491,55.94758],[10.45238,55.94776],[10.45072,55.94762],[10.45041,55.9475],[10.44795,55.9472],[10.44429,55.94601],[10.44016,55.94387],[10.4387,55.94345],[10.43735,55.94334]]]}},{"type":"Feature","properties":{"name":"Odder"},"geometry":{"type":"Polygon","coordinates":[[[10.07129,56.00213],[10.07726,56.00268],[10.08363,56.00418],[10.08904,56.00422],[10.09209,56.00441],[10.0911,56.00615],[10.0926,56.0093],[10.09891,56.01196],[10.1015,56.00861],[10.10123,56.00782],[10.10345,56.00784],[10.1037,56.01008],[10.10963,56.00978],[10.10936,56.00614],[10.1312,56.00435],[10.13948,56.00168],[10.14586,56.01204],[10.15074,56.01413],[10.1506,56.0193],[10.15757,56.01836],[10.15606,56.0222],[10.16343,56.01586],[10.16493,56.01933],[10.19063,56.01867],[10.19545,56.0185],[10.19209,56.0106],[10.19537,56.00604],[10.20158,56.00651],[10.20624,56.0105],[10.2167,56.01105],[10.21422,56.0094],[10.21985,56.00715],[10.23829,56.00973],[10.23831,56.00974],[10.24483,56.01544],[10.24584,56.01909],[10.25033,56.01891],[10.25105,56.02129],[10.25724,56.02026],[10.2607,56.02189],[10.26071,56.02227],[10.26098,56.0223],[10.26124,56.02225],[10.2613,56.02216],[10.26254,56.02287],[10.26559,56.02324],[10.26815,56.02374],[10.27102,56.02316],[10.27333,56.02346],[10.27523,56.02343],[10.28114,56.02112],[10.28165,56.02042],[10.27692,56.01764],[10.2732,56.01632],[10.27082,56.01472],[10.27051,56.01443],[10.26667,56.00992],[10.26485,56.00561],[10.26233,56.00111],[10.25864,55.99877],[10.25535,55.99554],[10.2536,55.99294],[10.25289,55.99038],[10.25247,55.98437],[10.25285,55.97962],[10.25445,55.97516],[10.25507,55.97419],[10.25538,55.97341],[10.25599,55.97279],[10.25716,55.97096],[10.25873,55.96926],[10.26024,55.96831],[10.26025,55.9683],[10.26027,55.96731],[10.2625,55.965],[10.26586,55.96066],[10.26627,55.95795],[10.26284,55.95142],[10.26163,55.94804],[10.26071,55.94342],[10.26021,55.93488],[10.25892,55.9333],[10.25783,55.92968],[10.25783,55.92967],[10.25784,55.92934],[10.25801,55.92493],[10.25708,55.92474],[10.25679,55.92196],[10.25685,55.9154],[10.25847,55.91258],[10.2582,55.9125],[10.2575,55.91168],[10.25773,55.91093],[10.25654,55.9106],[10.25652,55.91062],[10.25574,55.91172],[10.25478,55.91153],[10.25458,55.91188],[10.25432,55.9118],[10.25467,55.91137],[10.25502,55.91094],[10.25515,55.91077],[10.25561,55.9102],[10.254,55.91028],[10.25298,55.91146],[10.2525,55.91145],[10.25138,55.91142],[10.25059,55.91132],[10.24773,55.91061],[10.24772,55.91061],[10.24215,55.90942],[10.24117,55.90873],[10.23806,55.90766],[10.23439,55.9055],[10.23178,55.90327],[10.22752,55.90111],[10.22427,55.8993],[10.22277,55.89707],[10.21987,55.89487],[10.21876,55.89356],[10.21633,55.89261],[10.2145,55.89148],[10.21256,55.89102],[10.21024,55.88971],[10.20994,55.88875],[10.20816,55.88789],[10.20805,55.88701],[10.20771,55.88676],[10.20435,55.88569],[10.20258,55.88602],[10.2011,55.88672],[10.19901,55.88671],[10.19697,55.8871],[10.19498,55.88682],[10.19241,55.88586],[10.19239,55.88585],[10.19195,55.88288],[10.19308,55.881],[10.19315,55.88042],[10.19268,55.87687],[10.19359,55.87545],[10.19439,55.87056],[10.19565,55.86847],[10.19798,55.86676],[10.19923,55.86658],[10.19999,55.86588],[10.2007,55.86502],[10.20302,55.86461],[10.20311,55.86064],[10.2035,55.86001],[10.20414,55.85985],[10.20487,55.85918],[10.20385,55.85454],[10.20044,55.85434],[10.20334,55.85508],[10.20236,55.85811],[10.1983,55.85454],[10.1946,55.85411],[10.19448,55.854],[10.19424,55.85394],[10.19378,55.8534],[10.1925,55.85229],[10.19183,55.85025],[10.19501,55.84624],[10.19609,55.84399],[10.19817,55.84257],[10.19824,55.84239],[10.19855,55.84143],[10.19381,55.83758],[10.19285,55.83728],[10.18855,55.83796],[10.17816,55.84046],[10.15938,55.84626],[10.15264,55.85118],[10.14839,55.85483],[10.14235,55.85742],[10.13938,55.86028],[10.13923,55.86182],[10.14091,55.86579],[10.14498,55.86988],[10.14511,55.87093],[10.1446,55.8725],[10.14449,55.87323],[10.14426,55.87352],[10.14383,55.87481],[10.14212,55.87647],[10.1417,55.87676],[10.13511,55.88054],[10.13305,55.88093],[10.13143,55.88035],[10.12981,55.87903],[10.12927,55.87871],[10.12913,55.87693],[10.12992,55.87617],[10.12922,55.87507],[10.12375,55.87121],[10.11904,55.87084],[10.11846,55.86946],[10.11746,55.86744],[10.11578,55.86408],[10.11826,55.86378],[10.12055,55.86252],[10.12056,55.86252],[10.12035,55.86208],[10.11967,55.86173],[10.12026,55.86106],[10.11938,55.85989],[10.11641,55.85987],[10.10932,55.86128],[10.1058,55.86158],[10.10431,55.86163],[10.10317,55.86117],[10.10354,55.8596],[10.1017,55.85895],[10.09927,55.85887],[10.09507,55.8578],[10.08871,55.85497],[10.08807,55.85459],[10.08629,55.85356],[10.08498,55.85293],[10.08475,55.85266],[10.08283,55.85154],[10.08267,55.85132],[10.08129,55.84945],[10.08099,55.84917],[10.08158,55.84911],[10.08145,55.84896],[10.07909,55.84846],[10.06619,55.84861],[10.0644,55.84822],[10.06218,55.8471],[10.05534,55.84756],[10.05408,55.84745],[10.05371,55.84737],[10.04979,55.84586],[10.04775,55.84422],[10.04358,55.84311],[10.03862,55.84275],[10.0384,55.84283],[10.03584,55.84374],[10.03567,55.84589],[10.03658,55.84996],[10.03684,55.85072],[10.03717,55.85167],[10.03783,55.852],[10.04039,55.85291],[10.04121,55.85371],[10.0442,55.85788],[10.04521,55.8604],[10.04772,55.86282],[10.05054,55.86367],[10.05305,55.865],[10.05507,55.86525],[10.05654,55.86747],[10.05661,55.86812],[10.05871,55.86963],[10.06128,55.86966],[10.06207,55.86918],[10.06764,55.86843],[10.07404,55.8681],[10.07664,55.86836],[10.08004,55.86821],[10.0882,55.86629],[10.09258,55.86668],[10.09754,55.86662],[10.10379,55.8651],[10.10693,55.86522],[10.10929,55.86505],[10.11393,55.86417],[10.11575,55.86765],[10.11575,55.86766],[10.1176,55.87121],[10.11324,55.87368],[10.11152,55.87602],[10.11297,55.87871],[10.1126,55.88033],[10.11105,55.88083],[10.11032,55.88214],[10.11036,55.88252],[10.10713,55.88212],[10.09997,55.88191],[10.09395,55.88283],[10.09243,55.88335],[10.08653,55.88396],[10.08652,55.88397],[10.08286,55.88469],[10.08089,55.88445],[10.07893,55.88469],[10.07168,55.88407],[10.06763,55.88264],[10.06768,55.88196],[10.06761,55.88193],[10.06775,55.88109],[10.06391,55.88043],[10.06279,55.87966],[10.05648,55.87835],[10.04953,55.87889],[10.04753,55.87889],[10.0474,55.87888],[10.02202,55.89593],[10.02823,55.90104],[10.01887,55.9039],[10.01593,55.91075],[10.02789,55.93152],[10.02708,55.94338],[10.03307,55.94945],[10.0355,55.95717],[10.01429,55.97339],[10.01363,55.98127],[10.04074,55.99661],[10.05221,55.99573],[10.07113,56.00156],[10.07129,56.00213]]]}},{"type":"Feature","properties":{"name":"Odder"},"geometry":{"type":"Polygon","coordinates":[[[10.2356,55.88207],[10.23755,55.87899],[10.24041,55.87958],[10.23721,55.88487],[10.23901,55.88411],[10.24117,55.88192],[10.24314,55.87992],[10.24202,55.87896],[10.24147,55.87858],[10.23768,55.87822],[10.23645,55.87862],[10.23545,55.87934],[10.23502,55.87982],[10.23447,55.88067],[10.23471,55.88199],[10.23472,55.88207],[10.2355,55.88207],[10.2356,55.88207]]]}},{"type":"Feature","properties":{"name":"Odder"},"geometry":{"type":"Polygon","coordinates":[[[10.28033,55.90012],[10.27757,55.90019],[10.27733,55.90033],[10.27812,55.90083],[10.278,55.90107],[10.27682,55.90233],[10.27599,55.90286],[10.27584,55.90307],[10.27596,55.90315],[10.27859,55.9036],[10.27945,55.90397],[10.28224,55.90602],[10.28576,55.90759],[10.28694,55.90782],[10.28729,55.90784],[10.28785,55.90775],[10.28793,55.90768],[10.28782,55.90746],[10.28763,55.90742],[10.28719,55.90735],[10.28501,55.90697],[10.28377,55.90629],[10.28153,55.90439],[10.28076,55.90337],[10.28062,55.90284],[10.28076,55.90222],[10.28169,55.90153],[10.28161,55.90101],[10.28033,55.90012]]]}},{"type":"Feature","properties":{"name":"Frederikshavn"},"geometry":{"type":"Polygon","coordinates":[[[10.58141,57.44921],[10.57924,57.45015],[10.57601,57.45189],[10.57635,57.45247],[10.5775,57.45276],[10.57947,57.45236],[10.5815,57.45131],[10.58191,57.44998],[10.58141,57.44921]]]}},{"type":"Feature","properties":{"name":"Frederikshavn"},"geometry":{"type":"Polygon","coordinates":[[[10.31164,57.44733],[10.33143,57.44755],[10.34894,57.45375],[10.3605,57.45264],[10.36087,57.45501],[10.36809,57.46131],[10.36789,57.47079],[10.40329,57.47473],[10.41179,57.479],[10.39271,57.48415],[10.39081,57.49217],[10.37014,57.50007],[10.37497,57.50562],[10.34789,57.52629],[10.34605,57.52295],[10.33855,57.52664],[10.31248,57.55386],[10.33691,57.60672],[10.27654,57.61211],[10.27085,57.61936],[10.28714,57.62489],[10.30509,57.63],[10.31363,57.6332],[10.32325,57.63625],[10.33233,57.6409],[10.33596,57.64189],[10.3429,57.64534],[10.343,57.64538],[10.35356,57.65013],[10.35757,57.65193],[10.39697,57.67076],[10.41048,57.67673],[10.43494,57.68914],[10.44594,57.69425],[10.46798,57.70375],[10.48473,57.71097],[10.51505,57.72639],[10.52206,57.72981],[10.52999,57.73226],[10.54525,57.73844],[10.55197,57.74033],[10.55712,57.74284],[10.55995,57.74336],[10.56684,57.74554],[10.57615,57.74773],[10.58859,57.74975],[10.59857,57.75103],[10.60967,57.75166],[10.61756,57.75171],[10.62569,57.75093],[10.62874,57.75026],[10.63814,57.74675],[10.64734,57.7441],[10.64573,57.74373],[10.64158,57.74153],[10.63914,57.73992],[10.63838,57.73874],[10.63576,57.73757],[10.63199,57.73601],[10.63123,57.73516],[10.62877,57.73464],[10.61841,57.73018],[10.61405,57.72841],[10.6088,57.72549],[10.60497,57.72218],[10.60365,57.72044],[10.60075,57.719],[10.59579,57.71653],[10.59572,57.7165],[10.59356,57.71694],[10.59307,57.71768],[10.59288,57.71798],[10.5921,57.71917],[10.58993,57.71921],[10.58851,57.71924],[10.58768,57.71879],[10.58241,57.71654],[10.58725,57.71476],[10.58313,57.71415],[10.58263,57.7142],[10.57729,57.71534],[10.57709,57.71528],[10.56847,57.71125],[10.56694,57.7113],[10.56592,57.71095],[10.55097,57.70333],[10.53742,57.69549],[10.52278,57.68644],[10.51408,57.68036],[10.50766,57.67587],[10.48883,57.66169],[10.46806,57.64451],[10.46222,57.63926],[10.46221,57.63926],[10.4507,57.62818],[10.44321,57.61957],[10.43921,57.61397],[10.43631,57.60888],[10.43417,57.60692],[10.43361,57.60577],[10.43288,57.60468],[10.4323,57.60316],[10.42942,57.59742],[10.42824,57.5931],[10.42766,57.59281],[10.42746,57.59235],[10.42745,57.59197],[10.42766,57.59153],[10.42584,57.58552],[10.42492,57.57821],[10.4255,57.57737],[10.4265,57.57119],[10.42651,57.57113],[10.42659,57.57063],[10.43319,57.55471],[10.44053,57.54344],[10.44192,57.54214],[10.44497,57.53855],[10.44538,57.53716],[10.44736,57.53436],[10.44861,57.53379],[10.45495,57.52881],[10.47093,57.51577],[10.47567,57.51248],[10.47578,57.5124],[10.47696,57.51159],[10.48547,57.50659],[10.48696,57.50607],[10.4886,57.50647],[10.48919,57.5061],[10.48929,57.50533],[10.48855,57.50415],[10.48973,57.50308],[10.49955,57.49718],[10.50116,57.4965],[10.50124,57.49655],[10.50405,57.49528],[10.50399,57.49471],[10.50176,57.49439],[10.50228,57.4934],[10.50284,57.49271],[10.50329,57.49232],[10.50684,57.49259],[10.50838,57.49271],[10.50863,57.49239],[10.50809,57.49092],[10.50745,57.49068],[10.50661,57.49038],[10.50353,57.48926],[10.50424,57.48755],[10.51647,57.48016],[10.51827,57.47855],[10.51973,57.47669],[10.52146,57.47668],[10.52526,57.47471],[10.52391,57.47349],[10.52668,57.47176],[10.52669,57.47175],[10.53176,57.46898],[10.53212,57.46952],[10.53245,57.4703],[10.5351,57.46912],[10.5341,57.46827],[10.53484,57.46769],[10.53657,57.46759],[10.53683,57.46694],[10.53712,57.46555],[10.53491,57.46484],[10.53676,57.46305],[10.5378,57.4634],[10.53901,57.46382],[10.53951,57.46319],[10.54035,57.46212],[10.54185,57.46021],[10.54074,57.4584],[10.54307,57.45593],[10.54392,57.4545],[10.54374,57.45337],[10.54455,57.45228],[10.54557,57.45135],[10.54612,57.45048],[10.55121,57.44864],[10.55429,57.45018],[10.55669,57.45011],[10.56104,57.44746],[10.56098,57.44732],[10.55595,57.44334],[10.55906,57.44192],[10.55554,57.43966],[10.54828,57.44391],[10.54827,57.4439],[10.54823,57.44388],[10.54673,57.4429],[10.54531,57.44197],[10.55174,57.43791],[10.55248,57.43744],[10.55168,57.43604],[10.54819,57.43746],[10.54367,57.43929],[10.54288,57.43961],[10.53946,57.43802],[10.53878,57.4356],[10.54602,57.43474],[10.54584,57.43346],[10.54225,57.43299],[10.53569,57.43355],[10.53523,57.43196],[10.53488,57.43075],[10.53486,57.43068],[10.52873,57.43074],[10.52694,57.42898],[10.52693,57.42897],[10.52606,57.42773],[10.52616,57.4271],[10.52798,57.42672],[10.52816,57.42469],[10.52843,57.42156],[10.5295,57.41967],[10.52796,57.41703],[10.52839,57.41645],[10.52761,57.41581],[10.52696,57.41578],[10.52558,57.41501],[10.52453,57.4138],[10.5246,57.41307],[10.52444,57.41286],[10.52463,57.41273],[10.52472,57.41168],[10.52564,57.41088],[10.52498,57.41017],[10.52469,57.41008],[10.5247,57.40985],[10.52444,57.40957],[10.52485,57.40669],[10.52495,57.40546],[10.52488,57.40492],[10.52304,57.40434],[10.52228,57.40344],[10.52118,57.40005],[10.52016,57.39848],[10.52016,57.39846],[10.51944,57.39596],[10.51831,57.39314],[10.51658,57.39145],[10.51629,57.38934],[10.51557,57.38843],[10.51559,57.38735],[10.51605,57.38618],[10.51539,57.38534],[10.51525,57.38464],[10.5156,57.38432],[10.51568,57.38384],[10.51558,57.38304],[10.51503,57.38246],[10.51535,57.38183],[10.51524,57.38039],[10.51557,57.37834],[10.51503,57.37816],[10.51521,57.3776],[10.51526,57.37678],[10.51576,57.37594],[10.51542,57.37436],[10.51592,57.37387],[10.516,57.37303],[10.51574,57.37202],[10.51652,57.36717],[10.5173,57.36593],[10.51741,57.36524],[10.51736,57.36239],[10.51768,57.36173],[10.51768,57.36044],[10.51778,57.35977],[10.51825,57.35901],[10.51839,57.35798],[10.51833,57.35726],[10.51833,57.35724],[10.5189,57.35511],[10.51898,57.35425],[10.51934,57.35366],[10.51996,57.35299],[10.52073,57.35063],[10.52088,57.34872],[10.52184,57.34745],[10.52245,57.34412],[10.52362,57.34181],[10.52525,57.33933],[10.52664,57.33808],[10.52723,57.3368],[10.52802,57.33607],[10.52817,57.33576],[10.53007,57.33508],[10.53116,57.33459],[10.5306,57.33393],[10.5314,57.33317],[10.53188,57.33259],[10.53372,57.33221],[10.53374,57.33212],[10.53494,57.33195],[10.52904,57.32902],[10.52871,57.32859],[10.52818,57.32787],[10.52735,57.32399],[10.52777,57.32277],[10.5288,57.3188],[10.53424,57.3044],[10.53608,57.29754],[10.53608,57.29754],[10.53924,57.28929],[10.54288,57.28201],[10.54561,57.27299],[10.54562,57.27296],[10.54607,57.2717],[10.54972,57.25564],[10.55023,57.24917],[10.54912,57.24057],[10.54819,57.23134],[10.54717,57.22694],[10.54556,57.2263],[10.54157,57.22601],[10.54337,57.22739],[10.54401,57.2289],[10.54284,57.22915],[10.54234,57.22903],[10.54003,57.22602],[10.54012,57.22549],[10.53989,57.22427],[10.53867,57.22331],[10.53681,57.22279],[10.5344,57.22058],[10.52749,57.21602],[10.52316,57.21499],[10.52159,57.21387],[10.51842,57.21299],[10.51599,57.2118],[10.51611,57.21139],[10.51388,57.20965],[10.51237,57.2091],[10.51187,57.2091],[10.5106,57.20948],[10.50898,57.20956],[10.50734,57.2091],[10.50701,57.2091],[10.50578,57.20867],[10.50404,57.20818],[10.50299,57.20759],[10.50402,57.20742],[10.50315,57.20672],[10.50077,57.20722],[10.49944,57.20696],[10.49876,57.20674],[10.49869,57.20621],[10.49764,57.20607],[10.49735,57.20569],[10.49679,57.2055],[10.4958,57.20541],[10.49601,57.20508],[10.49508,57.20453],[10.49359,57.20493],[10.49304,57.20479],[10.49466,57.20402],[10.49392,57.20327],[10.49264,57.20383],[10.49054,57.20318],[10.48899,57.20211],[10.48364,57.19901],[10.48288,57.19877],[10.4822,57.19818],[10.48015,57.19739],[10.48011,57.19697],[10.47947,57.1966],[10.47854,57.19622],[10.47737,57.19619],[10.47664,57.19574],[10.4766,57.19515],[10.47512,57.19423],[10.47209,57.19262],[10.47064,57.19148],[10.46832,57.19014],[10.46558,57.18777],[10.46514,57.1871],[10.46172,57.18482],[10.46115,57.18367],[10.46046,57.18299],[10.45802,57.1815],[10.45559,57.18068],[10.45368,57.1792],[10.44579,57.1735],[10.44467,57.17216],[10.4428,57.17019],[10.44229,57.17012],[10.44227,57.17009],[10.43016,57.17123],[10.41309,57.17957],[10.40645,57.18494],[10.42058,57.18836],[10.42165,57.19346],[10.40622,57.20812],[10.41439,57.21773],[10.37511,57.23751],[10.36684,57.24361],[10.38332,57.25485],[10.37649,57.26502],[10.36666,57.26207],[10.34403,57.26702],[10.32421,57.27725],[10.31858,57.26304],[10.28862,57.2678],[10.25913,57.25563],[10.2603,57.25129],[10.24271,57.24693],[10.24094,57.24994],[10.21489,57.24858],[10.2128,57.28531],[10.22253,57.29414],[10.22059,57.29805],[10.20962,57.29969],[10.21285,57.30307],[10.20354,57.30668],[10.2053,57.31225],[10.20452,57.31667],[10.19248,57.3194],[10.19022,57.32739],[10.19788,57.3338],[10.19195,57.33726],[10.19247,57.34458],[10.18284,57.34754],[10.19143,57.34734],[10.18773,57.35747],[10.22442,57.36005],[10.23097,57.36548],[10.22758,57.37247],[10.23644,57.37537],[10.24102,57.38484],[10.26204,57.38219],[10.3034,57.3759],[10.31984,57.37649],[10.32788,57.38194],[10.34237,57.37582],[10.34407,57.37921],[10.34611,57.37867],[10.34577,57.37603],[10.34687,57.37579],[10.34951,57.37933],[10.35469,57.37902],[10.35459,57.38135],[10.35984,57.38144],[10.3634,57.38097],[10.36346,57.38039],[10.36928,57.38088],[10.36909,57.3821],[10.37164,57.38221],[10.3719,57.38063],[10.37405,57.38077],[10.37367,57.38306],[10.3881,57.38538],[10.38868,57.39022],[10.38257,57.38711],[10.37658,57.39111],[10.35162,57.39016],[10.33411,57.394],[10.32634,57.40089],[10.3303,57.40677],[10.31992,57.40988],[10.32278,57.41901],[10.29912,57.42609],[10.30488,57.43665],[10.31352,57.43975],[10.31164,57.44733]]]}},{"type":"Feature","properties":{"name":"Frederikshavn"},"geometry":{"type":"Polygon","coordinates":[[[10.60508,57.49065],[10.60767,57.49156],[10.60533,57.49345],[10.60346,57.49377],[10.6001,57.49665],[10.6002,57.4972],[10.60028,57.49772],[10.60033,57.49775],[10.60062,57.49792],[10.60157,57.49737],[10.60313,57.49571],[10.60385,57.49461],[10.6068,57.49371],[10.60845,57.49344],[10.60911,57.49333],[10.61043,57.49312],[10.61134,57.49272],[10.61232,57.49248],[10.61539,57.49325],[10.61723,57.49298],[10.61429,57.4921],[10.61373,57.48982],[10.60997,57.49069],[10.60882,57.49043],[10.60772,57.48961],[10.604,57.49035],[10.60274,57.49106],[10.60219,57.49137],[10.60139,57.49182],[10.60167,57.49252],[10.60263,57.49261],[10.60414,57.49211],[10.60508,57.49065]]]}},{"type":"Feature","properties":{"name":"Frederikshavn"},"geometry":{"type":"Polygon","coordinates":[[[10.6274,57.48159],[10.62361,57.48236],[10.62313,57.48302],[10.62468,57.4841],[10.62097,57.48561],[10.62045,57.48514],[10.61892,57.4857],[10.61815,57.48623],[10.61852,57.48751],[10.61966,57.48795],[10.62096,57.48717],[10.6213,57.48705],[10.62377,57.48775],[10.62398,57.4877],[10.62734,57.48558],[10.62754,57.48546],[10.62648,57.4837],[10.6274,57.48159]]]}},{"type":"Feature","properties":{"name":"Dragør"},"geometry":{"type":"Polygon","coordinates":[[[12.66987,55.60443],[12.66987,55.60443],[12.67154,55.60141],[12.67313,55.59596],[12.67446,55.5949],[12.67465,55.59485],[12.67587,55.59453],[12.67463,55.59419],[12.67455,55.59417],[12.6746,55.59402],[12.67469,55.59401],[12.67478,55.59393],[12.6749,55.59381],[12.67588,55.59381],[12.67597,55.59343],[12.67703,55.5935],[12.67853,55.59346],[12.67933,55.59366],[12.68048,55.59336],[12.67974,55.59283],[12.68017,55.59261],[12.68203,55.59232],[12.68173,55.59165],[12.68127,55.59186],[12.68082,55.59193],[12.67876,55.592],[12.67688,55.59051],[12.6791,55.58966],[12.67946,55.58941],[12.67979,55.58919],[12.68014,55.58896],[12.68012,55.58887],[12.68007,55.58872],[12.67936,55.5885],[12.67829,55.58819],[12.67674,55.58826],[12.67535,55.58792],[12.67436,55.58735],[12.67426,55.58738],[12.67397,55.58724],[12.67287,55.58693],[12.669,55.58407],[12.6641,55.58221],[12.65702,55.58085],[12.65276,55.5808],[12.65135,55.57997],[12.64453,55.5778],[12.6405,55.57738],[12.6405,55.57738],[12.63762,55.57765],[12.63311,55.57688],[12.63197,55.57679],[12.63149,55.57569],[12.63026,55.57524],[12.62924,55.57543],[12.6283,55.57477],[12.62613,55.57249],[12.62458,55.57168],[12.62073,55.56806],[12.61944,55.56705],[12.61795,55.56619],[12.61423,55.56507],[12.61249,55.56443],[12.61034,55.56386],[12.61083,55.56345],[12.61025,55.56256],[12.60868,55.56273],[12.60812,55.56245],[12.60631,55.56189],[12.6059,55.56163],[12.60591,55.56083],[12.60376,55.56072],[12.60293,55.56106],[12.60234,55.56084],[12.60188,55.56064],[12.60004,55.55861],[12.59694,55.55643],[12.59276,55.55486],[12.59182,55.5548],[12.59131,55.55495],[12.58958,55.55573],[12.58577,55.55656],[12.5838,55.55713],[12.58277,55.55752],[12.57366,55.55764],[12.56971,55.55809],[12.56375,55.56016],[12.55934,55.56417],[12.559,55.56579],[12.55931,55.56733],[12.5581,55.57235],[12.55694,55.57414],[12.55691,55.57446],[12.56371,55.57581],[12.58635,55.57967],[12.61139,55.57612],[12.62235,55.6034],[12.63243,55.60215],[12.63244,55.60866],[12.67029,55.60658],[12.66957,55.60529],[12.66987,55.60443]]]}},{"type":"Feature","properties":{"name":"Fredericia"},"geometry":{"type":"Polygon","coordinates":[[[9.62018,55.60669],[9.61785,55.61591],[9.62694,55.62122],[9.66459,55.61946],[9.66162,55.61069],[9.66836,55.60219],[9.70335,55.6088],[9.71278,55.61136],[9.737,55.61792],[9.74197,55.62642],[9.74341,55.62788],[9.74979,55.62762],[9.75132,55.62638],[9.75325,55.62484],[9.75578,55.62375],[9.75948,55.6229],[9.76833,55.62273],[9.78457,55.6245],[9.7884,55.62453],[9.79218,55.62532],[9.79333,55.62563],[9.79878,55.62582],[9.80679,55.62836],[9.81085,55.62739],[9.81976,55.62808],[9.82705,55.62744],[9.82996,55.62757],[9.83167,55.62725],[9.83904,55.62517],[9.84463,55.62491],[9.84657,55.62446],[9.84769,55.62454],[9.84848,55.62517],[9.85121,55.62498],[9.85439,55.6254],[9.85733,55.62635],[9.8583,55.62609],[9.85988,55.62505],[9.85925,55.62386],[9.85681,55.62194],[9.85352,55.62053],[9.84762,55.61643],[9.84637,55.61596],[9.84531,55.61596],[9.83736,55.6134],[9.83477,55.61233],[9.83295,55.61201],[9.83019,55.61073],[9.82726,55.60803],[9.82127,55.60473],[9.81772,55.60341],[9.81204,55.60191],[9.79794,55.59594],[9.79553,55.59485],[9.79508,55.59465],[9.79507,55.59465],[9.79369,55.59386],[9.79212,55.59214],[9.79048,55.58324],[9.7901,55.58248],[9.78839,55.58123],[9.78714,55.57995],[9.78235,55.57759],[9.78234,55.57758],[9.78062,55.57639],[9.77787,55.57483],[9.77594,55.57343],[9.77157,55.57059],[9.7705,55.56939],[9.76987,55.56869],[9.76885,55.56435],[9.76931,55.56084],[9.76757,55.55803],[9.76793,55.55595],[9.76608,55.55628],[9.76335,55.55694],[9.75567,55.55917],[9.75743,55.56009],[9.75744,55.56049],[9.75748,55.56155],[9.75697,55.56156],[9.75678,55.56156],[9.75671,55.56033],[9.7529,55.55941],[9.75101,55.5592],[9.75212,55.55996],[9.75207,55.56012],[9.74505,55.5595],[9.7439,55.55829],[9.74405,55.55775],[9.74066,55.55747],[9.73738,55.55868],[9.73701,55.5592],[9.7355,55.55895],[9.73518,55.55886],[9.73349,55.55762],[9.73656,55.55623],[9.73353,55.55346],[9.73049,55.55368],[9.72984,55.55222],[9.72859,55.55172],[9.7286,55.55172],[9.72922,55.5459],[9.72991,55.54292],[9.73012,55.54258],[9.73232,55.53904],[9.73333,55.53626],[9.73473,55.53375],[9.7382,55.52946],[9.74086,55.52513],[9.74225,55.52409],[9.74222,55.52272],[9.74169,55.5225],[9.74181,55.51963],[9.74081,55.51884],[9.74061,55.51868],[9.73006,55.51794],[9.72676,55.5178],[9.72391,55.51819],[9.71755,55.51975],[9.71643,55.51977],[9.71572,55.51942],[9.70863,55.52213],[9.70214,55.5236],[9.6982,55.52424],[9.69462,55.52542],[9.69458,55.52543],[9.69429,55.52553],[9.68681,55.52647],[9.68004,55.52768],[9.67678,55.52788],[9.67339,55.52771],[9.67299,55.52769],[9.66909,55.52657],[9.66816,55.52592],[9.66738,55.52453],[9.6659,55.52381],[9.66589,55.52381],[9.66167,55.52146],[9.65839,55.51886],[9.65821,55.51804],[9.6567,55.51677],[9.65212,55.51455],[9.64639,55.51219],[9.64037,55.50911],[9.63846,55.50942],[9.63271,55.5125],[9.63139,55.51278],[9.63108,55.51251],[9.63093,55.51256],[9.62864,55.51333],[9.62857,55.51271],[9.62744,55.51267],[9.62749,55.51333],[9.6275,55.5135],[9.62662,55.51361],[9.62661,55.5137],[9.62596,55.51368],[9.62562,55.51331],[9.62424,55.5133],[9.61959,55.5116],[9.61829,55.51137],[9.61808,55.51049],[9.6083,55.51045],[9.60812,55.51167],[9.60897,55.51225],[9.60897,55.5124],[9.60896,55.51264],[9.60805,55.51306],[9.60785,55.51315],[9.60507,55.51368],[9.6057,55.5166],[9.60446,55.51934],[9.60529,55.51979],[9.6039,55.51994],[9.602,55.52001],[9.6026,55.51891],[9.60223,55.51874],[9.6013,55.51882],[9.60078,55.51937],[9.59873,55.51988],[9.59748,55.51986],[9.59135,55.52189],[9.59125,55.52194],[9.58962,55.52282],[9.58962,55.52358],[9.58751,55.52363],[9.58285,55.52332],[9.58051,55.52499],[9.57823,55.52554],[9.57751,55.52511],[9.57611,55.52578],[9.5759,55.52591],[9.57678,55.53272],[9.56997,55.53553],[9.57777,55.5418],[9.58619,55.5384],[9.5986,55.54369],[9.58148,55.55167],[9.57476,55.56567],[9.5599,55.57143],[9.5583,55.57854],[9.57158,55.59059],[9.58172,55.59194],[9.58653,55.60127],[9.59883,55.60629],[9.62018,55.60669]]]}},{"type":"Feature","properties":{"name":"Nyborg"},"geometry":{"type":"Polygon","coordinates":[[[10.65306,55.34967],[10.64843,55.35493],[10.63545,55.35217],[10.62332,55.35768],[10.60291,55.35974],[10.60722,55.36747],[10.61477,55.37117],[10.63387,55.37167],[10.63993,55.37553],[10.63948,55.37867],[10.65039,55.38142],[10.6381,55.39311],[10.64771,55.40062],[10.64134,55.40722],[10.64525,55.41159],[10.66016,55.41318],[10.68452,55.40928],[10.69207,55.41071],[10.70174,55.42451],[10.70825,55.42002],[10.71343,55.41742],[10.7168,55.41649],[10.72093,55.41653],[10.72543,55.41543],[10.72616,55.41475],[10.72541,55.41353],[10.72928,55.40951],[10.72986,55.4079],[10.73134,55.40668],[10.73135,55.40668],[10.73506,55.40366],[10.74075,55.40021],[10.74224,55.39858],[10.74331,55.39803],[10.74369,55.39775],[10.74584,55.39669],[10.75221,55.39332],[10.76314,55.38817],[10.76791,55.38426],[10.77121,55.38027],[10.77083,55.37924],[10.77146,55.37763],[10.77147,55.37763],[10.77212,55.37533],[10.77507,55.37219],[10.78499,55.36503],[10.78616,55.3637],[10.791,55.35958],[10.79133,55.35929],[10.79563,55.3513],[10.79564,55.35129],[10.79724,55.34964],[10.80324,55.34261],[10.80591,55.33816],[10.80843,55.33328],[10.80866,55.32959],[10.81254,55.31913],[10.81344,55.31727],[10.81716,55.31251],[10.81857,55.31128],[10.81914,55.31062],[10.81966,55.31034],[10.82233,55.30804],[10.83305,55.30247],[10.84018,55.30024],[10.84312,55.30005],[10.84403,55.29991],[10.84472,55.29995],[10.84621,55.29985],[10.85271,55.30033],[10.85344,55.29952],[10.85229,55.29838],[10.84331,55.2974],[10.8432,55.29654],[10.84316,55.29625],[10.84329,55.29624],[10.84522,55.29615],[10.84511,55.29593],[10.84486,55.29545],[10.84432,55.2944],[10.84632,55.29406],[10.84967,55.29262],[10.85054,55.29237],[10.85169,55.29191],[10.85148,55.29144],[10.85191,55.28996],[10.85012,55.28906],[10.84682,55.28879],[10.84324,55.28907],[10.84084,55.28836],[10.83793,55.28695],[10.83704,55.28691],[10.83599,55.28731],[10.83435,55.28714],[10.8279,55.28506],[10.82534,55.28515],[10.82284,55.28592],[10.8224,55.28627],[10.82266,55.28668],[10.82466,55.28747],[10.82541,55.28862],[10.82688,55.28838],[10.82624,55.28755],[10.82746,55.28679],[10.82829,55.28665],[10.82853,55.28671],[10.82865,55.28663],[10.82879,55.28677],[10.82965,55.28699],[10.83075,55.28833],[10.83093,55.28889],[10.83118,55.28915],[10.83103,55.28923],[10.83115,55.28964],[10.8309,55.29021],[10.82775,55.29068],[10.82459,55.29251],[10.82453,55.29326],[10.82576,55.29317],[10.82667,55.29374],[10.82662,55.29452],[10.82678,55.29584],[10.82657,55.29602],[10.82655,55.29611],[10.82628,55.29624],[10.8253,55.29704],[10.82224,55.29761],[10.82152,55.29765],[10.82008,55.29882],[10.81873,55.29906],[10.81746,55.29665],[10.81527,55.29555],[10.81512,55.29553],[10.81125,55.29664],[10.81383,55.29824],[10.81367,55.29887],[10.81254,55.29939],[10.81093,55.2985],[10.80752,55.29945],[10.80768,55.30053],[10.80589,55.30148],[10.80536,55.30176],[10.80522,55.30302],[10.80473,55.30315],[10.79745,55.30564],[10.79726,55.3057],[10.79611,55.30396],[10.79591,55.30402],[10.79585,55.30398],[10.79381,55.30417],[10.79311,55.30597],[10.79238,55.30784],[10.79289,55.30821],[10.79386,55.30892],[10.7931,55.30972],[10.79163,55.30898],[10.7916,55.30897],[10.78995,55.30905],[10.78993,55.30838],[10.78992,55.30772],[10.7899,55.30659],[10.78987,55.3052],[10.78886,55.30527],[10.78819,55.30738],[10.78795,55.30814],[10.78792,55.30822],[10.78728,55.3082],[10.78622,55.30635],[10.78622,55.30632],[10.7865,55.30422],[10.78842,55.30373],[10.78907,55.30295],[10.78992,55.3015],[10.78906,55.30064],[10.789,55.29843],[10.7877,55.29875],[10.78451,55.30068],[10.78301,55.30042],[10.78231,55.3003],[10.78231,55.3003],[10.77988,55.29895],[10.77814,55.297],[10.77219,55.29819],[10.77079,55.2988],[10.77047,55.29881],[10.76473,55.29836],[10.76271,55.29774],[10.75983,55.29858],[10.7584,55.29866],[10.7581,55.29824],[10.75867,55.29764],[10.7566,55.29724],[10.75596,55.29649],[10.75361,55.29678],[10.75254,55.2972],[10.75119,55.29694],[10.74806,55.29632],[10.74765,55.29548],[10.74762,55.29543],[10.74998,55.29518],[10.75264,55.29558],[10.75713,55.29536],[10.75921,55.29603],[10.76161,55.2955],[10.762,55.29503],[10.76424,55.29469],[10.76688,55.29535],[10.76826,55.29502],[10.77315,55.29495],[10.77712,55.29535],[10.77927,55.29484],[10.78062,55.29565],[10.78846,55.29148],[10.79168,55.28803],[10.792,55.28706],[10.78799,55.27965],[10.78692,55.27739],[10.78773,55.2731],[10.79283,55.26612],[10.79631,55.26307],[10.79695,55.25982],[10.79878,55.2571],[10.79992,55.25266],[10.79992,55.25266],[10.80175,55.24991],[10.80596,55.24576],[10.80647,55.24471],[10.80742,55.24105],[10.80835,55.2394],[10.81079,55.23732],[10.8126,55.23424],[10.81537,55.23123],[10.81455,55.2301],[10.81481,55.22899],[10.81236,55.22601],[10.81164,55.22395],[10.80931,55.21993],[10.80967,55.21621],[10.81039,55.21448],[10.8098,55.21395],[10.8097,55.21303],[10.81039,55.21102],[10.81041,55.211],[10.79756,55.21819],[10.77951,55.22098],[10.77815,55.2091],[10.76162,55.20561],[10.7552,55.20146],[10.74631,55.19699],[10.73929,55.17358],[10.73386,55.17307],[10.73355,55.17311],[10.73206,55.17279],[10.70994,55.18127],[10.69964,55.17815],[10.69627,55.18072],[10.69265,55.18585],[10.68835,55.18255],[10.68248,55.18383],[10.67252,55.18418],[10.66703,55.19139],[10.65161,55.19192],[10.64617,55.20744],[10.66153,55.21664],[10.6529,55.22659],[10.65891,55.22823],[10.64917,55.23051],[10.65218,55.23543],[10.64468,55.23384],[10.61802,55.22998],[10.5771,55.23699],[10.57294,55.24265],[10.57066,55.24075],[10.54212,55.24868],[10.53432,55.25244],[10.53304,55.25869],[10.53812,55.26114],[10.55055,55.25762],[10.56026,55.26402],[10.5703,55.27065],[10.57726,55.26881],[10.58783,55.27522],[10.58388,55.2809],[10.58804,55.2909],[10.59041,55.29701],[10.61428,55.30106],[10.60577,55.31338],[10.60833,55.31847],[10.60333,55.32051],[10.60229,55.32198],[10.6046,55.32252],[10.60537,55.32338],[10.61521,55.32413],[10.61823,55.33328],[10.62937,55.3333],[10.63407,55.33602],[10.63773,55.34355],[10.65306,55.34967]]]}},{"type":"Feature","properties":{"name":"Mariagerfjord"},"geometry":{"type":"Polygon","coordinates":[[[10.28677,56.70442],[10.28684,56.7044],[10.28582,56.70422],[10.28304,56.70458],[10.28296,56.70453],[10.28299,56.70408],[10.28277,56.70373],[10.28071,56.70332],[10.27875,56.70337],[10.27735,56.704],[10.27283,56.70491],[10.27092,56.7056],[10.26943,56.70639],[10.27034,56.70667],[10.27728,56.7056],[10.28384,56.70534],[10.28677,56.70442]]]}},{"type":"Feature","properties":{"name":"Mariagerfjord"},"geometry":{"type":"Polygon","coordinates":[[[9.7786,56.73547],[9.7988,56.72963],[9.80003,56.73773],[9.81243,56.74867],[9.8096,56.7545],[9.7932,56.75392],[9.77864,56.76491],[9.77218,56.76408],[9.77536,56.77418],[9.78809,56.77812],[9.77698,56.79204],[9.7976,56.81577],[9.81835,56.80647],[9.84414,56.80113],[9.86004,56.80344],[9.88342,56.79973],[9.90508,56.79671],[9.9055,56.79661],[9.93305,56.8037],[9.95427,56.79593],[9.99647,56.79092],[10.02243,56.79396],[10.03059,56.79477],[10.05065,56.79443],[10.05797,56.78083],[10.04512,56.77021],[10.0534,56.76111],[10.06606,56.75531],[10.10979,56.76549],[10.11995,56.76232],[10.12431,56.76846],[10.1514,56.7782],[10.15336,56.78337],[10.16591,56.78524],[10.17972,56.79774],[10.22576,56.79261],[10.22792,56.79601],[10.19801,56.81112],[10.216,56.81302],[10.22478,56.83267],[10.21445,56.83969],[10.20776,56.83808],[10.19426,56.84243],[10.19316,56.84705],[10.22255,56.86084],[10.23723,56.85529],[10.26679,56.85813],[10.26679,56.85813],[10.26692,56.85765],[10.26691,56.85423],[10.26799,56.85101],[10.26792,56.84934],[10.26863,56.84857],[10.26964,56.85009],[10.27037,56.85],[10.27104,56.84698],[10.27032,56.84497],[10.27097,56.84106],[10.27101,56.83706],[10.27079,56.83177],[10.27133,56.82799],[10.27353,56.82088],[10.27444,56.81291],[10.27601,56.8075],[10.27732,56.80603],[10.27773,56.80568],[10.27842,56.80534],[10.27892,56.8051],[10.27938,56.80513],[10.27968,56.80529],[10.28179,56.80569],[10.28184,56.80507],[10.28174,56.80501],[10.28187,56.80452],[10.27864,56.80409],[10.27616,56.80411],[10.27645,56.80174],[10.27767,56.79945],[10.27868,56.79885],[10.27941,56.79533],[10.28588,56.78441],[10.28599,56.7829],[10.2881,56.7774],[10.28942,56.7758],[10.28869,56.77575],[10.28779,56.77558],[10.28815,56.77385],[10.28972,56.77127],[10.29037,56.76891],[10.29139,56.76786],[10.29276,56.76646],[10.29347,56.76482],[10.29391,56.76413],[10.29449,56.7629],[10.29513,56.76029],[10.29743,56.75858],[10.29826,56.75572],[10.29765,56.75455],[10.30111,56.75136],[10.30289,56.74848],[10.30771,56.74329],[10.31006,56.74125],[10.31143,56.74174],[10.31262,56.74008],[10.31311,56.73872],[10.31779,56.73593],[10.31845,56.7347],[10.32466,56.72972],[10.33095,56.72621],[10.33324,56.72355],[10.33436,56.71962],[10.33434,56.71549],[10.3328,56.71402],[10.33179,56.71505],[10.33117,56.71415],[10.33198,56.71215],[10.33288,56.70942],[10.33275,56.70834],[10.33194,56.70771],[10.33129,56.7072],[10.3287,56.70668],[10.3294,56.70517],[10.32457,56.70421],[10.32249,56.70506],[10.32102,56.70616],[10.31355,56.70737],[10.30358,56.71038],[10.30125,56.71069],[10.30002,56.71096],[10.29937,56.71094],[10.29889,56.71101],[10.29561,56.71098],[10.28444,56.71057],[10.27971,56.71123],[10.27482,56.71209],[10.26877,56.71254],[10.25991,56.71289],[10.25311,56.71283],[10.2411,56.71511],[10.23873,56.71556],[10.23873,56.71556],[10.23602,56.71651],[10.23651,56.71776],[10.23587,56.71863],[10.22971,56.71966],[10.22705,56.72002],[10.22637,56.71999],[10.2258,56.72004],[10.21932,56.71965],[10.21869,56.71934],[10.21829,56.71923],[10.21619,56.71776],[10.21322,56.71687],[10.2097,56.71558],[10.20648,56.7132],[10.20366,56.71179],[10.19995,56.70605],[10.1997,56.70578],[10.19925,56.70558],[10.19757,56.70513],[10.18827,56.70402],[10.18501,56.70316],[10.18409,56.70302],[10.18201,56.70317],[10.18004,56.70393],[10.17079,56.7071],[10.1683,56.70829],[10.16713,56.7085],[10.16565,56.70821],[10.16574,56.70942],[10.16168,56.7126],[10.16099,56.71445],[10.16096,56.71772],[10.16227,56.71794],[10.16316,56.71913],[10.16253,56.71947],[10.1626,56.71953],[10.16247,56.7195],[10.16213,56.71969],[10.1593,56.71956],[10.15491,56.7187],[10.15261,56.71766],[10.15167,56.71748],[10.15014,56.71748],[10.1498,56.71822],[10.15132,56.71836],[10.15271,56.71887],[10.15246,56.71937],[10.14801,56.719],[10.14778,56.71957],[10.14736,56.71967],[10.14353,56.72054],[10.14338,56.72057],[10.143,56.71911],[10.14197,56.71859],[10.13717,56.71838],[10.13465,56.71768],[10.133,56.71762],[10.12812,56.71721],[10.1269,56.71705],[10.12681,56.71709],[10.12582,56.71692],[10.12579,56.71697],[10.12339,56.71636],[10.12084,56.71571],[10.12031,56.71561],[10.12021,56.71559],[10.12003,56.71556],[10.11798,56.71516],[10.11235,56.71284],[10.10912,56.71175],[10.10758,56.71094],[10.10743,56.71094],[10.10712,56.71074],[10.1068,56.71053],[10.10639,56.71045],[10.10605,56.71038],[10.10601,56.71037],[10.1052,56.70997],[10.10508,56.71002],[10.10502,56.71004],[10.10518,56.70996],[10.1043,56.70884],[10.10237,56.70767],[10.09997,56.70429],[10.09999,56.70406],[10.09964,56.70326],[10.0997,56.7019],[10.10043,56.70049],[10.09611,56.69991],[10.09133,56.69836],[10.08668,56.6973],[10.08272,56.69626],[10.0825,56.69616],[10.08283,56.69446],[10.08216,56.6939],[10.07971,56.69351],[10.07596,56.69374],[10.07518,56.69372],[10.07381,56.69547],[10.07298,56.69773],[10.07207,56.69858],[10.07187,56.69893],[10.07159,56.69901],[10.07006,56.69982],[10.06162,56.70202],[10.06142,56.70198],[10.06126,56.70203],[10.06057,56.70183],[10.05751,56.70126],[10.05515,56.70023],[10.05182,56.69924],[10.04742,56.69953],[10.0431,56.69877],[10.04263,56.69875],[10.04245,56.69825],[10.04171,56.69723],[10.04175,56.69634],[10.04153,56.69577],[10.03896,56.69485],[10.03453,56.69413],[10.02709,56.6948],[10.02475,56.69447],[10.02166,56.69325],[10.0193,56.69174],[10.01582,56.69004],[10.0134,56.68658],[10.01356,56.68536],[10.0151,56.68133],[10.01168,56.68089],[10.01006,56.68036],[10.00644,56.67967],[10.002,56.68082],[10.0004,56.6811],[9.99725,56.67973],[9.99556,56.67936],[9.99273,56.67938],[9.99053,56.67879],[9.98578,56.67877],[9.98413,56.67808],[9.97789,56.6752],[9.97668,56.6735],[9.97489,56.67287],[9.97381,56.67282],[9.97232,56.67241],[9.97199,56.67255],[9.97115,56.67211],[9.97053,56.67158],[9.97088,56.67099],[9.96999,56.67019],[9.96742,56.66932],[9.96577,56.66711],[9.9635,56.66576],[9.95974,56.66552],[9.9532,56.66589],[9.95309,56.66637],[9.95259,56.66671],[9.95077,56.66716],[9.9492,56.66681],[9.94894,56.66683],[9.94903,56.66677],[9.94877,56.66671],[9.94923,56.66566],[9.95379,56.66382],[9.95409,56.66174],[9.95661,56.65792],[9.95612,56.65799],[9.95128,56.66018],[9.9497,56.66039],[9.9481,56.66015],[9.94756,56.66002],[9.94329,56.65836],[9.94162,56.65818],[9.93622,56.65664],[9.93504,56.65514],[9.93536,56.65352],[9.93449,56.65365],[9.93448,56.65366],[9.93234,56.65409],[9.9305,56.65505],[9.92946,56.65502],[9.92768,56.65426],[9.92497,56.65419],[9.92314,56.65295],[9.9228,56.65223],[9.92252,56.65197],[9.91929,56.65196],[9.91823,56.65129],[9.91602,56.65116],[9.91155,56.65099],[9.90901,56.65191],[9.90574,56.65225],[9.90313,56.65221],[9.90146,56.65251],[9.89657,56.65217],[9.8961,56.6522],[9.89551,56.6521],[9.89383,56.65199],[9.88791,56.65086],[9.88725,56.64956],[9.88427,56.64981],[9.88343,56.65028],[9.87647,56.65048],[9.87394,56.65026],[9.8722,56.64919],[9.86117,56.649],[9.85749,56.64983],[9.85393,56.6496],[9.84887,56.64754],[9.84604,56.6469],[9.84588,56.64591],[9.84587,56.64579],[9.84211,56.64644],[9.84167,56.64646],[9.83743,56.64715],[9.8374,56.64714],[9.83439,56.64661],[9.83156,56.64635],[9.8266,56.64683],[9.82177,56.64629],[9.81416,56.64355],[9.81353,56.6438],[9.81279,56.64398],[9.80972,56.64314],[9.80658,56.64183],[9.80507,56.64135],[9.80313,56.64052],[9.79968,56.63866],[9.8002,56.63807],[9.8024,56.63803],[9.80384,56.63875],[9.80486,56.63868],[9.80596,56.6381],[9.80636,56.63783],[9.8067,56.63759],[9.80675,56.63756],[9.80689,56.63753],[9.81174,56.63759],[9.81379,56.63809],[9.81469,56.6394],[9.81685,56.64012],[9.82268,56.63978],[9.82473,56.63962],[9.82707,56.63928],[9.83115,56.63966],[9.83652,56.63824],[9.84053,56.63697],[9.84205,56.63699],[9.84214,56.63698],[9.8422,56.63698],[9.84449,56.63672],[9.84727,56.63723],[9.85015,56.63889],[9.85347,56.64147],[9.85789,56.64321],[9.85833,56.64382],[9.86006,56.64446],[9.86089,56.64453],[9.86154,56.64361],[9.86344,56.64331],[9.86945,56.64377],[9.87703,56.64497],[9.87933,56.64514],[9.88043,56.64564],[9.88345,56.64422],[9.88587,56.64442],[9.88715,56.64483],[9.89185,56.64493],[9.89342,56.64532],[9.89347,56.64533],[9.89509,56.64558],[9.89825,56.64536],[9.90076,56.64577],[9.90459,56.64731],[9.90521,56.64721],[9.90474,56.64672],[9.90544,56.64581],[9.90714,56.64528],[9.90948,56.64519],[9.91573,56.64515],[9.91746,56.64538],[9.92182,56.64665],[9.92354,56.64581],[9.92508,56.64559],[9.92536,56.64561],[9.93361,56.64805],[9.93584,56.64798],[9.93803,56.64876],[9.93985,56.64993],[9.94061,56.64973],[9.94184,56.64858],[9.94458,56.64779],[9.94628,56.6475],[9.9485,56.64766],[9.95197,56.64883],[9.95922,56.64969],[9.95952,56.64984],[9.9598,56.64989],[9.9603,56.65023],[9.96324,56.65169],[9.96576,56.65329],[9.96765,56.65512],[9.96811,56.65543],[9.96847,56.6555],[9.96932,56.65545],[9.97174,56.65493],[9.97455,56.65514],[9.97808,56.65495],[9.97908,56.65463],[9.97996,56.65434],[9.98115,56.65308],[9.98201,56.65304],[9.98203,56.65299],[9.98204,56.65299],[9.98266,56.65301],[9.98318,56.6533],[9.9832,56.65342],[9.98409,56.65394],[9.98434,56.65401],[9.98522,56.6546],[9.98603,56.65533],[9.98637,56.65708],[9.98392,56.65726],[9.9824,56.65844],[9.98441,56.65943],[9.98622,56.6598],[9.98948,56.66135],[9.99013,56.66166],[9.99027,56.66176],[9.99083,56.66277],[9.9904,56.66385],[9.99218,56.66488],[9.99285,56.66527],[9.99413,56.66545],[9.9979,56.66474],[10.00011,56.66496],[10.00128,56.66534],[10.00142,56.66538],[10.00163,56.66539],[10.00226,56.66565],[10.00327,56.66625],[10.00551,56.66875],[10.00809,56.67052],[10.01048,56.67143],[10.01211,56.67144],[10.01573,56.67],[10.01919,56.66951],[10.02019,56.66972],[10.0229,56.6709],[10.02335,56.67148],[10.02461,56.67208],[10.0284,56.67158],[10.02941,56.67197],[10.0314,56.67274],[10.03172,56.67369],[10.03206,56.67418],[10.03168,56.67692],[10.03223,56.67791],[10.03766,56.68091],[10.03785,56.68106],[10.03842,56.68297],[10.04076,56.68307],[10.04371,56.68453],[10.04574,56.68622],[10.04707,56.68758],[10.04815,56.68954],[10.05029,56.69061],[10.05047,56.6907],[10.0512,56.69087],[10.05313,56.69101],[10.05342,56.69104],[10.05396,56.69094],[10.05414,56.69107],[10.05446,56.69092],[10.05455,56.69111],[10.05882,56.69157],[10.05887,56.69029],[10.06006,56.68923],[10.06559,56.68644],[10.06818,56.68582],[10.07116,56.6845],[10.0727,56.68411],[10.07272,56.68369],[10.07383,56.68301],[10.07662,56.68241],[10.07929,56.68237],[10.08225,56.68232],[10.08245,56.68233],[10.08387,56.68311],[10.087,56.68294],[10.08761,56.68336],[10.08795,56.6836],[10.08665,56.68428],[10.08674,56.68459],[10.0898,56.68479],[10.09057,56.68505],[10.09085,56.68521],[10.09153,56.68592],[10.09116,56.68627],[10.09316,56.68805],[10.094,56.68831],[10.09719,56.68814],[10.09854,56.68843],[10.09947,56.68899],[10.09948,56.68994],[10.10023,56.69024],[10.1012,56.69128],[10.10732,56.69346],[10.10866,56.69416],[10.10983,56.69478],[10.10971,56.69618],[10.11139,56.69636],[10.11202,56.69664],[10.11254,56.69756],[10.11302,56.70017],[10.11287,56.70047],[10.11256,56.7011],[10.11232,56.7022],[10.11217,56.70372],[10.11224,56.70526],[10.11396,56.70813],[10.11449,56.70873],[10.11651,56.71042],[10.11757,56.7112],[10.11889,56.71289],[10.1191,56.71287],[10.12151,56.71261],[10.12376,56.71135],[10.12484,56.71093],[10.12478,56.71059],[10.12406,56.71035],[10.12475,56.70961],[10.12731,56.70936],[10.13045,56.70993],[10.13596,56.71019],[10.13709,56.71009],[10.13964,56.70754],[10.14142,56.70739],[10.14757,56.70573],[10.15325,56.70459],[10.15536,56.70464],[10.15537,56.70541],[10.15288,56.70579],[10.14941,56.70664],[10.14744,56.7074],[10.14849,56.70755],[10.15275,56.70692],[10.15977,56.70623],[10.1642,56.70616],[10.1674,56.70254],[10.1681,56.70203],[10.17035,56.70054],[10.17313,56.6987],[10.17911,56.69572],[10.18265,56.69351],[10.18375,56.69224],[10.18553,56.68849],[10.19011,56.68627],[10.19027,56.68563],[10.19416,56.68449],[10.19421,56.68448],[10.19679,56.67853],[10.16636,56.67104],[10.16662,56.66509],[10.16117,56.66465],[10.1614,56.66298],[10.1627,56.66304],[10.16266,56.66358],[10.1635,56.66361],[10.16365,56.6615],[10.16119,56.6614],[10.16122,56.66101],[10.15758,56.6609],[10.15696,56.66156],[10.15871,56.65209],[10.14104,56.64598],[10.13511,56.64862],[10.12331,56.64635],[10.11876,56.64089],[10.12462,56.63666],[10.11375,56.62472],[10.08746,56.61911],[10.08306,56.61657],[10.07912,56.61495],[10.04204,56.60167],[10.01146,56.59767],[9.98005,56.59185],[9.95938,56.59669],[9.94891,56.58112],[9.91124,56.57601],[9.90391,56.57361],[9.90002,56.57183],[9.88848,56.57423],[9.87721,56.56571],[9.87945,56.5557],[9.84588,56.55547],[9.83284,56.55044],[9.81141,56.56101],[9.79582,56.56161],[9.75074,56.55538],[9.75149,56.55629],[9.7461,56.56435],[9.71304,56.58512],[9.70312,56.58951],[9.68999,56.58722],[9.67734,56.5901],[9.64362,56.5799],[9.63565,56.58751],[9.64285,56.5906],[9.6446,56.60837],[9.67614,56.61427],[9.67066,56.62842],[9.62601,56.63194],[9.5973,56.6289],[9.57793,56.63174],[9.56419,56.63509],[9.57173,56.64005],[9.56804,56.64256],[9.57059,56.6442],[9.56813,56.64845],[9.53769,56.65059],[9.53134,56.65087],[9.53144,56.65101],[9.52851,56.65663],[9.53151,56.65624],[9.53518,56.65847],[9.53434,56.66054],[9.53768,56.66104],[9.54156,56.66343],[9.53859,56.66429],[9.53832,56.66715],[9.53428,56.66667],[9.53304,56.67112],[9.54114,56.67244],[9.54014,56.67466],[9.54548,56.67612],[9.55524,56.67191],[9.55628,56.67435],[9.56389,56.67155],[9.56894,56.67432],[9.56698,56.67955],[9.57178,56.68627],[9.57755,56.6857],[9.61087,56.67995],[9.61849,56.67485],[9.6403,56.67135],[9.65445,56.66115],[9.67074,56.65508],[9.69443,56.65619],[9.71276,56.65144],[9.71875,56.66278],[9.72168,56.66612],[9.72367,56.67982],[9.71707,56.68379],[9.72711,56.70222],[9.74203,56.7063],[9.7494,56.71349],[9.74723,56.71776],[9.76036,56.73458],[9.7786,56.73547]]]}},{"type":"Feature","properties":{"name":"Mariagerfjord"},"geometry":{"type":"Polygon","coordinates":[[[10.27489,56.71034],[10.27244,56.71045],[10.26587,56.71133],[10.26493,56.71158],[10.26465,56.71175],[10.26489,56.71187],[10.26719,56.71202],[10.26771,56.712],[10.27432,56.71123],[10.27539,56.711],[10.27828,56.71067],[10.27844,56.71053],[10.27793,56.7104],[10.27489,56.71034]]]}},{"type":"Feature","properties":{"name":"Køge"},"geometry":{"type":"Polygon","coordinates":[[[12.02606,55.51608],[12.03628,55.52414],[12.0539,55.52148],[12.06595,55.52849],[12.09096,55.52402],[12.09613,55.52542],[12.10132,55.52538],[12.104,55.52696],[12.11031,55.52597],[12.11216,55.52298],[12.13712,55.51321],[12.14957,55.51412],[12.16579,55.51226],[12.18308,55.50962],[12.19573,55.51348],[12.20894,55.50872],[12.20891,55.50856],[12.20812,55.50815],[12.20559,55.50846],[12.20433,55.50692],[12.20386,55.50566],[12.20622,55.50521],[12.20634,55.50442],[12.20554,55.50385],[12.20396,55.50319],[12.20271,55.5008],[12.2021,55.49963],[12.20348,55.49924],[12.20204,55.49515],[12.19936,55.49261],[12.20055,55.49048],[12.19722,55.49045],[12.19524,55.48961],[12.19493,55.48888],[12.19554,55.48882],[12.19846,55.48746],[12.19536,55.48676],[12.1954,55.4865],[12.19471,55.48558],[12.19457,55.4843],[12.19471,55.48324],[12.19566,55.48232],[12.19529,55.48082],[12.19486,55.48062],[12.19337,55.48061],[12.194,55.47999],[12.19541,55.47899],[12.19822,55.47913],[12.19935,55.48096],[12.19941,55.48189],[12.1981,55.48175],[12.19731,55.48255],[12.19734,55.48403],[12.1979,55.48475],[12.19844,55.48497],[12.19905,55.48439],[12.19898,55.48242],[12.19953,55.48261],[12.20047,55.48294],[12.20064,55.483],[12.20123,55.48347],[12.20125,55.48367],[12.20313,55.48573],[12.20316,55.48901],[12.20277,55.49023],[12.20309,55.49036],[12.20489,55.49105],[12.20546,55.49381],[12.2074,55.49529],[12.20835,55.49637],[12.20881,55.49676],[12.21032,55.49863],[12.21213,55.50254],[12.21361,55.50443],[12.21258,55.50536],[12.21465,55.507],[12.21544,55.50697],[12.21615,55.50624],[12.21572,55.50502],[12.21218,55.49831],[12.20873,55.49331],[12.2041,55.48502],[12.20107,55.48161],[12.20093,55.48145],[12.19813,55.47703],[12.19812,55.477],[12.19632,55.4736],[12.19628,55.47211],[12.19795,55.47129],[12.19715,55.47001],[12.19666,55.47004],[12.19618,55.47006],[12.1946,55.47013],[12.1935,55.46833],[12.19351,55.46827],[12.1953,55.46825],[12.19499,55.46169],[12.1984,55.4616],[12.19928,55.45726],[12.19601,55.45665],[12.19277,55.45893],[12.19178,55.45794],[12.19501,55.45547],[12.19761,55.4549],[12.1973,55.45407],[12.18823,55.45497],[12.18691,55.45474],[12.18738,55.45421],[12.19547,55.4527],[12.19881,55.45263],[12.19874,55.45253],[12.19855,55.45247],[12.19825,55.45194],[12.19531,55.45162],[12.19537,55.44999],[12.19754,55.44755],[12.19755,55.44754],[12.20019,55.44286],[12.19927,55.4425],[12.20032,55.44116],[12.2012,55.44071],[12.20593,55.43628],[12.20838,55.43526],[12.21208,55.43092],[12.21413,55.42874],[12.21549,55.42764],[12.21609,55.42755],[12.21624,55.42752],[12.21629,55.42748],[12.23101,55.41552],[12.21693,55.41636],[12.21376,55.40986],[12.20179,55.40968],[12.20122,55.40691],[12.19358,55.40569],[12.18697,55.39291],[12.19208,55.38572],[12.18827,55.37689],[12.18198,55.37894],[12.1703,55.37414],[12.15588,55.38093],[12.14875,55.37645],[12.14109,55.37828],[12.1391,55.3759],[12.13764,55.37141],[12.1317,55.3693],[12.12597,55.37215],[12.12074,55.37025],[12.11603,55.37361],[12.10991,55.37261],[12.10806,55.37601],[12.08914,55.37115],[12.08717,55.37436],[12.08039,55.36829],[12.07438,55.37437],[12.06117,55.37651],[12.06194,55.38281],[12.06563,55.38539],[12.04385,55.39392],[12.02384,55.39568],[12.01698,55.40102],[12.00369,55.39822],[12.00278,55.40187],[11.99783,55.40217],[11.9765,55.40491],[11.96353,55.40203],[11.95424,55.4096],[11.9575,55.42378],[11.93597,55.43248],[11.93565,55.43648],[11.93381,55.44879],[11.94549,55.46095],[11.94503,55.46144],[11.93793,55.46161],[11.93929,55.46993],[11.92679,55.47572],[11.92265,55.49418],[11.91641,55.49662],[11.92257,55.51221],[11.91102,55.51422],[11.91629,55.52277],[11.91387,55.52988],[11.92888,55.52929],[11.9374,55.52666],[11.95909,55.52949],[11.96979,55.53519],[11.97666,55.52946],[11.99223,55.52546],[12.0089,55.53104],[12.02414,55.52561],[12.02072,55.51983],[12.02606,55.51608]]]}},{"type":"Feature","properties":{"name":"Norddjurs"},"geometry":{"type":"Polygon","coordinates":[[[10.40595,56.53322],[10.40596,56.53322],[10.40788,56.53202],[10.41091,56.53082],[10.41469,56.52974],[10.41981,56.52804],[10.42239,56.52694],[10.42745,56.52517],[10.42746,56.52516],[10.42775,56.52506],[10.43401,56.52385],[10.44024,56.52296],[10.46139,56.52133],[10.47137,56.51973],[10.47277,56.51935],[10.47282,56.51934],[10.48629,56.51623],[10.5004,56.5138],[10.50661,56.51319],[10.50758,56.51301],[10.50831,56.51302],[10.51082,56.51278],[10.53229,56.51274],[10.54727,56.51352],[10.54728,56.51352],[10.56007,56.51448],[10.57222,56.51705],[10.58611,56.51736],[10.59578,56.5187],[10.6079,56.51991],[10.6224,56.52394],[10.62702,56.52473],[10.6272,56.52476],[10.64065,56.52639],[10.64773,56.52631],[10.65415,56.52667],[10.6574,56.52696],[10.65796,56.52707],[10.66276,56.52758],[10.67131,56.52974],[10.67545,56.52991],[10.67896,56.52984],[10.68094,56.53009],[10.69467,56.53029],[10.69708,56.53048],[10.69709,56.53048],[10.70096,56.53038],[10.70985,56.5309],[10.70997,56.53137],[10.70887,56.53161],[10.71001,56.53339],[10.71071,56.53447],[10.71092,56.5348],[10.71132,56.53487],[10.71303,56.53513],[10.71435,56.53736],[10.71644,56.53172],[10.71408,56.53096],[10.71455,56.53092],[10.71456,56.53082],[10.71588,56.5308],[10.72642,56.53127],[10.72786,56.5315],[10.73038,56.53212],[10.73154,56.53165],[10.74176,56.53284],[10.75179,56.53453],[10.76751,56.53797],[10.76939,56.53809],[10.76975,56.53811],[10.77166,56.53772],[10.77517,56.53752],[10.78553,56.53816],[10.79287,56.53762],[10.79594,56.53784],[10.7961,56.53754],[10.79611,56.53752],[10.79616,56.53745],[10.80285,56.53514],[10.81123,56.53313],[10.81693,56.53227],[10.81773,56.53208],[10.8186,56.53202],[10.82343,56.5313],[10.83698,56.53061],[10.85461,56.52014],[10.85495,56.52003],[10.85602,56.5194],[10.86167,56.51757],[10.86517,56.51366],[10.86719,56.50947],[10.87006,56.49672],[10.8726,56.49205],[10.8726,56.49205],[10.87446,56.48949],[10.87747,56.48704],[10.87951,56.48614],[10.88352,56.48509],[10.88738,56.4847],[10.89337,56.48167],[10.89635,56.48154],[10.89925,56.48076],[10.91455,56.47206],[10.9153,56.47177],[10.91575,56.47152],[10.91617,56.47143],[10.91668,56.47124],[10.91898,56.47106],[10.92528,56.4699],[10.92767,56.46871],[10.92895,56.46735],[10.93105,56.46672],[10.935,56.46394],[10.93724,56.46171],[10.93724,56.46167],[10.93728,56.46131],[10.93835,56.46057],[10.94312,56.4584],[10.94726,56.45749],[10.95021,56.45632],[10.95075,56.45436],[10.95158,56.45369],[10.95267,56.45339],[10.95336,56.4526],[10.95202,56.4515],[10.95192,56.45054],[10.95296,56.44798],[10.95439,56.44647],[10.95587,56.44558],[10.95823,56.44509],[10.95836,56.44502],[10.95903,56.44397],[10.95895,56.442],[10.95643,56.43786],[10.95526,56.43681],[10.95379,56.43666],[10.95229,56.43713],[10.94909,56.43734],[10.94521,56.43696],[10.94201,56.43593],[10.93529,56.43246],[10.93299,56.42961],[10.92986,56.42706],[10.92789,56.42523],[10.92789,56.42523],[10.92643,56.42303],[10.92625,56.42161],[10.92532,56.42027],[10.92764,56.42104],[10.92942,56.41792],[10.92799,56.41613],[10.92753,56.41556],[10.92481,56.41619],[10.924,56.41598],[10.92154,56.4129],[10.92237,56.41093],[10.92569,56.41126],[10.92669,56.41021],[10.92204,56.40908],[10.92159,56.40897],[10.92192,56.4081],[10.92386,56.4083],[10.92384,56.4084],[10.92463,56.4085],[10.92576,56.40864],[10.92771,56.40889],[10.92763,56.40728],[10.92729,56.4061],[10.92708,56.40576],[10.92718,56.40571],[10.92708,56.40536],[10.92684,56.40451],[10.92466,56.40491],[10.92412,56.40498],[10.92239,56.4052],[10.92119,56.40554],[10.92035,56.40404],[10.92276,56.40291],[10.92151,56.40202],[10.92066,56.40029],[10.92058,56.39692],[10.92091,56.3936],[10.92146,56.39258],[10.9187,56.39047],[10.91656,56.38721],[10.91514,56.38316],[10.91481,56.37881],[10.91439,56.36471],[10.91417,56.34973],[10.9149,56.34551],[10.91457,56.34368],[10.91241,56.34158],[10.90905,56.33952],[10.90509,56.33608],[10.89833,56.33117],[10.89198,56.32516],[10.88764,56.3217],[10.88467,56.32014],[10.88037,56.31686],[10.8751,56.31363],[10.87247,56.31133],[10.87245,56.31131],[10.87013,56.30916],[10.86747,56.30584],[10.86628,56.30296],[10.86355,56.29995],[10.85546,56.29648],[10.84934,56.2956],[10.84712,56.29489],[10.84307,56.29881],[10.82418,56.29682],[10.81908,56.29885],[10.81136,56.30868],[10.81461,56.31655],[10.80272,56.32297],[10.75978,56.33383],[10.73962,56.33066],[10.72759,56.34067],[10.71305,56.33903],[10.70771,56.33291],[10.69771,56.33634],[10.64631,56.35835],[10.63534,56.37366],[10.67647,56.37577],[10.70481,56.39001],[10.6899,56.39711],[10.69164,56.40431],[10.65918,56.41879],[10.62437,56.41697],[10.62121,56.42307],[10.60347,56.42441],[10.59361,56.43268],[10.57525,56.43264],[10.57183,56.44368],[10.56194,56.44539],[10.54866,56.44739],[10.54715,56.42835],[10.49371,56.43068],[10.46834,56.42588],[10.45794,56.42187],[10.45399,56.42564],[10.42807,56.42335],[10.41981,56.40586],[10.38517,56.4014],[10.3886,56.38949],[10.36604,56.39527],[10.34698,56.39232],[10.34115,56.39813],[10.31609,56.39215],[10.3026,56.38979],[10.29533,56.38599],[10.29475,56.3861],[10.27461,56.39342],[10.26615,56.39901],[10.2668,56.40528],[10.26246,56.40464],[10.26551,56.40855],[10.27126,56.40939],[10.27284,56.41388],[10.28736,56.41532],[10.28847,56.4156],[10.29314,56.41753],[10.29664,56.41977],[10.29642,56.42115],[10.29782,56.42161],[10.29989,56.4214],[10.29939,56.42397],[10.28975,56.42328],[10.28805,56.42337],[10.26442,56.43101],[10.27117,56.46869],[10.27301,56.46967],[10.27773,56.47002],[10.28471,56.46946],[10.28918,56.4692],[10.29426,56.4696],[10.29426,56.46961],[10.2943,56.46979],[10.29441,56.47029],[10.29321,56.47081],[10.29213,56.47146],[10.28673,56.47171],[10.2801,56.47104],[10.27858,56.47143],[10.27625,56.47222],[10.27459,56.47258],[10.27387,56.47261],[10.27253,56.47225],[10.27022,56.47255],[10.26605,56.4732],[10.26135,56.47281],[10.26066,56.47253],[10.25952,56.47238],[10.25847,56.47255],[10.25505,56.47248],[10.24999,56.47213],[10.24407,56.47372],[10.24292,56.47436],[10.24186,56.47466],[10.24136,56.4742],[10.24081,56.47421],[10.23926,56.47456],[10.23921,56.47491],[10.23982,56.47533],[10.23904,56.47612],[10.23344,56.47822],[10.23349,56.47867],[10.23308,56.48009],[10.23292,56.48016],[10.22997,56.48054],[10.22822,56.4799],[10.22616,56.47966],[10.22453,56.48026],[10.22378,56.48019],[10.22371,56.48011],[10.22278,56.47994],[10.2227,56.47945],[10.22227,56.47889],[10.22211,56.47885],[10.21831,56.48044],[10.21962,56.48207],[10.21994,56.48195],[10.22214,56.48043],[10.22395,56.48118],[10.2247,56.48168],[10.2267,56.48168],[10.22743,56.48207],[10.22766,56.48239],[10.22771,56.48325],[10.22761,56.48414],[10.22929,56.48591],[10.22966,56.48477],[10.23049,56.48457],[10.23209,56.48563],[10.22997,56.48604],[10.23096,56.48676],[10.23166,56.48806],[10.2326,56.4888],[10.2326,56.48995],[10.2327,56.49055],[10.23391,56.4923],[10.23492,56.49428],[10.23444,56.49841],[10.23329,56.49927],[10.23369,56.50146],[10.2356,56.50268],[10.2365,56.50284],[10.23619,56.50177],[10.23618,56.50122],[10.23693,56.50068],[10.23748,56.50048],[10.23831,56.50061],[10.23883,56.50123],[10.23827,56.50279],[10.23773,56.5033],[10.23686,56.50353],[10.23604,56.50364],[10.23504,56.50342],[10.2348,56.50349],[10.23402,56.50373],[10.23404,56.50416],[10.23394,56.50453],[10.23307,56.50477],[10.23306,56.50478],[10.23246,56.50552],[10.23488,56.507],[10.23439,56.50757],[10.23359,56.50746],[10.2326,56.50785],[10.23284,56.50833],[10.23388,56.50871],[10.23413,56.51002],[10.23481,56.51081],[10.23478,56.51162],[10.23403,56.5128],[10.23446,56.51376],[10.23403,56.51441],[10.2339,56.51506],[10.23398,56.51687],[10.233,56.51715],[10.23253,56.51829],[10.23247,56.51889],[10.23227,56.51928],[10.23188,56.5197],[10.23099,56.51995],[10.23034,56.52058],[10.23112,56.53145],[10.23112,56.53145],[10.23136,56.54489],[10.23142,56.54488],[10.23259,56.54462],[10.23275,56.54221],[10.233,56.54215],[10.23307,56.54203],[10.23356,56.54202],[10.23516,56.54164],[10.23617,56.5416],[10.23728,56.54198],[10.23863,56.54371],[10.24004,56.54533],[10.24074,56.54721],[10.24193,56.54824],[10.24526,56.54951],[10.24721,56.54916],[10.24951,56.54965],[10.25272,56.55134],[10.25159,56.55216],[10.2518,56.55261],[10.25379,56.55332],[10.25479,56.55391],[10.25393,56.55508],[10.2526,56.55748],[10.25308,56.55928],[10.25349,56.55961],[10.25803,56.56321],[10.25934,56.56372],[10.26081,56.56364],[10.26128,56.5642],[10.26222,56.56472],[10.26314,56.56615],[10.26456,56.56697],[10.26638,56.56973],[10.26911,56.57197],[10.26954,56.57279],[10.27035,56.57308],[10.27067,56.5736],[10.27071,56.57367],[10.27066,56.57373],[10.27031,56.57425],[10.27146,56.57528],[10.27252,56.57565],[10.27312,56.57655],[10.27544,56.57689],[10.27705,56.57789],[10.28254,56.57975],[10.28707,56.58051],[10.28737,56.58068],[10.28816,56.58137],[10.2882,56.58199],[10.29093,56.58377],[10.29179,56.58474],[10.29233,56.58581],[10.29405,56.58597],[10.29667,56.5878],[10.29865,56.58821],[10.29957,56.5888],[10.30109,56.59101],[10.30266,56.59144],[10.30307,56.59245],[10.30305,56.59288],[10.3024,56.59387],[10.3015,56.59424],[10.30135,56.5955],[10.30207,56.59615],[10.30199,56.59765],[10.30158,56.59852],[10.30042,56.59945],[10.29991,56.60028],[10.30075,56.60176],[10.30076,56.60348],[10.30179,56.60421],[10.3011,56.60637],[10.3017,56.60709],[10.30244,56.60733],[10.30644,56.60717],[10.31066,56.60666],[10.31147,56.6063],[10.31286,56.60568],[10.31367,56.60507],[10.31435,56.60411],[10.31585,56.60231],[10.31685,56.60206],[10.31844,56.60103],[10.32196,56.60042],[10.32433,56.60083],[10.3269,56.60101],[10.32861,56.60061],[10.32944,56.59973],[10.33536,56.59807],[10.34143,56.59661],[10.34315,56.59569],[10.34414,56.59477],[10.34393,56.59363],[10.34504,56.58977],[10.3451,56.58932],[10.34379,56.58898],[10.34401,56.58795],[10.34492,56.587],[10.34507,56.58621],[10.34433,56.58582],[10.34471,56.58465],[10.34492,56.5829],[10.34556,56.58221],[10.3459,56.58145],[10.34527,56.57991],[10.34597,56.57934],[10.34597,56.57933],[10.34606,56.57878],[10.34617,56.57814],[10.34652,56.57748],[10.34686,56.57702],[10.34816,56.57605],[10.34826,56.57519],[10.34864,56.57394],[10.34962,56.57325],[10.34963,56.57325],[10.34974,56.57316],[10.35054,56.57143],[10.35054,56.57142],[10.35263,56.56949],[10.35365,56.56838],[10.35365,56.56837],[10.35417,56.5675],[10.35585,56.56565],[10.35788,56.56468],[10.3583,56.56379],[10.35831,56.56378],[10.35975,56.56248],[10.36029,56.56144],[10.36104,56.56079],[10.36439,56.55914],[10.36536,56.55852],[10.36484,56.55816],[10.36529,56.55765],[10.36623,56.55702],[10.36748,56.55603],[10.36997,56.55473],[10.36988,56.55402],[10.37416,56.55186],[10.37377,56.55146],[10.3741,56.55115],[10.37831,56.54909],[10.37798,56.54852],[10.38066,56.54706],[10.38189,56.54661],[10.38816,56.54269],[10.38935,56.54152],[10.3911,56.54082],[10.3952,56.5387],[10.39758,56.53705],[10.39881,56.53651],[10.40152,56.53641],[10.40264,56.53579],[10.4037,56.53508],[10.40374,56.53427],[10.40595,56.53322]]]}},{"type":"Feature","properties":{"name":"Norddjurs"},"geometry":{"type":"Polygon","coordinates":[[[11.54223,56.72622],[11.55195,56.72413],[11.55876,56.72315],[11.56495,56.72304],[11.57346,56.72375],[11.57581,56.72386],[11.57778,56.72423],[11.58848,56.72582],[11.60518,56.72968],[11.61412,56.73134],[11.62311,56.7326],[11.63399,56.73482],[11.6463,56.73686],[11.65036,56.73784],[11.65162,56.73769],[11.65487,56.73669],[11.65626,56.73599],[11.65908,56.73539],[11.66281,56.73637],[11.66349,56.73603],[11.66309,56.73563],[11.66218,56.73526],[11.65595,56.73418],[11.6481,56.73153],[11.63971,56.72844],[11.63187,56.72484],[11.62694,56.72279],[11.61728,56.71791],[11.60877,56.71308],[11.60282,56.70881],[11.59844,56.70567],[11.59459,56.70135],[11.58676,56.69431],[11.58452,56.69298],[11.58274,56.69192],[11.5755,56.68946],[11.55337,56.68729],[11.54869,56.68742],[11.54404,56.68817],[11.53936,56.68929],[11.53779,56.68998],[11.53511,56.69169],[11.53288,56.6937],[11.53123,56.69585],[11.52705,56.70128],[11.52338,56.70737],[11.52134,56.70934],[11.52025,56.71041],[11.51651,56.71274],[11.51327,56.7143],[11.51405,56.71553],[11.51084,56.71591],[11.5086,56.71664],[11.50938,56.71712],[11.50955,56.71715],[11.51144,56.717],[11.51392,56.7175],[11.51696,56.71873],[11.52187,56.72194],[11.52755,56.72479],[11.53297,56.72632],[11.53679,56.72674],[11.54223,56.72622]]]}},{"type":"Feature","properties":{"name":"Tønder"},"geometry":{"type":"Polygon","coordinates":[[[8.54789,55.01663],[8.54701,55.01668],[8.54654,55.01677],[8.54505,55.01745],[8.54506,55.01757],[8.54668,55.01782],[8.55064,55.01798],[8.55072,55.0179],[8.55051,55.01728],[8.5503,55.01714],[8.54926,55.01677],[8.54789,55.01663]]]}},{"type":"Feature","properties":{"name":"Tønder"},"geometry":{"type":"Polygon","coordinates":[[[8.6726,55.19611],[8.66961,55.2079],[8.66783,55.2157],[8.66663,55.2187],[8.66545,55.22227],[8.66479,55.22231],[8.66376,55.22168],[8.66279,55.22085],[8.66198,55.22029],[8.6619,55.21673],[8.66016,55.21618],[8.65829,55.21623],[8.65696,55.21669],[8.65556,55.21787],[8.65544,55.21865],[8.65694,55.22009],[8.65674,55.22126],[8.65527,55.22391],[8.65567,55.22439],[8.65793,55.22475],[8.66081,55.22455],[8.66193,55.22455],[8.66036,55.22817],[8.65922,55.23188],[8.66162,55.23458],[8.66187,55.23462],[8.66184,55.23468],[8.66179,55.23478],[8.66193,55.23493],[8.66498,55.23596],[8.66446,55.23722],[8.66154,55.23673],[8.6591,55.23733],[8.65724,55.2382],[8.65863,55.23921],[8.65859,55.23926],[8.72324,55.24471],[8.77733,55.23852],[8.78166,55.23908],[8.80862,55.2306],[8.85998,55.22495],[8.87993,55.22782],[8.90612,55.22773],[8.93642,55.22069],[8.93727,55.19634],[8.96346,55.19177],[8.9672,55.2127],[8.98224,55.20948],[8.99761,55.21233],[9.00769,55.22258],[9.01711,55.22866],[9.01816,55.23137],[9.02401,55.22984],[9.02645,55.23059],[9.07282,55.24028],[9.07502,55.24094],[9.10348,55.2407],[9.1375,55.2327],[9.16633,55.20745],[9.16861,55.19619],[9.13689,55.19133],[9.11112,55.17076],[9.10371,55.16549],[9.11974,55.16645],[9.12514,55.15602],[9.17422,55.16465],[9.18195,55.17562],[9.21547,55.175],[9.22132,55.1681],[9.2486,55.16546],[9.23176,55.15003],[9.24949,55.13939],[9.2472,55.12196],[9.21859,55.10801],[9.20808,55.10514],[9.19688,55.09316],[9.16859,55.09386],[9.16121,55.09035],[9.14869,55.09907],[9.13888,55.09121],[9.11241,55.08324],[9.13527,55.07981],[9.14118,55.05731],[9.1126,55.05034],[9.11589,55.04436],[9.08757,55.03291],[9.09249,55.02429],[9.07332,55.02009],[9.06971,55.01291],[9.09383,54.98131],[9.06935,54.9773],[9.05972,54.96926],[9.04092,54.96723],[9.02489,54.96168],[9.0276,54.94422],[9.0072,54.93874],[9.00495,54.92862],[9.01527,54.91549],[9.04083,54.90931],[9.03079,54.90572],[9.0323,54.88674],[9.02463,54.88507],[9.0269,54.88152],[9.01447,54.88655],[8.98413,54.89218],[8.97763,54.89578],[8.96559,54.89828],[8.96312,54.8998],[8.95668,54.90135],[8.95448,54.90161],[8.95283,54.90162],[8.94833,54.90251],[8.94832,54.90251],[8.94049,54.9024],[8.93366,54.90275],[8.92335,54.90342],[8.92109,54.90253],[8.91691,54.90306],[8.9159,54.90246],[8.91334,54.90203],[8.9132,54.9032],[8.91051,54.90386],[8.90429,54.90383],[8.90209,54.90444],[8.89493,54.90398],[8.89225,54.90489],[8.88996,54.90404],[8.88909,54.90391],[8.88742,54.90255],[8.88338,54.90212],[8.87747,54.90204],[8.87537,54.90107],[8.87357,54.89961],[8.87257,54.89932],[8.86588,54.89989],[8.86306,54.8984],[8.86244,54.89758],[8.85959,54.89671],[8.84869,54.8973],[8.84128,54.90183],[8.83719,54.90546],[8.83474,54.9061],[8.83338,54.90676],[8.83323,54.90672],[8.83323,54.90672],[8.82967,54.90564],[8.82927,54.9058],[8.82955,54.90635],[8.8242,54.9068],[8.82306,54.90566],[8.81858,54.90393],[8.81471,54.90401],[8.81195,54.90472],[8.81139,54.90593],[8.79905,54.90467],[8.79915,54.90264],[8.79501,54.90198],[8.79309,54.90139],[8.79039,54.89974],[8.78696,54.89851],[8.78134,54.89773],[8.78134,54.89721],[8.7766,54.89536],[8.77652,54.89532],[8.77652,54.89532],[8.77647,54.8953],[8.77702,54.89267],[8.75967,54.89451],[8.75499,54.89687],[8.75031,54.8967],[8.74998,54.89558],[8.73824,54.89325],[8.72789,54.89275],[8.717,54.89615],[8.71626,54.89653],[8.71657,54.89726],[8.70987,54.89884],[8.7077,54.90089],[8.70201,54.9025],[8.7006,54.90304],[8.69968,54.9037],[8.68691,54.90889],[8.68108,54.91039],[8.67983,54.91056],[8.67731,54.9109],[8.66858,54.91129],[8.65982,54.90871],[8.63554,54.91153],[8.63591,54.91399],[8.63672,54.91575],[8.63602,54.9159],[8.6416,54.92803],[8.64092,54.92815],[8.64166,54.93002],[8.64577,54.9388],[8.64504,54.93892],[8.64666,54.94246],[8.64742,54.94235],[8.65562,54.96008],[8.65719,54.96173],[8.65788,54.96318],[8.65742,54.96333],[8.65793,54.96414],[8.65653,54.98634],[8.65903,54.9864],[8.65902,54.98727],[8.65902,54.98756],[8.65873,54.98789],[8.65723,54.98957],[8.65209,54.99698],[8.64914,55.00306],[8.64913,55.00307],[8.64718,55.0047],[8.64705,55.00651],[8.6409,55.01975],[8.63368,55.03255],[8.63346,55.03638],[8.63419,55.03973],[8.63167,55.03999],[8.63345,55.04606],[8.64619,55.0895],[8.64975,55.08919],[8.64991,55.08923],[8.65206,55.09217],[8.65328,55.09301],[8.65546,55.0956],[8.65924,55.09919],[8.65919,55.09976],[8.65752,55.10038],[8.65833,55.10145],[8.65958,55.10201],[8.6609,55.10323],[8.66122,55.10387],[8.66182,55.10571],[8.66182,55.10705],[8.66264,55.10867],[8.66477,55.11042],[8.66512,55.11225],[8.67186,55.12357],[8.67367,55.12634],[8.67553,55.12782],[8.67786,55.12847],[8.68131,55.13002],[8.68231,55.13061],[8.68103,55.13184],[8.67817,55.13402],[8.67813,55.13426],[8.67928,55.13446],[8.67786,55.13564],[8.6813,55.1412],[8.68606,55.14411],[8.68235,55.14571],[8.6765,55.14694],[8.67268,55.14769],[8.66009,55.14825],[8.65185,55.14843],[8.63727,55.14764],[8.62992,55.14698],[8.62991,55.14698],[8.62258,55.14621],[8.62289,55.14503],[8.61631,55.14456],[8.60926,55.14476],[8.6084,55.14478],[8.55885,55.15039],[8.55639,55.14984],[8.55231,55.14602],[8.5514,55.14462],[8.55031,55.14198],[8.55178,55.13954],[8.5513,55.13769],[8.552,55.13591],[8.55202,55.13431],[8.5546,55.13075],[8.55514,55.12666],[8.55497,55.12523],[8.55599,55.12365],[8.55807,55.12306],[8.55919,55.12235],[8.55819,55.11934],[8.55605,55.11595],[8.55524,55.11369],[8.55565,55.11103],[8.55532,55.10973],[8.55422,55.10814],[8.55247,55.10662],[8.55269,55.10609],[8.55107,55.10399],[8.55149,55.10288],[8.55083,55.10127],[8.55734,55.09789],[8.5607,55.09214],[8.56265,55.09029],[8.56404,55.09018],[8.56428,55.08994],[8.56414,55.08964],[8.56571,55.08906],[8.56725,55.08926],[8.5684,55.0885],[8.56708,55.08884],[8.56475,55.08832],[8.56538,55.08703],[8.56773,55.08703],[8.56709,55.08618],[8.56777,55.08534],[8.56901,55.08535],[8.56913,55.08607],[8.56926,55.08607],[8.56925,55.08616],[8.57169,55.08569],[8.57169,55.08564],[8.56939,55.08507],[8.56548,55.08503],[8.56344,55.0846],[8.5573,55.07815],[8.5471,55.07482],[8.54072,55.07405],[8.52491,55.07624],[8.53272,55.07294],[8.52966,55.07053],[8.52806,55.07051],[8.53162,55.06873],[8.53256,55.06791],[8.53668,55.06492],[8.53245,55.0636],[8.52621,55.06204],[8.51971,55.0618],[8.51692,55.06236],[8.51927,55.06076],[8.50815,55.05832],[8.50552,55.05837],[8.50284,55.05879],[8.49817,55.06193],[8.49284,55.06693],[8.49026,55.07083],[8.48028,55.07815],[8.47562,55.08428],[8.47018,55.08825],[8.46693,55.09114],[8.46627,55.09139],[8.46465,55.09071],[8.46459,55.09031],[8.46379,55.09031],[8.46339,55.09108],[8.46351,55.09398],[8.46289,55.09505],[8.46175,55.09876],[8.46246,55.10021],[8.46334,55.1006],[8.47384,55.10007],[8.47638,55.09861],[8.48379,55.09585],[8.48432,55.09621],[8.47692,55.10018],[8.47478,55.10115],[8.47505,55.10207],[8.46378,55.10216],[8.4641,55.10522],[8.47013,55.12074],[8.47607,55.14352],[8.47685,55.15101],[8.47779,55.15599],[8.47764,55.15945],[8.4769,55.16192],[8.47725,55.1648],[8.48195,55.16105],[8.4847,55.16061],[8.4879,55.16066],[8.48396,55.16223],[8.47734,55.1663],[8.47693,55.16792],[8.47712,55.17113],[8.4792,55.17798],[8.48046,55.1798],[8.48309,55.18321],[8.48435,55.18433],[8.48675,55.18544],[8.49275,55.18432],[8.49695,55.18163],[8.49966,55.18328],[8.49664,55.18361],[8.49595,55.18436],[8.49596,55.18467],[8.49936,55.18574],[8.48876,55.18701],[8.48745,55.1883],[8.48806,55.19024],[8.48949,55.1933],[8.49158,55.19438],[8.49348,55.19632],[8.49379,55.19885],[8.49304,55.19967],[8.49365,55.2016],[8.49599,55.20409],[8.49965,55.20636],[8.50304,55.20711],[8.50433,55.2076],[8.50681,55.20798],[8.50782,55.20755],[8.50524,55.20642],[8.50647,55.2061],[8.51187,55.20696],[8.51687,55.2075],[8.52136,55.20933],[8.52273,55.20955],[8.52538,55.20956],[8.5264,55.20889],[8.52632,55.20842],[8.52287,55.20657],[8.52027,55.20361],[8.51835,55.20127],[8.51743,55.19776],[8.52084,55.20154],[8.52453,55.20202],[8.52408,55.20112],[8.53495,55.20194],[8.54302,55.20118],[8.53455,55.19712],[8.54721,55.20036],[8.55182,55.20186],[8.55517,55.20181],[8.55791,55.20139],[8.56922,55.19965],[8.57349,55.19893],[8.57568,55.19792],[8.57631,55.19707],[8.5768,55.19658],[8.56704,55.19546],[8.57309,55.19545],[8.5801,55.19379],[8.5846,55.19234],[8.5875,55.19184],[8.59116,55.19022],[8.59207,55.18874],[8.59283,55.18697],[8.5922,55.18531],[8.58584,55.17954],[8.57878,55.1756],[8.5751,55.17429],[8.57448,55.17399],[8.57325,55.17324],[8.57247,55.17242],[8.57208,55.17215],[8.56951,55.16703],[8.56887,55.16438],[8.57196,55.16413],[8.57135,55.16237],[8.57365,55.16206],[8.57241,55.15858],[8.57089,55.15875],[8.56967,55.15521],[8.56813,55.1554],[8.56751,55.15363],[8.61026,55.14878],[8.61589,55.14869],[8.62185,55.14912],[8.62272,55.14846],[8.6253,55.1476],[8.6302,55.14799],[8.63021,55.14799],[8.66418,55.15089],[8.66369,55.15117],[8.66238,55.1522],[8.66358,55.15351],[8.66463,55.1541],[8.6667,55.15391],[8.66689,55.15535],[8.67117,55.15596],[8.67102,55.15752],[8.67516,55.15787],[8.67855,55.15794],[8.6805,55.15647],[8.68209,55.15429],[8.6837,55.15391],[8.68751,55.15422],[8.68767,55.15545],[8.68713,55.15586],[8.68534,55.15676],[8.68536,55.15715],[8.6858,55.15748],[8.68655,55.15773],[8.68742,55.15887],[8.68742,55.15887],[8.68783,55.15941],[8.69049,55.15959],[8.68927,55.16118],[8.68776,55.16198],[8.68539,55.16182],[8.68447,55.16269],[8.68404,55.16393],[8.68416,55.16672],[8.68263,55.1693],[8.68308,55.17],[8.6836,55.1721],[8.68154,55.17411],[8.68071,55.17551],[8.68,55.17775],[8.6797,55.18294],[8.67855,55.187],[8.67456,55.189],[8.6726,55.19611]]]}},{"type":"Feature","properties":{"name":"Tønder"},"geometry":{"type":"Polygon","coordinates":[[[8.4845,55.06407],[8.4832,55.06426],[8.48163,55.06476],[8.47805,55.06645],[8.47728,55.06701],[8.4759,55.0682],[8.4742,55.06878],[8.47323,55.06886],[8.47137,55.0696],[8.46933,55.0708],[8.46924,55.07101],[8.46948,55.07128],[8.47079,55.07176],[8.47169,55.07142],[8.4718,55.07121],[8.47179,55.06985],[8.47393,55.07019],[8.47456,55.07021],[8.47677,55.0699],[8.47748,55.06959],[8.479,55.06827],[8.4788,55.06788],[8.47885,55.06773],[8.48062,55.06764],[8.48188,55.06733],[8.48687,55.0659],[8.48587,55.06467],[8.48541,55.06433],[8.4845,55.06407]]]}},{"type":"Feature","properties":{"name":"Albertslund"},"geometry":{"type":"Polygon","coordinates":[[[12.35234,55.70461],[12.35634,55.70822],[12.37088,55.7027],[12.38745,55.69731],[12.39628,55.68565],[12.39438,55.6749],[12.38502,55.67712],[12.38068,55.67102],[12.37448,55.67189],[12.36781,55.66833],[12.37164,55.66384],[12.37124,55.66015],[12.36343,55.65857],[12.36499,55.65621],[12.35274,55.65486],[12.3542,55.64925],[12.34704,55.64771],[12.34134,55.64196],[12.33732,55.64526],[12.33949,55.64683],[12.32894,55.65082],[12.322,55.65971],[12.31551,55.67274],[12.32158,55.67952],[12.311,55.69369],[12.32723,55.7002],[12.33512,55.70029],[12.34189,55.70975],[12.35234,55.70461]]]}},{"type":"Feature","properties":{"name":"Helsingør"},"geometry":{"type":"Polygon","coordinates":[[[12.40448,56.05795],[12.40316,56.064],[12.40789,56.06605],[12.41181,56.06451],[12.40963,56.07701],[12.41564,56.08127],[12.41702,56.09658],[12.41704,56.09657],[12.42103,56.0951],[12.42432,56.09429],[12.43495,56.09321],[12.44464,56.09299],[12.45645,56.0948],[12.45796,56.09463],[12.45692,56.0943],[12.45673,56.0934],[12.45727,56.09337],[12.45729,56.09345],[12.45786,56.09349],[12.45797,56.09415],[12.45881,56.09441],[12.46017,56.09356],[12.46126,56.09334],[12.46211,56.09333],[12.46521,56.09298],[12.47607,56.09372],[12.48222,56.09319],[12.48731,56.09175],[12.49441,56.09159],[12.49823,56.09136],[12.50035,56.09095],[12.50661,56.08876],[12.51065,56.08796],[12.51067,56.08795],[12.51946,56.08584],[12.52864,56.08301],[12.53979,56.07984],[12.54659,56.07651],[12.54729,56.07636],[12.54755,56.07607],[12.54934,56.0747],[12.55492,56.07196],[12.55967,56.06977],[12.56067,56.06855],[12.56355,56.0667],[12.56693,56.0648],[12.56928,56.063],[12.56928,56.063],[12.57075,56.06187],[12.57502,56.05974],[12.57889,56.05753],[12.58853,56.05341],[12.595,56.05081],[12.59674,56.04965],[12.59974,56.0478],[12.60471,56.04548],[12.60619,56.04392],[12.61294,56.04327],[12.6105,56.04216],[12.61133,56.04178],[12.6138,56.04147],[12.6144,56.04143],[12.61468,56.04161],[12.61573,56.04229],[12.61632,56.04284],[12.61684,56.04208],[12.6173,56.04112],[12.61742,56.04107],[12.61757,56.0411],[12.62062,56.04094],[12.62324,56.04006],[12.62419,56.03926],[12.62406,56.03835],[12.61941,56.03492],[12.61935,56.036],[12.61942,56.03707],[12.61924,56.03773],[12.6183,56.03761],[12.61796,56.03642],[12.61605,56.03776],[12.61578,56.03795],[12.61564,56.03819],[12.61552,56.03813],[12.61545,56.03818],[12.6147,56.03759],[12.61642,56.03601],[12.61605,56.03486],[12.61584,56.0343],[12.61546,56.03381],[12.61569,56.03336],[12.61562,56.03314],[12.61582,56.03311],[12.6161,56.0326],[12.6158,56.03215],[12.61429,56.03181],[12.61225,56.03076],[12.60924,56.02894],[12.60793,56.02772],[12.60508,56.02283],[12.60197,56.01904],[12.60196,56.01903],[12.59938,56.01539],[12.59698,56.01294],[12.59697,56.01294],[12.59519,56.01137],[12.58956,56.00904],[12.58883,56.00844],[12.58585,56.00757],[12.57988,56.00519],[12.57608,56.00309],[12.56412,55.99543],[12.56178,55.99318],[12.56252,55.99213],[12.56016,55.9906],[12.55434,55.98531],[12.5538,55.98417],[12.55163,55.9803],[12.54863,55.97699],[12.54863,55.97698],[12.54453,55.97953],[12.53444,55.97998],[12.52222,55.97578],[12.51929,55.97707],[12.52325,55.98229],[12.52023,55.98627],[12.51162,55.98701],[12.50813,55.98416],[12.50225,55.98413],[12.4906,55.9886],[12.47991,55.98229],[12.47029,55.99294],[12.47437,56.00589],[12.44248,56.00423],[12.42937,55.99865],[12.41067,56.01104],[12.38962,56.0143],[12.38861,56.01886],[12.39985,56.02662],[12.39488,56.03229],[12.40448,56.05795]]]}},{"type":"Feature","properties":{"name":"Samsø"},"geometry":{"type":"Polygon","coordinates":[[[10.76741,55.94407],[10.76715,55.9437],[10.76379,55.94271],[10.75935,55.94299],[10.75404,55.94386],[10.75051,55.94617],[10.75,55.9465],[10.74636,55.94784],[10.76084,55.94793],[10.76185,55.94785],[10.76386,55.94768],[10.76584,55.94658],[10.76765,55.9444],[10.76741,55.94407]]]}},{"type":"Feature","properties":{"name":"Samsø"},"geometry":{"type":"Polygon","coordinates":[[[10.65344,55.88384],[10.65178,55.88409],[10.65059,55.8842],[10.64977,55.88457],[10.64934,55.88494],[10.6489,55.88537],[10.64883,55.88571],[10.64921,55.88664],[10.64962,55.88707],[10.65099,55.88718],[10.65188,55.88701],[10.65328,55.88688],[10.65494,55.88656],[10.65531,55.88585],[10.65531,55.88424],[10.65514,55.88405],[10.65493,55.88398],[10.65411,55.88395],[10.65344,55.88384]]]}},{"type":"Feature","properties":{"name":"Samsø"},"geometry":{"type":"Polygon","coordinates":[[[10.66563,55.88403],[10.66558,55.88404],[10.66549,55.88406],[10.66464,55.8852],[10.66365,55.88559],[10.66408,55.8864],[10.66619,55.88663],[10.66668,55.88617],[10.6681,55.88572],[10.66747,55.8849],[10.66781,55.88419],[10.66563,55.88403]]]}},{"type":"Feature","properties":{"name":"Samsø"},"geometry":{"type":"Polygon","coordinates":[[[10.70462,55.92976],[10.70991,55.9325],[10.71257,55.93275],[10.71143,55.93192],[10.70707,55.93069],[10.70462,55.92976]]]}},{"type":"Feature","properties":{"name":"Samsø"},"geometry":{"type":"Polygon","coordinates":[[[10.64433,55.89223],[10.64668,55.8907],[10.64691,55.88984],[10.64521,55.88924],[10.64478,55.88861],[10.64001,55.88929],[10.63949,55.89013],[10.63858,55.89059],[10.63578,55.88979],[10.63345,55.89073],[10.63188,55.89333],[10.63173,55.89425],[10.63061,55.89474],[10.63099,55.89527],[10.62986,55.89573],[10.62889,55.89673],[10.62893,55.89697],[10.62913,55.89816],[10.63104,55.89883],[10.63103,55.89969],[10.63195,55.89862],[10.63295,55.89814],[10.63277,55.89732],[10.63177,55.89678],[10.63281,55.8948],[10.63717,55.89519],[10.63733,55.89548],[10.63744,55.89549],[10.63836,55.89446],[10.63957,55.8943],[10.64046,55.89345],[10.64125,55.89403],[10.64237,55.89407],[10.64259,55.89342],[10.64419,55.89282],[10.64433,55.89223]]]}},{"type":"Feature","properties":{"name":"Samsø"},"geometry":{"type":"Polygon","coordinates":[[[10.68268,55.88899],[10.68235,55.88913],[10.68313,55.88988],[10.68785,55.89401],[10.68812,55.89436],[10.68766,55.89661],[10.68833,55.902],[10.68792,55.90248],[10.68656,55.90254],[10.68545,55.90322],[10.68159,55.90886],[10.68034,55.90934],[10.67887,55.90883],[10.6786,55.90893],[10.67799,55.9097],[10.67795,55.90982],[10.67863,55.90993],[10.67894,55.91006],[10.67937,55.91057],[10.68072,55.91015],[10.67784,55.91325],[10.67796,55.91528],[10.67735,55.91623],[10.67718,55.9175],[10.67432,55.91736],[10.67417,55.91743],[10.67404,55.91812],[10.67419,55.91835],[10.67709,55.91877],[10.67706,55.9192],[10.67698,55.91925],[10.67265,55.91915],[10.67187,55.91947],[10.67339,55.92019],[10.67359,55.92037],[10.67472,55.9222],[10.67456,55.92447],[10.6753,55.92485],[10.67551,55.92483],[10.67582,55.92468],[10.67616,55.9237],[10.6779,55.92234],[10.67752,55.91958],[10.67782,55.91657],[10.68049,55.91154],[10.68159,55.90976],[10.68209,55.90899],[10.6835,55.90802],[10.68498,55.90552],[10.68551,55.90517],[10.68699,55.9051],[10.68837,55.90412],[10.68925,55.90267],[10.68863,55.89651],[10.68878,55.89432],[10.68268,55.88899]]]}},{"type":"Feature","properties":{"name":"Samsø"},"geometry":{"type":"Polygon","coordinates":[[[10.64393,55.90074],[10.64474,55.90009],[10.64748,55.90098],[10.6479,55.90191],[10.64847,55.90059],[10.64797,55.8997],[10.65013,55.90018],[10.6516,55.90009],[10.65187,55.90071],[10.65144,55.90109],[10.65116,55.90112],[10.64912,55.90232],[10.65039,55.90274],[10.65049,55.90361],[10.64987,55.90389],[10.65028,55.90435],[10.6501,55.90437],[10.65023,55.90463],[10.65071,55.90501],[10.65294,55.90492],[10.65421,55.90454],[10.65491,55.90381],[10.65716,55.90451],[10.65874,55.90437],[10.65643,55.90344],[10.65472,55.90127],[10.65103,55.89917],[10.65112,55.8986],[10.6508,55.89857],[10.64855,55.89835],[10.6476,55.89733],[10.64647,55.89636],[10.64477,55.89694],[10.64459,55.89701],[10.64305,55.89716],[10.64188,55.89757],[10.64289,55.89803],[10.6424,55.89878],[10.64223,55.89958],[10.64222,55.8996],[10.64319,55.90008],[10.64298,55.90063],[10.64297,55.90067],[10.64333,55.90069],[10.64393,55.90074]]]}},{"type":"Feature","properties":{"name":"Samsø"},"geometry":{"type":"Polygon","coordinates":[[[10.61878,55.90041],[10.61861,55.90055],[10.61851,55.90089],[10.61688,55.90167],[10.61612,55.90262],[10.61642,55.90344],[10.61935,55.90418],[10.61938,55.90369],[10.62026,55.90307],[10.62309,55.90332],[10.62373,55.90271],[10.62383,55.90262],[10.62206,55.90185],[10.61878,55.90041]]]}},{"type":"Feature","properties":{"name":"Samsø"},"geometry":{"type":"Polygon","coordinates":[[[10.61781,55.90531],[10.61638,55.90585],[10.61525,55.90646],[10.61545,55.90739],[10.61605,55.90822],[10.61952,55.90748],[10.61928,55.90707],[10.61851,55.90696],[10.6182,55.90684],[10.61805,55.90634],[10.61779,55.90596],[10.61781,55.90531]]]}},{"type":"Feature","properties":{"name":"Samsø"},"geometry":{"type":"Polygon","coordinates":[[[10.58361,55.86887],[10.58986,55.87593],[10.59344,55.88163],[10.59361,55.88267],[10.59485,55.88643],[10.59563,55.89529],[10.5999,55.9022],[10.60055,55.90676],[10.60055,55.90677],[10.59953,55.91147],[10.59826,55.91359],[10.59661,55.91636],[10.59475,55.91842],[10.59456,55.91881],[10.59405,55.91921],[10.59267,55.92074],[10.59163,55.92189],[10.58491,55.92694],[10.57884,55.93039],[10.57182,55.93365],[10.56719,55.93479],[10.55698,55.93818],[10.55457,55.93825],[10.55242,55.9379],[10.55157,55.93662],[10.54995,55.93741],[10.54682,55.93824],[10.54133,55.93765],[10.53768,55.93636],[10.53602,55.93656],[10.53518,55.93797],[10.53245,55.94063],[10.52918,55.9429],[10.52933,55.94454],[10.5272,55.94802],[10.52775,55.94897],[10.52766,55.9503],[10.5257,55.95296],[10.52226,55.96209],[10.52124,55.96507],[10.52103,55.96953],[10.52022,55.973],[10.52083,55.97538],[10.52231,55.97806],[10.52244,55.97924],[10.52863,55.98259],[10.54041,55.99138],[10.54566,55.99487],[10.55017,55.99739],[10.55662,56.00016],[10.56208,56.00274],[10.56353,56.00284],[10.56383,56.00251],[10.56292,55.99934],[10.56373,55.98801],[10.56449,55.98512],[10.5651,55.98106],[10.57164,55.96058],[10.57787,55.95109],[10.58101,55.94752],[10.58134,55.94702],[10.58249,55.94581],[10.59679,55.93403],[10.60028,55.93169],[10.60558,55.92901],[10.61218,55.92654],[10.61906,55.92492],[10.62386,55.92454],[10.62805,55.92466],[10.63001,55.92459],[10.63042,55.92455],[10.63151,55.92444],[10.63596,55.92268],[10.64072,55.92129],[10.65214,55.91653],[10.65255,55.9146],[10.65041,55.91563],[10.64725,55.91627],[10.64534,55.91607],[10.64368,55.91559],[10.64215,55.91571],[10.64128,55.91602],[10.64085,55.91776],[10.64073,55.91774],[10.64071,55.91783],[10.63909,55.9174],[10.63869,55.91663],[10.63912,55.91521],[10.63959,55.91493],[10.63962,55.91478],[10.63982,55.91478],[10.64071,55.91423],[10.64246,55.91487],[10.64257,55.91491],[10.64183,55.91345],[10.6431,55.91241],[10.64416,55.91094],[10.64388,55.9107],[10.63993,55.91199],[10.6403,55.91381],[10.63849,55.91529],[10.63829,55.91554],[10.63822,55.9155],[10.63802,55.91566],[10.63675,55.91537],[10.63568,55.91367],[10.63479,55.91461],[10.63503,55.91689],[10.63184,55.91892],[10.6305,55.91878],[10.62877,55.91859],[10.62866,55.91783],[10.62701,55.91719],[10.62645,55.91601],[10.6294,55.91494],[10.6302,55.91422],[10.62971,55.91316],[10.62741,55.91185],[10.62593,55.91082],[10.62382,55.9116],[10.62309,55.91382],[10.62297,55.9138],[10.62289,55.91388],[10.62012,55.9135],[10.61787,55.91309],[10.61774,55.91306],[10.61732,55.91274],[10.61802,55.91225],[10.61932,55.91221],[10.61927,55.91187],[10.61927,55.91183],[10.61704,55.91164],[10.61421,55.91212],[10.61375,55.91198],[10.61369,55.9119],[10.61214,55.91126],[10.6108,55.90785],[10.60979,55.90774],[10.60984,55.90765],[10.60986,55.90761],[10.61094,55.90574],[10.61197,55.90524],[10.61252,55.9043],[10.61209,55.90344],[10.6119,55.90245],[10.61466,55.90108],[10.61552,55.90051],[10.61557,55.89668],[10.6178,55.89358],[10.61791,55.89188],[10.61962,55.89084],[10.62138,55.89073],[10.62167,55.89111],[10.62123,55.89173],[10.61993,55.89273],[10.62105,55.89321],[10.6216,55.89293],[10.62132,55.89246],[10.6226,55.892],[10.62259,55.89056],[10.62384,55.89075],[10.62856,55.89041],[10.63038,55.88961],[10.63093,55.88893],[10.62976,55.88896],[10.62894,55.88845],[10.62696,55.88812],[10.6261,55.8881],[10.6261,55.88809],[10.62571,55.88524],[10.62835,55.88412],[10.63226,55.87985],[10.63265,55.87814],[10.63297,55.87802],[10.63602,55.87688],[10.63994,55.87624],[10.6401,55.87745],[10.64107,55.87806],[10.64125,55.87794],[10.64382,55.87607],[10.64435,55.87432],[10.64843,55.87623],[10.65294,55.8782],[10.65666,55.87733],[10.65958,55.8783],[10.66173,55.87858],[10.66203,55.87867],[10.66255,55.87903],[10.66722,55.88165],[10.66767,55.88253],[10.66936,55.88221],[10.67385,55.88418],[10.67522,55.88436],[10.67777,55.88372],[10.6782,55.88411],[10.67809,55.88503],[10.6816,55.88855],[10.68219,55.88838],[10.67901,55.88443],[10.67719,55.8797],[10.67685,55.8744],[10.67725,55.87354],[10.67942,55.872],[10.67959,55.87107],[10.67903,55.87053],[10.6777,55.86887],[10.6747,55.86641],[10.6726,55.86586],[10.67063,55.86585],[10.66571,55.86325],[10.66245,55.86212],[10.65981,55.86038],[10.65927,55.8601],[10.65841,55.85946],[10.65597,55.85661],[10.6549,55.85484],[10.64999,55.85075],[10.64981,55.85054],[10.64632,55.84632],[10.6447,55.8436],[10.64372,55.84053],[10.6415,55.8377],[10.64048,55.83519],[10.63883,55.83196],[10.638,55.82783],[10.638,55.82781],[10.63723,55.82194],[10.63771,55.81858],[10.63808,55.81807],[10.63809,55.81786],[10.6387,55.81726],[10.63907,55.81677],[10.63907,55.8163],[10.63907,55.816],[10.63867,55.81569],[10.63911,55.81525],[10.63931,55.81527],[10.63959,55.81507],[10.63972,55.81445],[10.63993,55.81421],[10.64052,55.81269],[10.64356,55.81026],[10.64399,55.80979],[10.64359,55.80715],[10.64396,55.80326],[10.64297,55.79719],[10.63972,55.79168],[10.63811,55.79049],[10.63689,55.78893],[10.63539,55.784],[10.62926,55.78003],[10.62615,55.77687],[10.626,55.77656],[10.62345,55.77139],[10.62211,55.76565],[10.62139,55.76492],[10.62115,55.76468],[10.61981,55.76438],[10.61622,55.76453],[10.5961,55.76691],[10.59286,55.76713],[10.59169,55.76742],[10.58866,55.76853],[10.58418,55.76961],[10.58036,55.77011],[10.57497,55.77023],[10.57139,55.76965],[10.56497,55.76998],[10.55996,55.76991],[10.55794,55.76889],[10.55413,55.76967],[10.55222,55.76921],[10.5517,55.76918],[10.5507,55.76928],[10.5468,55.77145],[10.54025,55.77735],[10.53755,55.77812],[10.53834,55.77909],[10.5375,55.78103],[10.52989,55.79051],[10.52898,55.7943],[10.52821,55.79481],[10.52823,55.79492],[10.52865,55.79651],[10.5288,55.79658],[10.53053,55.79636],[10.53058,55.79684],[10.52883,55.80271],[10.52919,55.80365],[10.52861,55.80649],[10.52892,55.80814],[10.52777,55.81068],[10.52798,55.81273],[10.52636,55.81656],[10.52655,55.81885],[10.52654,55.81887],[10.52651,55.81903],[10.5255,55.82355],[10.52649,55.8288],[10.52628,55.83164],[10.52729,55.83415],[10.5275,55.83697],[10.52844,55.83955],[10.52844,55.83956],[10.5291,55.84316],[10.52832,55.84579],[10.52988,55.85174],[10.53073,55.85253],[10.53237,55.85406],[10.53611,55.85616],[10.54332,55.85962],[10.54485,55.8607],[10.54541,55.86102],[10.54553,55.86117],[10.54738,55.86249],[10.54869,55.86386],[10.55386,55.86424],[10.5627,55.86503],[10.56766,55.86486],[10.56952,55.86449],[10.57221,55.8647],[10.5727,55.86468],[10.5768,55.86522],[10.57871,55.86591],[10.58361,55.86887]]]}},{"type":"Feature","properties":{"name":"Samsø"},"geometry":{"type":"Polygon","coordinates":[[[10.67594,55.93177],[10.67474,55.93087],[10.67402,55.92969],[10.67383,55.92959],[10.67347,55.92962],[10.67332,55.92968],[10.67281,55.93025],[10.6711,55.93104],[10.6706,55.93135],[10.6703,55.93144],[10.66986,55.93156],[10.66906,55.93158],[10.66853,55.93148],[10.66822,55.93136],[10.668,55.93118],[10.66834,55.93085],[10.66737,55.9307],[10.66721,55.93107],[10.66675,55.93146],[10.66763,55.93259],[10.66761,55.93359],[10.66848,55.93405],[10.67237,55.93443],[10.67479,55.93366],[10.67573,55.93289],[10.67574,55.9328],[10.67594,55.93177]]]}},{"type":"Feature","properties":{"name":"Samsø"},"geometry":{"type":"Polygon","coordinates":[[[10.68654,55.92608],[10.68373,55.9262],[10.6919,55.92782],[10.69787,55.92854],[10.69974,55.92877],[10.70325,55.92932],[10.69756,55.92737],[10.6938,55.92619],[10.69304,55.92604],[10.6894,55.92619],[10.68654,55.92608]]]}},{"type":"Feature","properties":{"name":"Randers"},"geometry":{"type":"Polygon","coordinates":[[[10.2367,56.70983],[10.23788,56.70849],[10.23839,56.70831],[10.23975,56.70786],[10.23985,56.70739],[10.23973,56.70723],[10.23926,56.70696],[10.23763,56.70638],[10.23492,56.70598],[10.23399,56.70584],[10.23289,56.70568],[10.2327,56.70565],[10.22993,56.70524],[10.22797,56.70569],[10.22731,56.70601],[10.2261,56.70739],[10.23119,56.70992],[10.23564,56.71018],[10.23658,56.70987],[10.2367,56.70983]]]}},{"type":"Feature","properties":{"name":"Randers"},"geometry":{"type":"Polygon","coordinates":[[[10.32391,56.6119],[10.32313,56.61201],[10.32199,56.61239],[10.32059,56.61347],[10.32066,56.61403],[10.32132,56.61433],[10.32369,56.61453],[10.32575,56.61471],[10.32676,56.61468],[10.32963,56.61472],[10.33099,56.61447],[10.33074,56.6139],[10.32995,56.6136],[10.32811,56.61337],[10.32688,56.61267],[10.32517,56.61213],[10.32391,56.6119]]]}},{"type":"Feature","properties":{"name":"Randers"},"geometry":{"type":"Polygon","coordinates":[[[10.11774,56.46049],[10.11532,56.46146],[10.11298,56.46221],[10.11264,56.46267],[10.11248,56.46325],[10.11229,56.46337],[10.11286,56.46357],[10.11316,56.46378],[10.11425,56.46369],[10.11532,56.46336],[10.11635,56.46295],[10.11708,56.46245],[10.11774,56.46101],[10.11774,56.46049]]]}},{"type":"Feature","properties":{"name":"Randers"},"geometry":{"type":"Polygon","coordinates":[[[10.21437,56.47398],[10.21403,56.47407],[10.21342,56.47424],[10.21414,56.47508],[10.21553,56.47673],[10.21698,56.4769],[10.21782,56.47675],[10.21777,56.47566],[10.21614,56.47436],[10.21437,56.47398]]]}},{"type":"Feature","properties":{"name":"Randers"},"geometry":{"type":"Polygon","coordinates":[[[9.83284,56.55044],[9.84588,56.55547],[9.87945,56.5557],[9.87721,56.56571],[9.88848,56.57423],[9.90002,56.57183],[9.90391,56.57361],[9.91124,56.57601],[9.94891,56.58112],[9.95938,56.59669],[9.98005,56.59185],[10.01146,56.59767],[10.04204,56.60167],[10.07912,56.61495],[10.08306,56.61657],[10.08746,56.61911],[10.11375,56.62472],[10.12462,56.63666],[10.11876,56.64089],[10.12331,56.64635],[10.13511,56.64862],[10.14104,56.64598],[10.15871,56.65209],[10.15696,56.66156],[10.15758,56.6609],[10.16122,56.66101],[10.16119,56.6614],[10.16365,56.6615],[10.1635,56.66361],[10.16266,56.66358],[10.1627,56.66304],[10.1614,56.66298],[10.16117,56.66465],[10.16662,56.66509],[10.16636,56.67104],[10.19679,56.67853],[10.19421,56.68448],[10.19425,56.68446],[10.19678,56.68338],[10.1985,56.68422],[10.19953,56.68371],[10.20345,56.68261],[10.20503,56.68194],[10.20833,56.68301],[10.21319,56.68495],[10.22021,56.68753],[10.22506,56.68918],[10.22852,56.69068],[10.23435,56.69217],[10.23843,56.69409],[10.24476,56.69586],[10.25163,56.6982],[10.26284,56.69879],[10.26569,56.69852],[10.26679,56.69841],[10.26757,56.69808],[10.26939,56.6968],[10.27184,56.69604],[10.27451,56.69571],[10.27493,56.69518],[10.27558,56.69467],[10.2777,56.69479],[10.28421,56.69338],[10.29632,56.6958],[10.30164,56.69687],[10.30954,56.70105],[10.32542,56.70118],[10.33848,56.70146],[10.3487,56.69587],[10.35059,56.6951],[10.35204,56.69385],[10.35297,56.69281],[10.35305,56.69144],[10.35902,56.67403],[10.36305,56.6617],[10.3613,56.66102],[10.36123,56.66099],[10.36065,56.66133],[10.35208,56.66112],[10.35199,56.66105],[10.35199,56.66104],[10.35154,56.66061],[10.35106,56.65996],[10.35097,56.65899],[10.34982,56.65804],[10.35168,56.65674],[10.35432,56.65406],[10.35386,56.65299],[10.35122,56.65477],[10.35498,56.65065],[10.35868,56.64835],[10.35927,56.64728],[10.3602,56.64558],[10.35954,56.64408],[10.35921,56.64266],[10.35949,56.64079],[10.35908,56.63895],[10.35837,56.63725],[10.35648,56.63507],[10.35439,56.63372],[10.35468,56.63499],[10.35376,56.63468],[10.3527,56.63347],[10.3531,56.63267],[10.35161,56.63126],[10.35009,56.62921],[10.34757,56.62769],[10.34773,56.62738],[10.34754,56.62718],[10.34631,56.62649],[10.3434,56.6231],[10.34061,56.62196],[10.33552,56.62055],[10.33593,56.62004],[10.32851,56.61968],[10.32745,56.61909],[10.32273,56.61828],[10.31818,56.61671],[10.3161,56.61522],[10.30738,56.61267],[10.30601,56.61178],[10.30757,56.61107],[10.30726,56.6106],[10.30498,56.61058],[10.30372,56.61106],[10.2998,56.60981],[10.30062,56.60956],[10.29807,56.60922],[10.29268,56.60656],[10.28929,56.60433],[10.28881,56.6038],[10.28732,56.60168],[10.28625,56.60093],[10.28508,56.60126],[10.28407,56.60062],[10.28404,56.6006],[10.28379,56.60046],[10.2849,56.60003],[10.28489,56.59974],[10.28311,56.59905],[10.28249,56.59792],[10.28313,56.59782],[10.28287,56.59721],[10.28203,56.59643],[10.2786,56.59465],[10.27827,56.59412],[10.27574,56.59204],[10.27715,56.59132],[10.27986,56.59242],[10.27892,56.59324],[10.28052,56.59371],[10.28256,56.59303],[10.28299,56.59222],[10.28239,56.59138],[10.28051,56.59057],[10.27703,56.58968],[10.27354,56.58994],[10.2727,56.58962],[10.27269,56.58962],[10.26869,56.58806],[10.26526,56.58819],[10.26454,56.58822],[10.26009,56.58504],[10.25831,56.58416],[10.25548,56.58355],[10.25443,56.58286],[10.25401,56.58255],[10.25362,56.58104],[10.25416,56.58069],[10.25123,56.57865],[10.2427,56.58017],[10.24491,56.5785],[10.24641,56.57807],[10.24601,56.57742],[10.24449,56.57685],[10.2443,56.57598],[10.24333,56.5755],[10.24332,56.57513],[10.2438,56.57411],[10.24294,56.57364],[10.24358,56.57222],[10.24252,56.57079],[10.24338,56.56882],[10.24257,56.56836],[10.24123,56.56876],[10.24064,56.56851],[10.24051,56.56808],[10.24028,56.5673],[10.24131,56.56716],[10.24173,56.56695],[10.24146,56.56634],[10.23911,56.56445],[10.23894,56.56371],[10.2365,56.56119],[10.23554,56.55871],[10.23401,56.55733],[10.23279,56.55638],[10.23113,56.55528],[10.23017,56.55495],[10.22943,56.55469],[10.22751,56.55462],[10.22382,56.55523],[10.22207,56.55551],[10.22135,56.55563],[10.22095,56.55507],[10.21962,56.5532],[10.21859,56.552],[10.21902,56.55058],[10.21881,56.54999],[10.2166,56.54657],[10.21842,56.5466],[10.21864,56.5462],[10.21839,56.54527],[10.21703,56.54483],[10.21528,56.54391],[10.21506,56.54315],[10.21491,56.54305],[10.21502,56.54299],[10.21498,56.5429],[10.2169,56.54177],[10.21781,56.54087],[10.21792,56.5405],[10.21693,56.53967],[10.21745,56.53712],[10.21692,56.53647],[10.21694,56.53498],[10.21694,56.53496],[10.21698,56.53426],[10.21789,56.53367],[10.21861,56.5329],[10.21858,56.53224],[10.21831,56.53159],[10.21871,56.52971],[10.21939,56.52928],[10.21984,56.52752],[10.22062,56.52657],[10.22025,56.52572],[10.22237,56.52582],[10.22301,56.5246],[10.2229,56.52397],[10.22278,56.52392],[10.22422,56.5207],[10.22343,56.52049],[10.22342,56.52049],[10.2246,56.51877],[10.22391,56.51623],[10.22405,56.5145],[10.22498,56.51397],[10.22533,56.51314],[10.22504,56.51131],[10.22384,56.50751],[10.22449,56.50692],[10.22634,56.50624],[10.22765,56.50357],[10.22684,56.50154],[10.21952,56.48877],[10.21314,56.47652],[10.21084,56.4746],[10.20815,56.47329],[10.20739,56.47306],[10.20247,56.47227],[10.19928,56.47224],[10.19349,56.47277],[10.18311,56.47218],[10.17458,56.46964],[10.17026,56.469],[10.16775,56.4677],[10.16316,56.46635],[10.1526,56.46423],[10.14057,56.46047],[10.13617,56.45871],[10.13213,56.45778],[10.12825,56.45782],[10.12686,56.45783],[10.12347,56.45852],[10.11864,56.46014],[10.1182,56.46202],[10.11707,56.4636],[10.11708,56.46411],[10.11668,56.4664],[10.11658,56.4664],[10.11467,56.46657],[10.11458,56.46568],[10.11271,56.46608],[10.10012,56.4665],[10.09961,56.46657],[10.09848,56.46702],[10.0976,56.46719],[10.09415,56.46701],[10.09344,56.46728],[10.09129,56.46734],[10.08864,56.46731],[10.08825,56.46777],[10.09486,56.4681],[10.09351,56.46838],[10.08777,56.4682],[10.0877,56.46819],[10.0828,56.46783],[10.08303,56.46731],[10.08332,56.4667],[10.08161,56.46735],[10.07914,56.46706],[10.07868,56.46697],[10.07716,56.46665],[10.07594,56.46606],[10.07462,56.46619],[10.07399,56.46574],[10.07594,56.46418],[10.07401,56.46418],[10.07339,56.46413],[10.06285,56.46316],[10.05838,56.46257],[10.05789,56.46244],[10.0571,56.46247],[10.05613,56.46252],[10.05508,56.46217],[10.05493,56.46227],[10.05423,56.46274],[10.05056,56.46185],[10.05067,56.46125],[10.04349,56.45921],[10.04185,56.45863],[10.04172,56.45848],[10.04219,56.458],[10.05008,56.46036],[10.05057,56.45991],[10.05582,56.46138],[10.05849,56.46178],[10.05999,56.46194],[10.06054,56.46209],[10.06084,56.46167],[10.06071,56.46162],[10.04758,56.45764],[10.03963,56.45689],[10.03972,56.4568],[10.03919,56.45674],[10.03752,56.45628],[10.03376,56.4559],[10.01812,56.45766],[10.01812,56.45766],[10.01383,56.45801],[10.01383,56.45801],[10.00826,56.45785],[10.0051,56.45813],[10.00231,56.45745],[9.99859,56.45803],[9.9948,56.45779],[9.99207,56.45619],[9.9897,56.45586],[9.98632,56.45479],[9.98519,56.45371],[9.9843,56.45211],[9.98213,56.45091],[9.97951,56.44803],[9.97285,56.44667],[9.97216,56.44622],[9.97232,56.44595],[9.97248,56.44594],[9.97481,56.44652],[9.97806,56.44681],[9.97942,56.44719],[9.98099,56.44818],[9.98321,56.4505],[9.98415,56.45071],[9.98751,56.45443],[9.98751,56.45443],[9.98869,56.45483],[9.99141,56.4552],[9.99173,56.45525],[9.99258,56.45554],[9.99502,56.45697],[9.9959,56.45713],[9.9982,56.45727],[9.99824,56.45725],[9.9985,56.4571],[9.99915,56.45666],[9.99945,56.4563],[10.00001,56.45595],[10.0002,56.4559],[10.00151,56.45556],[10.00212,56.45602],[10.00451,56.45619],[10.00508,56.45635],[10.00508,56.45635],[10.00674,56.4571],[10.01422,56.4571],[10.01798,56.45679],[10.02347,56.45577],[10.02632,56.45557],[10.02919,56.45489],[10.0301,56.45545],[10.03117,56.45563],[10.0341,56.4553],[10.03403,56.45455],[10.03231,56.45444],[10.03316,56.45417],[10.03537,56.4544],[10.03528,56.45518],[10.03561,56.45519],[10.03561,56.45519],[10.03749,56.45528],[10.04072,56.45648],[10.04251,56.45657],[10.04478,56.45669],[10.04616,56.45607],[10.04705,56.45657],[10.05282,56.45844],[10.06076,56.46101],[10.06379,56.46193],[10.06746,56.4627],[10.07476,56.46312],[10.07479,56.46312],[10.07855,56.46365],[10.08963,56.46459],[10.09106,56.46458],[10.09214,56.4643],[10.09813,56.46378],[10.09976,56.46347],[10.10105,56.46304],[10.10246,56.46321],[10.10842,56.46208],[10.11175,56.46115],[10.11041,56.46033],[10.10789,56.46098],[10.10675,56.46107],[10.10565,56.46064],[10.10726,56.45953],[10.10911,56.45906],[10.11232,56.46099],[10.11612,56.45971],[10.12658,56.45656],[10.1295,56.45614],[10.13197,56.45635],[10.13198,56.45635],[10.13798,56.45787],[10.14078,56.45937],[10.14555,56.46046],[10.154,56.4635],[10.15864,56.4645],[10.1609,56.46459],[10.16885,56.46724],[10.17574,56.469],[10.1777,56.46925],[10.17831,56.46951],[10.17832,56.46951],[10.18222,56.47106],[10.18716,56.47181],[10.19286,56.47203],[10.19867,56.47119],[10.20112,56.4713],[10.20607,56.47188],[10.20744,56.47192],[10.21095,56.47261],[10.21426,56.47297],[10.21551,56.47301],[10.21904,56.47473],[10.21952,56.47491],[10.22232,56.47473],[10.22456,56.47377],[10.22643,56.4734],[10.2278,56.4734],[10.22912,56.47284],[10.23329,56.4715],[10.24206,56.46924],[10.24323,56.46917],[10.24396,56.46926],[10.24769,56.4682],[10.24978,56.46792],[10.25109,56.46793],[10.25657,56.46734],[10.25869,56.46739],[10.26276,56.4678],[10.26386,56.46823],[10.26682,56.46832],[10.27116,56.46868],[10.27117,56.46869],[10.26442,56.43101],[10.28805,56.42337],[10.28975,56.42328],[10.29939,56.42397],[10.29989,56.4214],[10.29782,56.42161],[10.29642,56.42115],[10.29664,56.41977],[10.29314,56.41753],[10.28847,56.4156],[10.28736,56.41532],[10.27284,56.41388],[10.27126,56.40939],[10.26551,56.40855],[10.26246,56.40464],[10.25611,56.40348],[10.25058,56.40211],[10.24922,56.40516],[10.24698,56.40553],[10.24186,56.40398],[10.23906,56.40743],[10.22373,56.40216],[10.21491,56.39928],[10.21321,56.39426],[10.21029,56.39654],[10.20596,56.39668],[10.20608,56.39486],[10.19626,56.39112],[10.15842,56.39163],[10.14599,56.39037],[10.14091,56.39282],[10.13,56.38146],[10.13063,56.37444],[10.10623,56.38013],[10.10568,56.37541],[10.09508,56.3711],[10.07008,56.38336],[10.04487,56.38119],[10.03974,56.39102],[10.03564,56.3895],[10.02791,56.39054],[10.02531,56.38731],[10.00387,56.38863],[9.98416,56.38241],[9.96822,56.37077],[9.95637,56.37219],[9.95137,56.36988],[9.93868,56.38046],[9.9379,56.3891],[9.90829,56.39386],[9.909,56.38319],[9.89316,56.38135],[9.87932,56.37941],[9.86745,56.3856],[9.84709,56.38802],[9.83665,56.39502],[9.8184,56.39623],[9.80353,56.39317],[9.80419,56.40353],[9.79793,56.41351],[9.80787,56.41981],[9.82509,56.41753],[9.82285,56.41325],[9.82835,56.41108],[9.83776,56.41462],[9.84223,56.41581],[9.84237,56.42515],[9.84982,56.43332],[9.84416,56.44745],[9.82651,56.4497],[9.81792,56.44552],[9.78804,56.44378],[9.7762,56.4497],[9.78634,56.46027],[9.78469,56.48042],[9.7837,56.48039],[9.78874,56.49393],[9.78702,56.51461],[9.78557,56.51888],[9.78813,56.52263],[9.79064,56.53291],[9.7806,56.54613],[9.79582,56.56161],[9.81141,56.56101],[9.83284,56.55044]]]}},{"type":"Feature","properties":{"name":"Randers"},"geometry":{"type":"Polygon","coordinates":[[[10.00138,56.456],[10.00053,56.4561],[9.99947,56.45713],[9.99954,56.45719],[10.00004,56.45716],[10.0004,56.45705],[10.00145,56.45696],[10.00273,56.45697],[10.00337,56.45707],[10.00402,56.45729],[10.00591,56.45749],[10.00662,56.4574],[10.00662,56.45733],[10.00464,56.45662],[10.00419,56.45647],[10.0019,56.45625],[10.00138,56.456]]]}},{"type":"Feature","properties":{"name":"Randers"},"geometry":{"type":"Polygon","coordinates":[[[10.02157,56.45645],[10.02096,56.45649],[10.02067,56.45665],[10.02012,56.45666],[10.01933,56.45678],[10.0191,56.45686],[10.01896,56.45699],[10.01927,56.45713],[10.01931,56.45714],[10.01955,56.45716],[10.02144,56.45693],[10.02292,56.45661],[10.02412,56.45625],[10.02519,56.45624],[10.02582,56.45611],[10.02578,56.45604],[10.02568,56.45598],[10.02516,56.45597],[10.02274,56.45646],[10.02203,56.45655],[10.02157,56.45645]]]}},{"type":"Feature","properties":{"name":"Randers"},"geometry":{"type":"Polygon","coordinates":[[[10.02939,56.45512],[10.02874,56.45519],[10.02769,56.45538],[10.02597,56.45583],[10.02594,56.45592],[10.02709,56.45598],[10.02824,56.45574],[10.02848,56.45567],[10.02804,56.45563],[10.02856,56.4555],[10.02949,56.45538],[10.02939,56.45512]]]}},{"type":"Feature","properties":{"name":"Randers"},"geometry":{"type":"Polygon","coordinates":[[[10.03022,56.45575],[10.02963,56.45575],[10.02658,56.45625],[10.02652,56.45628],[10.02639,56.45634],[10.02689,56.45642],[10.02864,56.45628],[10.0301,56.45603],[10.03047,56.45592],[10.0305,56.45584],[10.03042,56.45581],[10.03022,56.45575]]]}},{"type":"Feature","properties":{"name":"Copenhagen"},"geometry":{"type":"Polygon","coordinates":[[[12.66678,55.72122],[12.66706,55.72117],[12.66792,55.7205],[12.66754,55.71965],[12.66654,55.71938],[12.6637,55.72054],[12.66389,55.72097],[12.66426,55.72115],[12.66548,55.72148],[12.66678,55.72122]]]}},{"type":"Feature","properties":{"name":"Copenhagen"},"geometry":{"type":"Polygon","coordinates":[[[12.50941,55.61309],[12.50578,55.61332],[12.5055,55.61372],[12.50595,55.6147],[12.50632,55.61505],[12.51119,55.61483],[12.50941,55.61309]]]}},{"type":"Feature","properties":{"name":"Copenhagen"},"geometry":{"type":"Polygon","coordinates":[[[12.7291,55.70326],[12.72891,55.70329],[12.72882,55.70336],[12.72873,55.70393],[12.72893,55.70405],[12.73097,55.70421],[12.73122,55.7042],[12.73377,55.70348],[12.73394,55.70334],[12.7339,55.7032],[12.73335,55.70276],[12.73094,55.70337],[12.7291,55.70326]]]}},{"type":"Feature","properties":{"name":"Copenhagen"},"geometry":{"type":"Polygon","coordinates":[[[12.55346,55.64214],[12.55397,55.64283],[12.55458,55.64366],[12.55484,55.64388],[12.56253,55.65361],[12.5682,55.66119],[12.57979,55.66997],[12.58355,55.67233],[12.58738,55.67419],[12.5874,55.67427],[12.58793,55.67453],[12.58794,55.67453],[12.59623,55.67808],[12.59671,55.67855],[12.59903,55.68084],[12.60162,55.68403],[12.60816,55.68266],[12.60664,55.67808],[12.60724,55.67767],[12.60896,55.6787],[12.60987,55.68119],[12.60978,55.68381],[12.6046,55.68403],[12.60577,55.68551],[12.6058,55.68637],[12.60568,55.68774],[12.60556,55.68913],[12.60731,55.68943],[12.60834,55.6872],[12.60897,55.68745],[12.61021,55.68793],[12.61037,55.69037],[12.60674,55.69104],[12.60816,55.69715],[12.60819,55.6973],[12.61131,55.6976],[12.61974,55.69803],[12.62491,55.69748],[12.62514,55.69445],[12.62836,55.69414],[12.62697,55.69329],[12.62525,55.69223],[12.62407,55.69044],[12.62165,55.69001],[12.61353,55.68858],[12.61364,55.68713],[12.61812,55.68677],[12.61987,55.68739],[12.62642,55.68971],[12.62821,55.68894],[12.62879,55.68901],[12.63288,55.69052],[12.63593,55.68776],[12.63324,55.68679],[12.62488,55.68378],[12.62139,55.68142],[12.62084,55.68105],[12.62326,55.67824],[12.62841,55.67225],[12.63087,55.67098],[12.6335,55.6719],[12.6335,55.67201],[12.6305,55.674],[12.62496,55.68048],[12.62734,55.68211],[12.63555,55.68501],[12.63916,55.68041],[12.63539,55.67967],[12.63538,55.67958],[12.63427,55.67933],[12.63271,55.67582],[12.63948,55.67649],[12.64075,55.67894],[12.64479,55.67929],[12.64891,55.67559],[12.64652,55.6745],[12.64487,55.672],[12.64188,55.6715],[12.64143,55.671],[12.64083,55.67035],[12.63892,55.66825],[12.63687,55.66962],[12.63686,55.67038],[12.63516,55.67055],[12.63402,55.67151],[12.63065,55.67068],[12.6308,55.67057],[12.6308,55.67057],[12.63216,55.66962],[12.63155,55.6694],[12.6316,55.66857],[12.63442,55.66529],[12.63144,55.66459],[12.63226,55.66465],[12.63238,55.66405],[12.63274,55.66365],[12.63504,55.66431],[12.63546,55.66335],[12.63527,55.66116],[12.64067,55.65354],[12.642,55.65116],[12.64202,55.65115],[12.6466,55.64804],[12.64655,55.64802],[12.64863,55.64777],[12.64793,55.64632],[12.62597,55.64379],[12.62729,55.64141],[12.61944,55.63934],[12.61739,55.64046],[12.60837,55.63919],[12.60034,55.63808],[12.59232,55.63797],[12.58967,55.62206],[12.57184,55.61575],[12.51322,55.6138],[12.51331,55.61387],[12.51528,55.61549],[12.5191,55.61851],[12.5349,55.63098],[12.55163,55.63997],[12.5517,55.64004],[12.55204,55.64037],[12.55241,55.64058],[12.55241,55.64073],[12.55346,55.64214]]]}},{"type":"Feature","properties":{"name":"Copenhagen"},"geometry":{"type":"Polygon","coordinates":[[[12.6486,55.64829],[12.64724,55.64851],[12.6431,55.65153],[12.64572,55.65293],[12.64689,55.65398],[12.64651,55.65505],[12.64523,55.65614],[12.6423,55.65783],[12.64043,55.65788],[12.64021,55.65945],[12.63717,55.6629],[12.63887,55.66463],[12.64189,55.66047],[12.64592,55.6573],[12.65053,55.65466],[12.64874,55.6532],[12.648,55.6518],[12.64789,55.65139],[12.64889,55.64856],[12.6486,55.64829]]]}},{"type":"Feature","properties":{"name":"Copenhagen"},"geometry":{"type":"Polygon","coordinates":[[[12.47841,55.66388],[12.47822,55.66552],[12.47855,55.67204],[12.47452,55.67256],[12.47415,55.67293],[12.46717,55.68583],[12.46611,55.68968],[12.466,55.69372],[12.46348,55.69628],[12.4641,55.70102],[12.46368,55.7029],[12.45678,55.70442],[12.45496,55.70623],[12.45304,55.71225],[12.45782,55.71446],[12.45864,55.71682],[12.46621,55.71887],[12.4708,55.71887],[12.47287,55.71887],[12.4775,55.7221],[12.48432,55.72477],[12.48674,55.72456],[12.48814,55.72451],[12.49932,55.72096],[12.50435,55.71985],[12.51348,55.71987],[12.5138,55.72077],[12.51829,55.72674],[12.52148,55.72783],[12.52559,55.72682],[12.53526,55.72711],[12.53902,55.72628],[12.54193,55.72373],[12.54938,55.72395],[12.55559,55.72293],[12.56136,55.72274],[12.56164,55.72508],[12.56364,55.73153],[12.56607,55.73129],[12.56819,55.73008],[12.57652,55.72895],[12.57774,55.72223],[12.58313,55.72184],[12.58342,55.71971],[12.5839,55.71753],[12.58402,55.71715],[12.58439,55.716],[12.58445,55.71581],[12.58687,55.71434],[12.58835,55.71238],[12.59008,55.71059],[12.59172,55.71006],[12.59271,55.71037],[12.59065,55.71274],[12.59571,55.71967],[12.59912,55.71912],[12.60093,55.71876],[12.60097,55.71883],[12.60397,55.71835],[12.60477,55.71961],[12.60028,55.72053],[12.60077,55.72177],[12.60101,55.7224],[12.60148,55.72402],[12.60226,55.7254],[12.60241,55.72566],[12.60371,55.72518],[12.6043,55.72485],[12.60475,55.72479],[12.61098,55.72242],[12.62319,55.71777],[12.62286,55.71629],[12.61874,55.71681],[12.61786,55.71543],[12.61988,55.71488],[12.62178,55.71437],[12.61733,55.71232],[12.61585,55.71176],[12.61164,55.70966],[12.61045,55.70969],[12.60474,55.71084],[12.59627,55.71254],[12.59511,55.71139],[12.60327,55.70976],[12.60426,55.70904],[12.60533,55.70811],[12.59552,55.7101],[12.59503,55.70926],[12.59493,55.70908],[12.60227,55.70722],[12.60334,55.70605],[12.59903,55.70695],[12.59196,55.70611],[12.59261,55.70446],[12.59563,55.70477],[12.59865,55.70507],[12.59895,55.70431],[12.59761,55.70339],[12.59434,55.70305],[12.59469,55.70096],[12.59497,55.69588],[12.59755,55.69566],[12.59885,55.69575],[12.5993,55.69843],[12.59967,55.70278],[12.60127,55.70391],[12.60051,55.69555],[12.6001,55.69475],[12.59945,55.69351],[12.59886,55.69188],[12.59914,55.69132],[12.59927,55.69124],[12.59961,55.69111],[12.60069,55.69091],[12.59938,55.68827],[12.5938,55.68122],[12.59399,55.6791],[12.59399,55.6791],[12.59398,55.67905],[12.59135,55.67738],[12.58046,55.67227],[12.58045,55.67227],[12.5795,55.67173],[12.5777,55.67071],[12.57713,55.67039],[12.5763,55.66991],[12.57637,55.66988],[12.57493,55.66902],[12.57308,55.66791],[12.57307,55.6679],[12.57167,55.66716],[12.56259,55.6633],[12.56272,55.66321],[12.56414,55.66221],[12.56381,55.66018],[12.56113,55.66054],[12.55812,55.6593],[12.55833,55.65884],[12.56307,55.65914],[12.55861,55.65311],[12.54933,55.65533],[12.54876,55.65465],[12.55233,55.65372],[12.55863,55.65165],[12.55322,55.6476],[12.55253,55.64754],[12.54685,55.64959],[12.54803,55.65067],[12.5472,55.65145],[12.54522,55.65161],[12.54331,55.64992],[12.54445,55.64585],[12.54491,55.64569],[12.54559,55.64563],[12.54653,55.64642],[12.54708,55.64677],[12.54709,55.64698],[12.54783,55.64771],[12.55313,55.64626],[12.54959,55.64281],[12.54918,55.64241],[12.54867,55.64191],[12.54758,55.64128],[12.54339,55.64293],[12.54143,55.64306],[12.54128,55.64297],[12.5409,55.64264],[12.54153,55.6405],[12.54434,55.6405],[12.546,55.63931],[12.5407,55.63653],[12.53333,55.63283],[12.53144,55.63188],[12.53125,55.6319],[12.53124,55.63535],[12.53257,55.63634],[12.53163,55.64127],[12.5308,55.64278],[12.53162,55.63798],[12.5226,55.63702],[12.51996,55.63732],[12.5092,55.63447],[12.50722,55.63581],[12.50653,55.63595],[12.50651,55.63591],[12.50067,55.64153],[12.5003,55.6417],[12.49431,55.64541],[12.49048,55.64647],[12.48605,55.652],[12.48516,55.65252],[12.47785,55.65703],[12.47841,55.66388]],[[12.4933,55.6726],[12.49545,55.67233],[12.49614,55.67009],[12.49653,55.66892],[12.50494,55.66921],[12.50699,55.66964],[12.51101,55.66962],[12.51416,55.6688],[12.52331,55.6665],[12.53038,55.66775],[12.54753,55.67306],[12.54995,55.6727],[12.5499,55.67443],[12.55512,55.67353],[12.55732,55.68169],[12.5537,55.68161],[12.55527,55.68385],[12.55462,55.6844],[12.55315,55.68488],[12.54678,55.68528],[12.54122,55.68769],[12.53804,55.69055],[12.53682,55.69078],[12.53476,55.69444],[12.53828,55.69767],[12.53576,55.69746],[12.53215,55.69713],[12.53225,55.69667],[12.53063,55.69672],[12.52973,55.69584],[12.52781,55.69561],[12.52297,55.69447],[12.51662,55.69067],[12.50641,55.68857],[12.49888,55.68607],[12.49801,55.68549],[12.49827,55.68533],[12.49396,55.68306],[12.4915,55.67924],[12.4933,55.6726]]]}},{"type":"Feature","properties":{"name":"Copenhagen"},"geometry":{"type":"Polygon","coordinates":[[[12.61526,55.70314],[12.61473,55.70205],[12.61383,55.70149],[12.61151,55.70373],[12.6127,55.70392],[12.61472,55.7037],[12.61528,55.70318],[12.61526,55.70314]]]}},{"type":"Feature","properties":{"name":"Herlev"},"geometry":{"type":"Polygon","coordinates":[[[12.41438,55.726],[12.40719,55.72927],[12.40776,55.73201],[12.40935,55.73538],[12.4053,55.73832],[12.40037,55.73769],[12.39344,55.7511],[12.39429,55.7583],[12.39511,55.75986],[12.40757,55.75264],[12.41618,55.75299],[12.43535,55.7523],[12.4401,55.75177],[12.44635,55.74983],[12.44543,55.74045],[12.44817,55.73736],[12.45123,55.73125],[12.45333,55.72343],[12.45864,55.71682],[12.45782,55.71446],[12.45304,55.71225],[12.45242,55.71498],[12.43534,55.7131],[12.42865,55.70759],[12.42482,55.70868],[12.42605,55.71719],[12.41438,55.726]]]}},{"type":"Feature","properties":{"name":"Lolland"},"geometry":{"type":"Polygon","coordinates":[[[11.36859,55.03294],[11.36791,55.03245],[11.3669,55.03219],[11.36646,55.03214],[11.36138,55.03022],[11.35859,55.03013],[11.3566,55.02954],[11.35438,55.02844],[11.35197,55.02663],[11.34953,55.02556],[11.3472,55.02286],[11.34656,55.02274],[11.34404,55.02349],[11.34352,55.02561],[11.34301,55.0284],[11.343,55.02904],[11.34549,55.03095],[11.35183,55.03383],[11.35678,55.03654],[11.36462,55.03926],[11.36821,55.0399],[11.36854,55.03988],[11.37067,55.03954],[11.37378,55.03949],[11.37492,55.03851],[11.37553,55.03628],[11.37619,55.03564],[11.37524,55.03594],[11.37458,55.03528],[11.37467,55.03524],[11.37454,55.03513],[11.37446,55.03516],[11.37381,55.0345],[11.3723,55.03359],[11.36859,55.03294]]]}},{"type":"Feature","properties":{"name":"Lolland"},"geometry":{"type":"Polygon","coordinates":[[[11.59483,54.6474],[11.59504,54.64736],[11.59654,54.64754],[11.599,54.64619],[11.60068,54.64585],[11.60304,54.64441],[11.60148,54.64398],[11.60135,54.64391],[11.60121,54.64347],[11.59776,54.64591],[11.59594,54.64661],[11.59447,54.64681],[11.59205,54.64834],[11.59356,54.64766],[11.59399,54.64757],[11.59483,54.6474]]]}},{"type":"Feature","properties":{"name":"Lolland"},"geometry":{"type":"Polygon","coordinates":[[[11.08556,54.82483],[11.08512,54.82495],[11.08501,54.82518],[11.08487,54.8255],[11.08562,54.82594],[11.08907,54.8279],[11.08913,54.8279],[11.09201,54.82784],[11.09448,54.82836],[11.09347,54.82774],[11.09266,54.82655],[11.09106,54.826],[11.08755,54.82569],[11.08686,54.82524],[11.08556,54.82483]]]}},{"type":"Feature","properties":{"name":"Lolland"},"geometry":{"type":"Polygon","coordinates":[[[11.29351,54.96954],[11.29332,54.96956],[11.29143,54.96982],[11.29028,54.97031],[11.29003,54.97295],[11.28885,54.97387],[11.29101,54.97433],[11.29173,54.97427],[11.29071,54.97359],[11.2911,54.97319],[11.29336,54.97357],[11.29817,54.97303],[11.29822,54.97186],[11.29525,54.97025],[11.29102,54.97034],[11.29317,54.9699],[11.29486,54.96994],[11.29454,54.9696],[11.29351,54.96954]]]}},{"type":"Feature","properties":{"name":"Lolland"},"geometry":{"type":"Polygon","coordinates":[[[11.51001,54.62194],[11.50542,54.62262],[11.50263,54.62349],[11.5026,54.62355],[11.50283,54.62379],[11.50555,54.62423],[11.50728,54.6251],[11.51153,54.6255],[11.51256,54.62473],[11.51259,54.62385],[11.51283,54.62265],[11.51206,54.62218],[11.51001,54.62194]]]}},{"type":"Feature","properties":{"name":"Lolland"},"geometry":{"type":"Polygon","coordinates":[[[11.01955,54.82858],[11.01948,54.82862],[11.01852,54.82915],[11.01665,54.83161],[11.01418,54.83834],[11.01397,54.84125],[11.01461,54.84688],[11.01633,54.85171],[11.01843,54.85231],[11.01951,54.85169],[11.02028,54.85125],[11.02238,54.84935],[11.02344,54.84689],[11.02328,54.84683],[11.02236,54.84682],[11.02158,54.84664],[11.02065,54.84582],[11.02061,54.84351],[11.02082,54.84247],[11.02133,54.84225],[11.02279,54.84265],[11.0254,54.84219],[11.02575,54.8417],[11.02331,54.84018],[11.02345,54.83952],[11.02231,54.8389],[11.02051,54.8366],[11.01891,54.83013],[11.01904,54.83006],[11.01924,54.82952],[11.01988,54.82954],[11.02086,54.82894],[11.01955,54.82858]]]}},{"type":"Feature","properties":{"name":"Lolland"},"geometry":{"type":"Polygon","coordinates":[[[11.05636,54.85402],[11.05656,54.85395],[11.05857,54.854],[11.05879,54.854],[11.06003,54.85269],[11.05909,54.85152],[11.05729,54.84931],[11.05484,54.84805],[11.05292,54.8482],[11.04967,54.84867],[11.04999,54.84948],[11.05225,54.85134],[11.05295,54.85227],[11.05331,54.8526],[11.05337,54.85277],[11.05339,54.85283],[11.05321,54.85401],[11.05301,54.85439],[11.05103,54.85676],[11.05196,54.85857],[11.0521,54.85884],[11.05248,54.85911],[11.05278,54.85911],[11.05336,54.85911],[11.05395,54.85708],[11.05474,54.85532],[11.055,54.85417],[11.05636,54.85402]]]}},{"type":"Feature","properties":{"name":"Lolland"},"geometry":{"type":"Polygon","coordinates":[[[11.05918,54.84199],[11.06177,54.84035],[11.06207,54.83922],[11.06143,54.83919],[11.06067,54.83932],[11.05959,54.83909],[11.05908,54.83892],[11.0581,54.83839],[11.05703,54.83782],[11.05689,54.83749],[11.05696,54.83711],[11.05549,54.83787],[11.05502,54.83837],[11.05416,54.8396],[11.0542,54.84061],[11.05437,54.84086],[11.05799,54.84259],[11.05891,54.84266],[11.05894,54.84221],[11.05918,54.84199]]]}},{"type":"Feature","properties":{"name":"Lolland"},"geometry":{"type":"Polygon","coordinates":[[[11.44806,54.88102],[11.44763,54.88107],[11.44492,54.88159],[11.4438,54.88138],[11.44356,54.88156],[11.44358,54.88167],[11.45044,54.88361],[11.45301,54.88363],[11.45319,54.8835],[11.45325,54.88329],[11.45275,54.88249],[11.45039,54.88136],[11.44806,54.88102]]]}},{"type":"Feature","properties":{"name":"Lolland"},"geometry":{"type":"Polygon","coordinates":[[[11.31047,54.96164],[11.30738,54.96214],[11.30483,54.96318],[11.30371,54.96412],[11.3039,54.96628],[11.30393,54.96665],[11.30303,54.96916],[11.302,54.96998],[11.30209,54.97042],[11.30213,54.97063],[11.30889,54.97213],[11.31053,54.97213],[11.31218,54.97172],[11.31253,54.97163],[11.31353,54.97074],[11.31744,54.96861],[11.31852,54.96725],[11.31843,54.96704],[11.31815,54.96637],[11.3171,54.96635],[11.31596,54.96575],[11.31295,54.96287],[11.311,54.9619],[11.31047,54.96164]]]}},{"type":"Feature","properties":{"name":"Lolland"},"geometry":{"type":"Polygon","coordinates":[[[11.2297,54.95846],[11.24517,54.9577],[11.24705,54.95767],[11.2548,54.95753],[11.26412,54.95681],[11.26776,54.95606],[11.27285,54.95293],[11.27528,54.95206],[11.27663,54.95158],[11.27713,54.95132],[11.27743,54.95129],[11.27844,54.95092],[11.28062,54.95067],[11.28164,54.95055],[11.28337,54.95035],[11.2837,54.94908],[11.28426,54.94868],[11.28961,54.9472],[11.29347,54.94556],[11.2992,54.94196],[11.29936,54.94185],[11.30301,54.93936],[11.3117,54.93154],[11.31519,54.92791],[11.31621,54.92576],[11.31876,54.92402],[11.31886,54.92395],[11.31922,54.9237],[11.32004,54.92427],[11.32337,54.9249],[11.32642,54.9248],[11.33346,54.92295],[11.34071,54.92191],[11.34313,54.922],[11.34605,54.92156],[11.34785,54.9207],[11.3498,54.91922],[11.35236,54.91857],[11.35349,54.91802],[11.355,54.91703],[11.35612,54.91687],[11.35984,54.91634],[11.35983,54.91616],[11.35971,54.91617],[11.35976,54.916],[11.35981,54.91582],[11.35746,54.91558],[11.35782,54.91428],[11.35803,54.91389],[11.35852,54.91302],[11.35859,54.91289],[11.35835,54.91225],[11.35835,54.91199],[11.36142,54.90901],[11.36301,54.90657],[11.36311,54.90618],[11.36341,54.90505],[11.363,54.90374],[11.36099,54.90078],[11.36083,54.89943],[11.36149,54.89742],[11.36183,54.89704],[11.36319,54.89549],[11.36446,54.89474],[11.37075,54.89246],[11.37861,54.88565],[11.37901,54.88576],[11.37917,54.88565],[11.37917,54.88565],[11.3794,54.88519],[11.3835,54.88335],[11.39279,54.88142],[11.39646,54.87863],[11.3992,54.87734],[11.40202,54.87698],[11.40828,54.87714],[11.40975,54.87668],[11.41173,54.8755],[11.41373,54.87415],[11.41768,54.8727],[11.42051,54.87079],[11.4255,54.87082],[11.43073,54.8705],[11.43182,54.86935],[11.43201,54.86841],[11.43038,54.86804],[11.42664,54.86547],[11.42647,54.86364],[11.42775,54.86264],[11.43278,54.86098],[11.43408,54.86139],[11.43535,54.86364],[11.43692,54.86399],[11.43835,54.86368],[11.43971,54.8638],[11.44145,54.86479],[11.4464,54.86564],[11.44728,54.86569],[11.45096,54.86483],[11.4577,54.86414],[11.46338,54.86322],[11.46411,54.86284],[11.46507,54.86234],[11.46883,54.85906],[11.46947,54.85737],[11.46834,54.85491],[11.46536,54.85269],[11.4661,54.85162],[11.4659,54.85094],[11.46652,54.84832],[11.46488,54.8465],[11.46403,54.84528],[11.46414,54.84501],[11.46483,54.84325],[11.46517,54.8427],[11.46665,54.84194],[11.4669,54.84102],[11.46723,54.84034],[11.46783,54.8396],[11.47004,54.8391],[11.47018,54.83907],[11.47136,54.83958],[11.47611,54.84136],[11.48091,54.83975],[11.48578,54.83801],[11.48661,54.83785],[11.48752,54.83783],[11.49028,54.83874],[11.4908,54.83837],[11.48729,54.83721],[11.48835,54.8365],[11.48899,54.83654],[11.48962,54.83667],[11.49279,54.83826],[11.4935,54.83767],[11.4901,54.83549],[11.49052,54.83457],[11.49274,54.83245],[11.49304,54.83146],[11.49304,54.83146],[11.49308,54.83135],[11.49391,54.83192],[11.49653,54.83219],[11.49933,54.83199],[11.50138,54.83135],[11.50338,54.83113],[11.50529,54.83112],[11.50576,54.8316],[11.50992,54.8332],[11.51104,54.83324],[11.51175,54.83327],[11.51832,54.83228],[11.52171,54.8312],[11.5261,54.83],[11.53057,54.82997],[11.53202,54.82922],[11.53493,54.82968],[11.53635,54.82956],[11.5422,54.82839],[11.54491,54.82836],[11.54799,54.82893],[11.53668,54.80368],[11.54304,54.80064],[11.54341,54.79188],[11.55146,54.79278],[11.55248,54.79002],[11.555,54.78303],[11.54111,54.77369],[11.54784,54.76169],[11.54372,54.7588],[11.53051,54.75924],[11.53002,54.75699],[11.5406,54.75329],[11.54578,54.75637],[11.56099,54.75597],[11.57875,54.74128],[11.57709,54.72888],[11.57041,54.72438],[11.57428,54.70993],[11.5534,54.67368],[11.56696,54.66983],[11.561,54.65911],[11.56095,54.65908],[11.56005,54.65587],[11.56178,54.65498],[11.56343,54.65458],[11.56611,54.65338],[11.56761,54.65359],[11.56918,54.652],[11.56112,54.65222],[11.55626,54.65288],[11.55102,54.65143],[11.54894,54.64962],[11.5488,54.64925],[11.54885,54.64911],[11.55031,54.64841],[11.55057,54.64793],[11.55007,54.64558],[11.54879,54.64548],[11.54556,54.64283],[11.54459,54.64219],[11.54445,54.64127],[11.54413,54.64033],[11.54341,54.63998],[11.54274,54.63986],[11.53975,54.63974],[11.53678,54.63857],[11.53385,54.63822],[11.53051,54.6381],[11.52582,54.63808],[11.52459,54.63869],[11.522,54.6388],[11.52135,54.63809],[11.52175,54.63759],[11.52149,54.63712],[11.52009,54.63574],[11.51676,54.63533],[11.51539,54.63544],[11.5148,54.636],[11.51597,54.63638],[11.51599,54.63668],[11.51453,54.63681],[11.51242,54.63666],[11.5096,54.63656],[11.497,54.63538],[11.49167,54.63076],[11.48924,54.62953],[11.49034,54.62884],[11.48938,54.62831],[11.48681,54.62833],[11.48652,54.62811],[11.48628,54.62807],[11.48076,54.62405],[11.48075,54.62405],[11.47183,54.6176],[11.46287,54.61246],[11.46125,54.61146],[11.46084,54.61111],[11.46156,54.61018],[11.46159,54.61015],[11.46997,54.60662],[11.47543,54.60453],[11.47843,54.60291],[11.48207,54.60114],[11.48682,54.60165],[11.48873,54.60122],[11.4915,54.59804],[11.49174,54.59802],[11.4918,54.59796],[11.49217,54.598],[11.49571,54.59785],[11.4969,54.59862],[11.49773,54.599],[11.50136,54.59915],[11.50319,54.59782],[11.50781,54.59648],[11.50878,54.59608],[11.5124,54.59434],[11.51279,54.59437],[11.5193,54.5949],[11.52372,54.59557],[11.52648,54.59941],[11.52763,54.59893],[11.5276,54.59653],[11.52692,54.59552],[11.52549,54.59498],[11.51172,54.59376],[11.50521,54.59426],[11.5039,54.59448],[11.49873,54.59538],[11.48646,54.59845],[11.48367,54.59943],[11.47804,54.60188],[11.45998,54.60921],[11.45998,54.60921],[11.45229,54.61242],[11.44746,54.61367],[11.44691,54.61387],[11.43422,54.62062],[11.4305,54.62206],[11.4236,54.6259],[11.41983,54.62738],[11.41427,54.6305],[11.40657,54.63347],[11.40654,54.63348],[11.40193,54.63563],[11.38537,54.64157],[11.36804,54.64593],[11.36042,54.64858],[11.35322,54.65179],[11.35277,54.65199],[11.35144,54.65247],[11.35052,54.65281],[11.3501,54.65323],[11.35082,54.65454],[11.35005,54.65478],[11.34757,54.65374],[11.347,54.65411],[11.34743,54.65436],[11.35122,54.65662],[11.34994,54.65748],[11.34985,54.65749],[11.34746,54.65612],[11.34387,54.65519],[11.33835,54.65958],[11.33484,54.66163],[11.33441,54.66186],[11.32828,54.66372],[11.3238,54.66612],[11.30782,54.67779],[11.30782,54.67779],[11.30338,54.68157],[11.29752,54.6858],[11.28788,54.69016],[11.28787,54.69017],[11.28575,54.69119],[11.28444,54.69142],[11.28372,54.69198],[11.27937,54.69336],[11.26918,54.69932],[11.26325,54.70201],[11.25899,54.70331],[11.25392,54.70543],[11.25138,54.70585],[11.2514,54.70786],[11.25106,54.70809],[11.24871,54.70569],[11.24748,54.70628],[11.24276,54.70762],[11.23818,54.70841],[11.23696,54.70862],[11.23434,54.70868],[11.23068,54.70824],[11.22603,54.70891],[11.20936,54.71556],[11.20186,54.71745],[11.20178,54.71747],[11.19929,54.71818],[11.18687,54.71994],[11.17656,54.72293],[11.17087,54.72419],[11.15876,54.72777],[11.15658,54.72827],[11.15479,54.72876],[11.15113,54.72951],[11.1374,54.73211],[11.13738,54.73211],[11.13409,54.73265],[11.12136,54.73647],[11.11334,54.73812],[11.10996,54.73872],[11.10483,54.73963],[11.09683,54.74029],[11.08923,54.74138],[11.06884,54.74488],[11.06546,54.74546],[11.05328,54.74846],[11.05328,54.74846],[11.04441,54.75097],[11.03807,54.75224],[11.03678,54.75256],[11.02291,54.75742],[11.01322,54.7601],[11.00557,54.76253],[11.00287,54.76415],[10.99946,54.76704],[10.99509,54.77145],[10.992,54.77559],[10.98651,54.78147],[10.98581,54.7822],[10.98002,54.78819],[10.9698,54.79706],[10.96275,54.80414],[10.95848,54.81109],[10.95657,54.81507],[10.95638,54.81562],[10.95518,54.8255],[10.95499,54.8274],[10.95469,54.83044],[10.95482,54.8312],[10.95603,54.83316],[10.95867,54.83548],[10.96151,54.8367],[10.96174,54.83673],[10.96474,54.83715],[10.96678,54.83701],[10.97314,54.83491],[10.97909,54.83152],[10.98322,54.82963],[10.98414,54.82914],[10.98418,54.82886],[10.98262,54.82888],[10.97794,54.83129],[10.976,54.83165],[10.97492,54.83116],[10.97316,54.83244],[10.96848,54.83397],[10.96412,54.83518],[10.96387,54.83516],[10.96384,54.83511],[10.96319,54.83495],[10.96217,54.83416],[10.96172,54.83321],[10.962,54.83259],[10.96195,54.83252],[10.96207,54.83246],[10.96233,54.83189],[10.96237,54.83181],[10.96501,54.83036],[10.96819,54.82883],[10.96874,54.82701],[10.96808,54.82542],[10.96492,54.82633],[10.96213,54.827],[10.96186,54.82692],[10.96165,54.82696],[10.96147,54.8268],[10.96054,54.82651],[10.95895,54.82389],[10.95755,54.82301],[10.95751,54.82291],[10.95773,54.82085],[10.95788,54.81688],[10.9614,54.81017],[10.96266,54.8084],[10.96332,54.80597],[10.96665,54.80296],[10.96653,54.80208],[10.96917,54.7996],[10.97211,54.79684],[10.97285,54.79845],[10.9747,54.79856],[10.97356,54.79675],[10.97341,54.79614],[10.97514,54.7955],[10.97609,54.79649],[10.97744,54.79637],[10.97585,54.79483],[10.97743,54.79266],[10.97896,54.79449],[10.97963,54.79697],[10.98074,54.7977],[10.98577,54.79907],[10.993,54.79715],[10.99353,54.79709],[10.99464,54.79706],[10.99814,54.79766],[11.00452,54.80111],[11.00828,54.8019],[11.01348,54.80768],[11.01326,54.80787],[11.01328,54.80833],[11.0074,54.813],[10.99832,54.8157],[10.98772,54.81986],[10.98492,54.82119],[10.9861,54.82148],[10.99441,54.82049],[11.00086,54.82029],[11.00178,54.81989],[11.00262,54.81894],[11.00782,54.81681],[11.01166,54.81573],[11.0149,54.81497],[11.01639,54.81538],[11.01621,54.81581],[11.01647,54.81583],[11.01837,54.81666],[11.02193,54.81626],[11.02454,54.81524],[11.02683,54.81379],[11.02908,54.81081],[11.02939,54.81061],[11.02967,54.81056],[11.03736,54.81053],[11.03796,54.81231],[11.03872,54.81244],[11.04109,54.81053],[11.04232,54.80796],[11.04287,54.80405],[11.04491,54.79892],[11.04502,54.79892],[11.04505,54.79885],[11.0496,54.79898],[11.05712,54.79909],[11.05832,54.80001],[11.05977,54.7992],[11.0692,54.79932],[11.07024,54.79957],[11.07059,54.79993],[11.07179,54.80117],[11.07279,54.8022],[11.0759,54.80364],[11.0783,54.80432],[11.07878,54.80494],[11.07991,54.80637],[11.07986,54.80656],[11.08002,54.80667],[11.07981,54.80679],[11.07969,54.80725],[11.07741,54.80826],[11.07685,54.80888],[11.07302,54.81029],[11.07224,54.81253],[11.06784,54.8138],[11.06762,54.81414],[11.06731,54.81462],[11.06787,54.82052],[11.06945,54.82203],[11.06957,54.82207],[11.0709,54.82251],[11.07238,54.8222],[11.07239,54.82211],[11.0714,54.82088],[11.07195,54.81927],[11.07346,54.8175],[11.07349,54.81737],[11.07358,54.81735],[11.07371,54.81719],[11.07656,54.81726],[11.07893,54.8169],[11.08109,54.81528],[11.08255,54.81252],[11.08408,54.81149],[11.08473,54.81139],[11.08555,54.81126],[11.093,54.81219],[11.09325,54.81243],[11.09341,54.81246],[11.09371,54.81288],[11.09489,54.81403],[11.09699,54.81886],[11.09935,54.82164],[11.10512,54.824],[11.10912,54.82495],[11.10919,54.82497],[11.11203,54.82461],[11.11302,54.82573],[11.1113,54.82665],[11.10957,54.83083],[11.10968,54.83086],[11.11244,54.83152],[11.11424,54.83084],[11.11757,54.83081],[11.11959,54.83094],[11.12052,54.83055],[11.12221,54.82984],[11.12284,54.82946],[11.12315,54.82945],[11.12365,54.82971],[11.12389,54.82993],[11.1223,54.83096],[11.12386,54.83097],[11.12384,54.83105],[11.12773,54.83126],[11.13027,54.82977],[11.13222,54.82918],[11.13217,54.82913],[11.13643,54.8279],[11.13906,54.82809],[11.13934,54.82841],[11.1375,54.82843],[11.13438,54.82934],[11.13206,54.83],[11.12975,54.8318],[11.12739,54.83223],[11.12518,54.83452],[11.1236,54.83444],[11.1236,54.83433],[11.12272,54.83422],[11.12413,54.83324],[11.12381,54.83308],[11.1236,54.83297],[11.12109,54.83425],[11.11959,54.83421],[11.11879,54.83407],[11.11777,54.83281],[11.11671,54.83224],[11.11587,54.83219],[11.11473,54.83231],[11.11181,54.83262],[11.10945,54.83307],[11.10583,54.83492],[11.10583,54.83492],[11.10572,54.83498],[11.10309,54.8349],[11.09926,54.83427],[11.09473,54.83352],[11.09259,54.83317],[11.0925,54.83307],[11.0929,54.8319],[11.09308,54.83139],[11.09301,54.83106],[11.09049,54.83046],[11.08941,54.8334],[11.08939,54.83347],[11.08758,54.8353],[11.0842,54.83612],[11.0798,54.8354],[11.07846,54.83443],[11.07728,54.83522],[11.07725,54.83523],[11.07725,54.83646],[11.07979,54.83832],[11.08032,54.8392],[11.07869,54.84615],[11.07876,54.84781],[11.07847,54.84792],[11.07846,54.84793],[11.07793,54.84816],[11.07406,54.84826],[11.07063,54.84783],[11.06909,54.84794],[11.0681,54.84988],[11.06922,54.85345],[11.06741,54.85583],[11.06582,54.8569],[11.06321,54.85696],[11.06287,54.85725],[11.05966,54.86007],[11.05892,54.8611],[11.05583,54.86113],[11.05546,54.8616],[11.05519,54.86194],[11.05703,54.86474],[11.06123,54.8682],[11.06106,54.86909],[11.0608,54.86921],[11.06085,54.86928],[11.0606,54.86931],[11.05972,54.86971],[11.05473,54.86977],[11.05344,54.86988],[11.04938,54.86895],[11.04694,54.86734],[11.04534,54.86751],[11.04471,54.86797],[11.04397,54.86924],[11.04428,54.8718],[11.04534,54.87239],[11.04601,54.87328],[11.04577,54.87523],[11.045,54.87573],[11.04146,54.87667],[11.04138,54.87659],[11.04028,54.87646],[11.03883,54.87564],[11.03619,54.87287],[11.03511,54.87104],[11.0335,54.87008],[11.03041,54.8706],[11.02818,54.87154],[11.02823,54.87241],[11.03042,54.87504],[11.02937,54.8753],[11.02911,54.87573],[11.02911,54.87606],[11.02945,54.87627],[11.03156,54.87664],[11.0319,54.87764],[11.03198,54.87787],[11.03222,54.87802],[11.0321,54.87821],[11.0322,54.87849],[11.03193,54.87936],[11.0298,54.88188],[11.02811,54.88213],[11.02678,54.88181],[11.02675,54.88178],[11.02436,54.87941],[11.02449,54.87782],[11.02429,54.87746],[11.02426,54.87744],[11.02405,54.87734],[11.02361,54.87754],[11.02223,54.87891],[11.01858,54.87994],[11.0179,54.88027],[11.01776,54.88041],[11.01909,54.88326],[11.019,54.88457],[11.01567,54.88901],[11.01932,54.89721],[11.0222,54.90196],[11.02335,54.90631],[11.02778,54.91342],[11.03492,54.91824],[11.03817,54.91926],[11.04257,54.91995],[11.05,54.92263],[11.0543,54.92596],[11.0543,54.92596],[11.05769,54.92753],[11.05898,54.92767],[11.06013,54.92822],[11.06672,54.93347],[11.0688,54.93665],[11.07151,54.93895],[11.07362,54.93987],[11.08284,54.94237],[11.08657,54.94242],[11.08747,54.94235],[11.08789,54.94197],[11.08802,54.94053],[11.08966,54.93994],[11.09155,54.93996],[11.09229,54.94059],[11.09526,54.94107],[11.09659,54.94165],[11.09939,54.94174],[11.10414,54.94071],[11.10565,54.94062],[11.1061,54.94091],[11.10648,54.94089],[11.10633,54.94024],[11.10657,54.93997],[11.11174,54.93826],[11.1135,54.9373],[11.11436,54.93749],[11.11491,54.93731],[11.11536,54.93703],[11.11608,54.93608],[11.11884,54.93159],[11.11952,54.93155],[11.11954,54.93155],[11.12001,54.93167],[11.12037,54.93195],[11.12035,54.93218],[11.12089,54.93263],[11.11987,54.93368],[11.11998,54.93587],[11.12041,54.93654],[11.11971,54.93868],[11.11828,54.9405],[11.11598,54.94169],[11.11314,54.94267],[11.11147,54.9437],[11.11096,54.94447],[11.11144,54.94618],[11.11138,54.94631],[11.11079,54.94644],[11.1089,54.94687],[11.10852,54.94736],[11.11147,54.9467],[11.11424,54.94835],[11.11655,54.94927],[11.11725,54.94926],[11.11901,54.94842],[11.12368,54.94712],[11.12544,54.9457],[11.1291,54.9447],[11.13071,54.94533],[11.12985,54.94618],[11.12994,54.94693],[11.13074,54.9473],[11.13104,54.94793],[11.13124,54.94968],[11.13063,54.95031],[11.12993,54.9516],[11.13068,54.95185],[11.13198,54.95229],[11.13387,54.95226],[11.13791,54.95098],[11.13963,54.94957],[11.14295,54.94931],[11.14314,54.94936],[11.1434,54.94935],[11.14372,54.94954],[11.1446,54.94981],[11.14545,54.95061],[11.14545,54.95061],[11.14891,54.9528],[11.15074,54.95351],[11.15553,54.95452],[11.15657,54.95605],[11.1615,54.95678],[11.1616,54.9568],[11.16245,54.95649],[11.16275,54.95569],[11.16388,54.9556],[11.16445,54.956],[11.16482,54.95534],[11.16675,54.95489],[11.16689,54.95495],[11.16833,54.95553],[11.16844,54.95583],[11.16759,54.95607],[11.16856,54.95683],[11.17012,54.95691],[11.17267,54.95899],[11.17551,54.95983],[11.18163,54.9608],[11.18553,54.96078],[11.19099,54.96007],[11.20058,54.96035],[11.20552,54.96013],[11.2136,54.95905],[11.21953,54.9586],[11.22969,54.95846],[11.2297,54.95846]]]}},{"type":"Feature","properties":{"name":"Lolland"},"geometry":{"type":"Polygon","coordinates":[[[11.39637,54.95271],[11.39787,54.95153],[11.39823,54.95075],[11.40129,54.94883],[11.40296,54.94809],[11.40421,54.94773],[11.40618,54.94778],[11.40652,54.94786],[11.40673,54.94782],[11.40692,54.94794],[11.40877,54.94838],[11.41026,54.94941],[11.41048,54.95035],[11.41005,54.9509],[11.41119,54.95301],[11.41045,54.95842],[11.4102,54.95924],[11.41016,54.95984],[11.40991,54.96014],[11.40944,54.96166],[11.408,54.96257],[11.40923,54.96669],[11.4101,54.968],[11.4111,54.96866],[11.41217,54.96865],[11.41251,54.96851],[11.41472,54.96687],[11.4201,54.96475],[11.42562,54.96287],[11.42612,54.96281],[11.42636,54.9627],[11.42663,54.96274],[11.42849,54.96253],[11.43237,54.9631],[11.43755,54.9648],[11.44286,54.96528],[11.44641,54.96513],[11.4504,54.96444],[11.4545,54.96316],[11.45641,54.96224],[11.46043,54.9592],[11.46352,54.95588],[11.46985,54.95171],[11.47111,54.948],[11.4702,54.94659],[11.46991,54.94391],[11.46924,54.94302],[11.46494,54.94418],[11.45853,54.94385],[11.45152,54.94457],[11.45119,54.94456],[11.44946,54.94438],[11.44647,54.94345],[11.44111,54.94361],[11.43445,54.94475],[11.4335,54.94464],[11.43178,54.94278],[11.42766,54.94096],[11.4235,54.93648],[11.41964,54.9353],[11.41303,54.93101],[11.40714,54.92389],[11.40546,54.92243],[11.40351,54.92217],[11.40339,54.92264],[11.40214,54.92326],[11.40054,54.92294],[11.40069,54.92171],[11.40022,54.92228],[11.39883,54.92453],[11.39761,54.92555],[11.39439,54.92685],[11.38845,54.92993],[11.38374,54.93157],[11.37933,54.93377],[11.37471,54.9357],[11.37386,54.93602],[11.37243,54.93531],[11.37205,54.93549],[11.37329,54.93725],[11.37063,54.93975],[11.36882,54.94322],[11.36678,54.94446],[11.36417,54.94859],[11.36352,54.95119],[11.36411,54.9551],[11.36309,54.95764],[11.3619,54.95842],[11.3598,54.95847],[11.3585,54.95803],[11.35911,54.9575],[11.35642,54.95665],[11.35459,54.95761],[11.35254,54.96203],[11.35,54.96464],[11.34963,54.96554],[11.35015,54.96831],[11.35121,54.96842],[11.35329,54.96788],[11.35565,54.96792],[11.35827,54.96842],[11.36618,54.96399],[11.36749,54.96259],[11.36867,54.9598],[11.36854,54.95944],[11.36818,54.95845],[11.3666,54.9575],[11.36492,54.9569],[11.36393,54.95618],[11.364,54.95599],[11.36423,54.95543],[11.36524,54.95546],[11.36596,54.95467],[11.36612,54.95398],[11.36619,54.9528],[11.36537,54.95153],[11.36552,54.95142],[11.36615,54.95097],[11.36829,54.94989],[11.36995,54.94946],[11.37049,54.94932],[11.37291,54.94932],[11.37581,54.94973],[11.37656,54.94979],[11.37941,54.95363],[11.379,54.95495],[11.37738,54.95497],[11.37753,54.95537],[11.37761,54.95559],[11.38061,54.95563],[11.38955,54.95343],[11.39185,54.95344],[11.39637,54.95271]]]}},{"type":"Feature","properties":{"name":"Lolland"},"geometry":{"type":"Polygon","coordinates":[[[11.5114,54.97366],[11.5108,54.9742],[11.50894,54.97435],[11.50656,54.97508],[11.50349,54.97672],[11.49891,54.97852],[11.49812,54.97924],[11.49776,54.98058],[11.49827,54.98302],[11.49953,54.98465],[11.50237,54.98663],[11.50595,54.98834],[11.51394,54.9908],[11.51747,54.99157],[11.51793,54.99167],[11.52031,54.99143],[11.52238,54.99028],[11.52587,54.98931],[11.53041,54.98894],[11.54439,54.98952],[11.5451,54.98912],[11.54925,54.98832],[11.55787,54.98317],[11.55853,54.98228],[11.56695,54.97459],[11.5676,54.97259],[11.56146,54.96737],[11.55213,54.96172],[11.5482,54.95911],[11.54664,54.9576],[11.54542,54.95663],[11.54309,54.95561],[11.54282,54.95539],[11.54115,54.9534],[11.5395,54.94899],[11.53809,54.94676],[11.53741,54.94873],[11.53588,54.95057],[11.52975,54.95467],[11.52833,54.95494],[11.52481,54.9575],[11.52458,54.96108],[11.524,54.96214],[11.52165,54.96591],[11.51999,54.96742],[11.51931,54.9682],[11.51868,54.96937],[11.5163,54.97187],[11.51583,54.97202],[11.51574,54.97198],[11.51524,54.97171],[11.51475,54.97179],[11.51477,54.97188],[11.51525,54.97231],[11.51482,54.97247],[11.5141,54.97274],[11.51314,54.97205],[11.51207,54.97302],[11.51176,54.97351],[11.5114,54.97366]]]}},{"type":"Feature","properties":{"name":"Lolland"},"geometry":{"type":"Polygon","coordinates":[[[11.48214,54.90579],[11.48126,54.90558],[11.47886,54.90699],[11.47718,54.90924],[11.4765,54.90941],[11.47397,54.90971],[11.47243,54.91096],[11.47266,54.91179],[11.47305,54.9132],[11.47384,54.91324],[11.47496,54.9133],[11.48024,54.91218],[11.48187,54.91208],[11.49651,54.9138],[11.50008,54.91403],[11.50545,54.91304],[11.50564,54.91259],[11.5009,54.90964],[11.4986,54.91011],[11.49664,54.91117],[11.49579,54.91236],[11.49494,54.91246],[11.49484,54.91251],[11.49462,54.91249],[11.49377,54.91218],[11.49311,54.91106],[11.48975,54.91052],[11.48752,54.90878],[11.48585,54.90866],[11.48508,54.90813],[11.48519,54.90709],[11.49036,54.90237],[11.49109,54.90258],[11.49207,54.90233],[11.49609,54.90048],[11.49771,54.89948],[11.49872,54.8982],[11.49875,54.89692],[11.50374,54.8945],[11.50532,54.89395],[11.50575,54.89373],[11.50699,54.89338],[11.51137,54.89188],[11.51767,54.8904],[11.5198,54.88802],[11.51922,54.88645],[11.51852,54.88597],[11.5152,54.88654],[11.5123,54.88799],[11.50705,54.88928],[11.49648,54.88696],[11.4945,54.88618],[11.48789,54.88566],[11.48305,54.88587],[11.48364,54.88401],[11.48353,54.88398],[11.47964,54.88581],[11.47833,54.88683],[11.47811,54.88758],[11.47778,54.88868],[11.47607,54.89687],[11.47629,54.89742],[11.47814,54.89668],[11.4803,54.89684],[11.48068,54.89679],[11.48081,54.89688],[11.48114,54.8969],[11.48497,54.89958],[11.489,54.89892],[11.49073,54.90003],[11.49045,54.90104],[11.49018,54.90202],[11.48611,54.90578],[11.48491,54.90709],[11.48465,54.907],[11.48311,54.90679],[11.48123,54.9061],[11.48214,54.90579]]]}},{"type":"Feature","properties":{"name":"Lolland"},"geometry":{"type":"Polygon","coordinates":[[[11.04234,54.92547],[11.04217,54.92553],[11.04203,54.92572],[11.04185,54.92597],[11.04205,54.92648],[11.04328,54.92781],[11.04627,54.92999],[11.05035,54.93175],[11.05132,54.93202],[11.05283,54.93225],[11.05555,54.93241],[11.05594,54.93234],[11.05633,54.93174],[11.05528,54.93174],[11.05226,54.93175],[11.05172,54.93162],[11.04653,54.92902],[11.04531,54.92775],[11.04271,54.92614],[11.04309,54.92561],[11.04304,54.92554],[11.04234,54.92547]]]}},{"type":"Feature","properties":{"name":"Guldborgsund"},"geometry":{"type":"Polygon","coordinates":[[[11.6423,54.9096],[11.64471,54.90936],[11.64708,54.9079],[11.64831,54.9062],[11.64859,54.90615],[11.64858,54.90586],[11.64805,54.90598],[11.64432,54.90888],[11.64319,54.90886],[11.64059,54.90957],[11.64028,54.90957],[11.64001,54.90952],[11.63766,54.90871],[11.63731,54.90808],[11.63571,54.90751],[11.63335,54.90719],[11.63172,54.90498],[11.63122,54.90447],[11.63084,54.90408],[11.631,54.90346],[11.63196,54.90331],[11.63351,54.90384],[11.63385,54.90381],[11.6357,54.90514],[11.63586,54.90502],[11.63552,54.90477],[11.63406,54.90367],[11.63233,54.90299],[11.63105,54.90306],[11.63072,54.90319],[11.63035,54.9035],[11.63083,54.90479],[11.63129,54.90603],[11.63154,54.90635],[11.63281,54.90793],[11.63541,54.90965],[11.6365,54.90998],[11.63899,54.90993],[11.6423,54.9096]]]}},{"type":"Feature","properties":{"name":"Guldborgsund"},"geometry":{"type":"Polygon","coordinates":[[[11.69783,54.94295],[11.69515,54.94318],[11.69509,54.94424],[11.69669,54.94507],[11.69829,54.94477],[11.70022,54.94473],[11.70203,54.94517],[11.7056,54.94355],[11.706,54.94283],[11.7019,54.9438],[11.69783,54.94295]]]}},{"type":"Feature","properties":{"name":"Guldborgsund"},"geometry":{"type":"Polygon","coordinates":[[[11.85944,54.77647],[11.85933,54.77664],[11.85776,54.77763],[11.85284,54.78102],[11.84927,54.78277],[11.8484,54.78356],[11.84839,54.78356],[11.84765,54.78403],[11.84509,54.78479],[11.83943,54.78575],[11.83668,54.7869],[11.83638,54.78729],[11.83485,54.7892],[11.83428,54.79097],[11.83271,54.79255],[11.83177,54.79568],[11.83096,54.79655],[11.83043,54.79672],[11.82949,54.79703],[11.82669,54.79757],[11.82103,54.79794],[11.81713,54.79903],[11.81332,54.79924],[11.8121,54.7989],[11.81057,54.79979],[11.80909,54.80134],[11.80311,54.80332],[11.79636,54.80804],[11.79634,54.80806],[11.79436,54.81015],[11.79463,54.81162],[11.79594,54.81257],[11.80665,54.81713],[11.80666,54.81713],[11.80675,54.8172],[11.80741,54.81773],[11.80723,54.81844],[11.80824,54.82138],[11.80949,54.82251],[11.81409,54.82714],[11.81481,54.82827],[11.81446,54.83086],[11.81458,54.83142],[11.8143,54.83215],[11.81429,54.83216],[11.81428,54.83216],[11.81254,54.83286],[11.80799,54.83339],[11.8071,54.83495],[11.80643,54.83527],[11.80504,54.83537],[11.80062,54.83456],[11.8004,54.83533],[11.80445,54.83647],[11.80625,54.84],[11.80625,54.84001],[11.80634,54.84025],[11.807,54.84206],[11.80667,54.84342],[11.80249,54.84696],[11.79822,54.84727],[11.79724,54.84781],[11.79313,54.84824],[11.79106,54.84876],[11.78954,54.84961],[11.78694,54.8519],[11.78367,54.85371],[11.77375,54.85424],[11.76939,54.85408],[11.76373,54.85605],[11.76222,54.85631],[11.76162,54.85641],[11.75986,54.85623],[11.757,54.85532],[11.75527,54.85535],[11.75487,54.85597],[11.75525,54.85736],[11.75591,54.85835],[11.75811,54.86002],[11.75835,54.86073],[11.75838,54.86082],[11.7572,54.86327],[11.75478,54.86539],[11.75397,54.86716],[11.75378,54.86942],[11.75378,54.86944],[11.75167,54.87027],[11.75073,54.8697],[11.74948,54.87083],[11.75217,54.87279],[11.75524,54.87594],[11.7568,54.87933],[11.75699,54.88077],[11.75688,54.88107],[11.75692,54.8812],[11.75676,54.88136],[11.75631,54.88255],[11.75485,54.88371],[11.74852,54.8855],[11.74698,54.88535],[11.74244,54.8904],[11.74069,54.89353],[11.74057,54.89638],[11.74383,54.90322],[11.74384,54.90322],[11.74393,54.90326],[11.74464,54.90355],[11.74855,54.90727],[11.75191,54.90942],[11.75282,54.91057],[11.75448,54.91136],[11.7549,54.91178],[11.75549,54.91245],[11.75648,54.91446],[11.75626,54.91507],[11.75546,54.91542],[11.75613,54.91627],[11.75614,54.91628],[11.75536,54.91952],[11.75056,54.92346],[11.74871,54.9257],[11.74753,54.92804],[11.74585,54.92911],[11.74527,54.92948],[11.73814,54.92928],[11.7328,54.93002],[11.72916,54.93016],[11.72256,54.92957],[11.71696,54.9303],[11.71181,54.92968],[11.71055,54.92974],[11.7096,54.92979],[11.70733,54.93031],[11.70555,54.93142],[11.70466,54.93221],[11.70482,54.9332],[11.70628,54.93462],[11.71024,54.93555],[11.71151,54.93623],[11.72089,54.94438],[11.72247,54.94434],[11.7261,54.94334],[11.72736,54.94233],[11.72925,54.94145],[11.73179,54.94132],[11.73544,54.94166],[11.73649,54.94204],[11.73659,54.94208],[11.7396,54.94574],[11.74003,54.94672],[11.73951,54.94736],[11.73361,54.94864],[11.73176,54.94847],[11.73064,54.94877],[11.73061,54.94934],[11.73059,54.94967],[11.73235,54.95139],[11.73481,54.95335],[11.73928,54.95821],[11.74292,54.96022],[11.74366,54.96063],[11.74525,54.96094],[11.74781,54.96074],[11.75461,54.96174],[11.76234,54.96126],[11.76824,54.96151],[11.77027,54.96137],[11.77211,54.96077],[11.77393,54.95973],[11.77431,54.95916],[11.77207,54.96025],[11.77066,54.96093],[11.7669,54.96114],[11.76677,54.96063],[11.76813,54.96043],[11.77391,54.95889],[11.77776,54.95644],[11.78319,54.9548],[11.78564,54.95311],[11.7895,54.94975],[11.78966,54.94843],[11.79091,54.94798],[11.79299,54.94624],[11.79464,54.94439],[11.79638,54.94378],[11.79831,54.93944],[11.80092,54.93638],[11.80447,54.93709],[11.80449,54.93709],[11.81,54.93846],[11.81049,54.93846],[11.81089,54.93847],[11.81127,54.93795],[11.81348,54.93793],[11.81387,54.93805],[11.81446,54.93823],[11.81588,54.94179],[11.81922,54.94434],[11.82083,54.94438],[11.82179,54.94385],[11.82249,54.94406],[11.82331,54.94508],[11.824,54.94593],[11.82416,54.94663],[11.82463,54.94779],[11.82569,54.94865],[11.82579,54.9497],[11.82713,54.95186],[11.82784,54.95371],[11.82888,54.9583],[11.82924,54.95917],[11.82911,54.95927],[11.82918,54.95959],[11.82801,54.96138],[11.82796,54.96145],[11.8232,54.96376],[11.82258,54.96423],[11.82225,54.96494],[11.82151,54.96656],[11.82308,54.96754],[11.82445,54.96795],[11.82778,54.96751],[11.83048,54.9666],[11.83277,54.96491],[11.83615,54.96323],[11.83941,54.95959],[11.8428,54.95842],[11.84389,54.95846],[11.84774,54.95745],[11.84848,54.95745],[11.84887,54.95736],[11.85044,54.95743],[11.85216,54.96047],[11.85448,54.95978],[11.85331,54.95846],[11.85386,54.9583],[11.85264,54.95696],[11.85307,54.95674],[11.85361,54.95665],[11.85608,54.95586],[11.86565,54.95161],[11.86719,54.95151],[11.86975,54.95385],[11.87095,54.95348],[11.86755,54.95035],[11.86766,54.94996],[11.87067,54.94821],[11.87089,54.94781],[11.87227,54.9474],[11.87573,54.94554],[11.87628,54.94478],[11.87821,54.94351],[11.87722,54.94362],[11.87581,54.94252],[11.87481,54.94251],[11.87499,54.94192],[11.87399,54.94192],[11.87293,54.94104],[11.87343,54.93937],[11.87387,54.93902],[11.87388,54.93902],[11.87592,54.9386],[11.87593,54.93813],[11.87942,54.93707],[11.87967,54.93649],[11.87881,54.93594],[11.88055,54.93456],[11.88151,54.93397],[11.88181,54.9336],[11.8833,54.93326],[11.88547,54.93212],[11.88887,54.93194],[11.88899,54.93179],[11.8899,54.93064],[11.88914,54.92999],[11.8885,54.92961],[11.88873,54.92884],[11.88765,54.92854],[11.88725,54.92802],[11.8875,54.92742],[11.887,54.92651],[11.887,54.926],[11.88702,54.92591],[11.88816,54.92544],[11.88861,54.92455],[11.88938,54.92245],[11.89005,54.9221],[11.89015,54.92206],[11.89295,54.92171],[11.89318,54.92107],[11.89874,54.91956],[11.89965,54.91898],[11.90163,54.9181],[11.90436,54.91727],[11.90683,54.91732],[11.91135,54.91671],[11.91427,54.91697],[11.91576,54.91681],[11.91672,54.91604],[11.91834,54.9163],[11.91949,54.91731],[11.91966,54.91771],[11.91966,54.91772],[11.91967,54.91772],[11.91968,54.91775],[11.91982,54.91843],[11.9195,54.91955],[11.91785,54.92022],[11.91833,54.92047],[11.91807,54.9209],[11.91854,54.92291],[11.91722,54.92361],[11.91698,54.92463],[11.91797,54.92449],[11.9224,54.92216],[11.92445,54.92452],[11.92467,54.92566],[11.92413,54.92806],[11.92524,54.93409],[11.92509,54.93552],[11.92415,54.93715],[11.92409,54.93921],[11.92565,54.94016],[11.93171,54.93616],[11.93367,54.93581],[11.93898,54.93677],[11.94116,54.93639],[11.95217,54.93967],[11.95765,54.94007],[11.96722,54.93889],[11.97509,54.93678],[11.97982,54.9339],[11.98114,54.93272],[11.98147,54.9316],[11.98049,54.93019],[11.97858,54.92921],[11.97825,54.92903],[11.97891,54.92571],[11.98064,54.92323],[11.97984,54.91885],[11.98097,54.91653],[11.98111,54.91587],[11.98133,54.91581],[11.98205,54.91434],[11.9819,54.91424],[11.9824,54.91362],[11.98333,54.91272],[11.98504,54.91161],[11.98676,54.91032],[11.98774,54.90821],[11.98805,54.90583],[11.987,54.90493],[11.98481,54.90426],[11.98522,54.9043],[11.98649,54.90443],[11.98782,54.90401],[11.98772,54.90358],[11.98888,54.90239],[11.9889,54.90173],[11.98982,54.90118],[11.98973,54.90078],[11.99269,54.89945],[11.99864,54.89724],[11.99911,54.89667],[12.00061,54.896],[12.00374,54.89573],[12.0067,54.89582],[12.01567,54.89396],[12.02405,54.89284],[12.02543,54.89293],[12.02674,54.89254],[12.03028,54.89163],[12.03684,54.89138],[12.0382,54.89152],[12.03893,54.89151],[12.04022,54.89174],[12.04057,54.8924],[12.04316,54.89205],[12.0436,54.8923],[12.04367,54.89198],[12.04485,54.89181],[12.0461,54.89162],[12.04672,54.89228],[12.0466,54.89131],[12.05038,54.89036],[12.05224,54.88917],[12.05468,54.88963],[12.05735,54.88929],[12.05847,54.88854],[12.05859,54.88858],[12.0603,54.88912],[12.06091,54.89033],[12.0624,54.89086],[12.06848,54.89189],[12.07297,54.89328],[12.07805,54.89299],[12.08063,54.89267],[12.08503,54.89149],[12.09113,54.89058],[12.09401,54.8892],[12.09493,54.88857],[12.09545,54.88853],[12.10458,54.8878],[12.10693,54.88823],[12.11751,54.88721],[12.12075,54.88684],[12.12069,54.88161],[12.12147,54.87734],[12.12242,54.87516],[12.12454,54.87108],[12.12749,54.86734],[12.13084,54.86412],[12.13806,54.86026],[12.14096,54.85756],[12.14309,54.85479],[12.14496,54.85337],[12.14593,54.85263],[12.1469,54.85196],[12.15091,54.85063],[12.15607,54.84744],[12.15864,54.84427],[12.15884,54.84281],[12.15963,54.84239],[12.15994,54.84157],[12.16444,54.83658],[12.16572,54.83415],[12.16576,54.83407],[12.16551,54.83384],[12.16301,54.8326],[12.15966,54.82838],[12.15801,54.82795],[12.15667,54.82801],[12.15,54.82637],[12.14801,54.82675],[12.14633,54.82646],[12.14392,54.82511],[12.14202,54.82484],[12.13977,54.82377],[12.13947,54.82345],[12.13909,54.82326],[12.13916,54.82315],[12.13882,54.82328],[12.13747,54.8238],[12.13745,54.82377],[12.1372,54.82331],[12.1353,54.82273],[12.1347,54.82244],[12.13469,54.82243],[12.13177,54.81999],[12.12918,54.81573],[12.12789,54.8095],[12.12695,54.80795],[12.12524,54.80683],[12.11622,54.80004],[12.11591,54.79987],[12.11303,54.79828],[12.11004,54.79775],[12.1086,54.79693],[12.10589,54.79623],[12.10126,54.79433],[12.10094,54.79425],[12.09485,54.79274],[12.08669,54.79124],[12.08581,54.79084],[12.08274,54.78942],[12.08097,54.78832],[12.08096,54.78832],[12.07341,54.78212],[12.07126,54.78096],[12.06635,54.77798],[12.06112,54.77276],[12.06112,54.77276],[12.05895,54.77099],[12.05263,54.76432],[12.04637,54.76135],[12.04357,54.75951],[12.04032,54.75678],[12.03807,54.75384],[12.034,54.74678],[12.03371,54.74627],[12.03226,54.74374],[12.03021,54.73895],[12.02759,54.73576],[12.02522,54.73125],[12.02199,54.72902],[12.01559,54.72247],[12.00892,54.71977],[11.99536,54.7125],[11.98982,54.70923],[11.98747,54.70825],[11.98235,54.70454],[11.97983,54.70211],[11.97983,54.7021],[11.9739,54.69561],[11.97257,54.69331],[11.97132,54.69115],[11.97103,54.69077],[11.97051,54.68941],[11.9656,54.67888],[11.96325,54.67362],[11.96182,54.66654],[11.96164,54.66608],[11.9609,54.65522],[11.96118,54.65009],[11.96286,54.63671],[11.96423,54.62403],[11.96534,54.61628],[11.9688,54.60305],[11.96881,54.60303],[11.97307,54.58166],[11.97397,54.5756],[11.9737,54.56465],[11.97354,54.56414],[11.9729,54.56212],[11.97094,54.55947],[11.97003,54.55906],[11.9638,54.56087],[11.96348,54.56134],[11.96083,54.56254],[11.95288,54.5652],[11.94707,54.56679],[11.94184,54.56872],[11.93448,54.57116],[11.9289,54.57119],[11.93059,54.57199],[11.92923,54.5725],[11.92913,54.57253],[11.92749,54.57315],[11.92687,54.57226],[11.92559,54.57279],[11.92424,54.57361],[11.92361,54.57411],[11.92292,54.57432],[11.92148,54.57461],[11.91797,54.57459],[11.91784,54.57557],[11.92007,54.57843],[11.92084,54.57988],[11.92317,54.57998],[11.92292,54.58216],[11.92236,54.58214],[11.92236,54.58207],[11.92165,54.58197],[11.92036,54.58177],[11.91952,54.58164],[11.92028,54.58273],[11.92179,54.58492],[11.92213,54.58772],[11.9213,54.59247],[11.92051,54.59428],[11.92048,54.59474],[11.91997,54.59549],[11.91904,54.59758],[11.91666,54.60248],[11.91484,54.60512],[11.91047,54.6095],[11.91046,54.6095],[11.90848,54.6113],[11.90559,54.61297],[11.89852,54.61999],[11.89503,54.62414],[11.89225,54.62897],[11.88722,54.63346],[11.87491,54.64311],[11.87266,54.64547],[11.87166,54.64905],[11.86962,54.65222],[11.8688,54.65441],[11.86627,54.65705],[11.86696,54.65766],[11.86729,54.66076],[11.86877,54.66445],[11.86926,54.66568],[11.87247,54.67016],[11.87477,54.67488],[11.87765,54.67917],[11.87775,54.68767],[11.87855,54.68933],[11.87883,54.68965],[11.8794,54.69029],[11.88235,54.69224],[11.88872,54.69506],[11.89126,54.6987],[11.89967,54.70364],[11.8998,54.70384],[11.90012,54.70404],[11.90133,54.70637],[11.90261,54.70847],[11.90348,54.7093],[11.90878,54.71218],[11.90997,54.71316],[11.91009,54.71332],[11.91082,54.71646],[11.91071,54.71774],[11.9095,54.71878],[11.90709,54.71961],[11.90208,54.71866],[11.89796,54.72011],[11.89616,54.72037],[11.89423,54.7212],[11.88995,54.72233],[11.88189,54.7246],[11.86997,54.72682],[11.86895,54.72803],[11.86968,54.7296],[11.86906,54.73065],[11.87027,54.73207],[11.87028,54.73207],[11.87206,54.73321],[11.87436,54.73388],[11.87467,54.73422],[11.87429,54.73651],[11.87503,54.73905],[11.875,54.74136],[11.87862,54.74276],[11.88434,54.74702],[11.88429,54.74715],[11.8844,54.74723],[11.88415,54.7474],[11.88363,54.74845],[11.88181,54.74962],[11.87485,54.75498],[11.87131,54.75793],[11.86891,54.75918],[11.86795,54.75918],[11.86762,54.75957],[11.86819,54.76058],[11.8687,54.76078],[11.869,54.7609],[11.86901,54.76103],[11.86934,54.76121],[11.86687,54.76104],[11.86634,54.76298],[11.86136,54.76962],[11.86331,54.77072],[11.86253,54.7711],[11.86108,54.77181],[11.86112,54.77187],[11.86272,54.77263],[11.86294,54.77273],[11.86015,54.77598],[11.85944,54.77647]]]}},{"type":"Feature","properties":{"name":"Guldborgsund"},"geometry":{"type":"Polygon","coordinates":[[[11.61676,54.8115],[11.61678,54.81149],[11.61927,54.81116],[11.62711,54.80609],[11.6348,54.80211],[11.63681,54.80157],[11.63718,54.80139],[11.63717,54.80146],[11.63725,54.80144],[11.63717,54.80167],[11.63574,54.80312],[11.63584,54.80315],[11.6352,54.80361],[11.62717,54.80772],[11.62459,54.80942],[11.62145,54.81175],[11.61506,54.81567],[11.61454,54.81588],[11.61021,54.81753],[11.60702,54.81875],[11.60636,54.82027],[11.60452,54.82127],[11.59829,54.82597],[11.59597,54.82674],[11.59372,54.82659],[11.59301,54.82692],[11.59301,54.82703],[11.59403,54.82806],[11.59378,54.82969],[11.59317,54.83043],[11.59252,54.8305],[11.58941,54.83085],[11.58875,54.83092],[11.58438,54.83354],[11.57833,54.83341],[11.57637,54.83392],[11.5732,54.83599],[11.5712,54.83902],[11.5693,54.84081],[11.56727,54.84149],[11.56488,54.84186],[11.56324,54.84328],[11.5614,54.84581],[11.56352,54.85136],[11.56446,54.8522],[11.56536,54.852],[11.56688,54.8515],[11.56821,54.85138],[11.57392,54.85214],[11.57533,54.85304],[11.57648,54.85485],[11.57976,54.85572],[11.58178,54.8572],[11.58396,54.85744],[11.58823,54.85525],[11.59395,54.85381],[11.59736,54.85156],[11.60096,54.85038],[11.60468,54.85021],[11.6072,54.84909],[11.60907,54.84873],[11.6156,54.84927],[11.61562,54.84927],[11.62057,54.84983],[11.62881,54.85261],[11.63401,54.85618],[11.63805,54.85808],[11.64145,54.8579],[11.6504,54.85823],[11.65189,54.85859],[11.65196,54.85927],[11.65122,54.86104],[11.65111,54.86461],[11.65031,54.86563],[11.64892,54.86654],[11.64892,54.86654],[11.64567,54.86835],[11.64389,54.86897],[11.64295,54.86985],[11.64285,54.87336],[11.64476,54.87737],[11.64621,54.88281],[11.6486,54.88669],[11.64852,54.88812],[11.64849,54.88852],[11.64124,54.89597],[11.63956,54.89702],[11.63848,54.89733],[11.63629,54.89923],[11.63542,54.90132],[11.63621,54.90323],[11.63716,54.90388],[11.63952,54.90225],[11.64226,54.90174],[11.64683,54.90223],[11.64965,54.90305],[11.65456,54.90184],[11.65576,54.90127],[11.65885,54.90138],[11.65987,54.90116],[11.66041,54.90001],[11.66261,54.89873],[11.6634,54.89752],[11.66363,54.89745],[11.66378,54.89731],[11.66438,54.89723],[11.66577,54.8968],[11.66659,54.89621],[11.66829,54.89599],[11.67149,54.89631],[11.67246,54.89604],[11.67516,54.89183],[11.68314,54.88703],[11.6843,54.88642],[11.69559,54.88089],[11.70444,54.87732],[11.70634,54.87624],[11.71249,54.87459],[11.71249,54.87459],[11.71422,54.87414],[11.71604,54.87304],[11.72039,54.87257],[11.73185,54.87363],[11.74213,54.87512],[11.74252,54.87499],[11.74384,54.87451],[11.74491,54.87304],[11.74753,54.87178],[11.74635,54.87019],[11.74449,54.87032],[11.74304,54.86778],[11.74146,54.86653],[11.73931,54.86588],[11.73932,54.86532],[11.73916,54.86431],[11.73836,54.86337],[11.739,54.86219],[11.73724,54.86047],[11.73715,54.85953],[11.73723,54.85942],[11.73724,54.85856],[11.74103,54.85548],[11.74196,54.85265],[11.74384,54.85116],[11.74338,54.84849],[11.74442,54.84653],[11.74391,54.8458],[11.744,54.84565],[11.74432,54.84509],[11.74529,54.84475],[11.74607,54.84458],[11.74709,54.8432],[11.74945,54.84156],[11.74991,54.83998],[11.74963,54.83934],[11.75737,54.83866],[11.75931,54.83902],[11.76044,54.83841],[11.76077,54.83782],[11.77672,54.83217],[11.77792,54.83212],[11.77979,54.83143],[11.77994,54.83145],[11.7801,54.8314],[11.78358,54.8318],[11.79344,54.83383],[11.79429,54.83335],[11.79399,54.83285],[11.78956,54.83179],[11.78896,54.8306],[11.7886,54.82782],[11.78696,54.82501],[11.78288,54.82164],[11.78073,54.82025],[11.78027,54.819],[11.77989,54.81798],[11.78084,54.81548],[11.78036,54.81051],[11.78197,54.808],[11.78213,54.80717],[11.78205,54.80665],[11.78205,54.80663],[11.78202,54.80642],[11.78302,54.80667],[11.7855,54.8045],[11.78739,54.8037],[11.78933,54.80391],[11.79028,54.80365],[11.79115,54.80252],[11.79529,54.80064],[11.79796,54.79924],[11.79882,54.79843],[11.79883,54.7968],[11.79957,54.79669],[11.80083,54.79545],[11.79969,54.79453],[11.79994,54.79412],[11.8029,54.79365],[11.80411,54.79452],[11.80663,54.79406],[11.80904,54.79405],[11.80945,54.79371],[11.81021,54.79307],[11.81003,54.79174],[11.81119,54.78837],[11.81122,54.78837],[11.81191,54.78842],[11.81179,54.79113],[11.81409,54.79132],[11.81828,54.79094],[11.82191,54.78971],[11.82469,54.78738],[11.82807,54.78535],[11.82921,54.785],[11.8308,54.78285],[11.83374,54.78022],[11.84122,54.77776],[11.84631,54.77572],[11.84856,54.77444],[11.85091,54.77373],[11.85311,54.77215],[11.85504,54.76985],[11.85772,54.76884],[11.85771,54.76877],[11.85591,54.76766],[11.85663,54.7636],[11.85649,54.76085],[11.85716,54.76066],[11.85954,54.76065],[11.86051,54.76065],[11.86062,54.76011],[11.85784,54.75994],[11.85723,54.75966],[11.85716,54.75832],[11.85873,54.75768],[11.86359,54.75846],[11.86386,54.75789],[11.85741,54.75613],[11.85982,54.75521],[11.86125,54.75346],[11.86124,54.75178],[11.86186,54.75137],[11.86268,54.75147],[11.8637,54.75113],[11.86436,54.75045],[11.86554,54.7475],[11.86548,54.74332],[11.8667,54.74102],[11.86672,54.73873],[11.86536,54.73667],[11.86411,54.73563],[11.86111,54.73477],[11.86025,54.73423],[11.85789,54.73372],[11.8574,54.73257],[11.85509,54.73221],[11.85407,54.73097],[11.85196,54.7297],[11.84965,54.72912],[11.84888,54.72938],[11.84718,54.72926],[11.84705,54.72912],[11.84649,54.72847],[11.84774,54.72715],[11.847,54.7266],[11.84694,54.72655],[11.84362,54.72639],[11.83925,54.72675],[11.8337,54.72621],[11.829,54.72804],[11.82754,54.72994],[11.82638,54.73036],[11.82567,54.73164],[11.82505,54.73163],[11.82481,54.73195],[11.8227,54.73195],[11.82038,54.73261],[11.81847,54.73222],[11.81585,54.73357],[11.81548,54.73404],[11.81622,54.73424],[11.81658,54.73475],[11.8149,54.73552],[11.81351,54.73701],[11.81269,54.73703],[11.81215,54.73654],[11.81138,54.73617],[11.81226,54.73626],[11.81273,54.73674],[11.81315,54.73679],[11.8136,54.73608],[11.81465,54.73518],[11.81568,54.73479],[11.81552,54.73449],[11.81397,54.73444],[11.81376,54.73397],[11.8138,54.73387],[11.81404,54.73366],[11.816,54.73189],[11.81857,54.73071],[11.81841,54.72956],[11.81804,54.72938],[11.81675,54.72957],[11.81684,54.72907],[11.81746,54.7288],[11.81632,54.72878],[11.81622,54.72822],[11.81724,54.72815],[11.81896,54.72921],[11.82036,54.72889],[11.81606,54.72683],[11.81623,54.72523],[11.81567,54.72434],[11.81598,54.72402],[11.81533,54.72383],[11.81493,54.72302],[11.81627,54.72189],[11.81737,54.72187],[11.81851,54.72138],[11.81837,54.72109],[11.81999,54.72056],[11.82099,54.72082],[11.82134,54.72033],[11.82302,54.71986],[11.82308,54.71869],[11.82202,54.71843],[11.82126,54.71751],[11.82058,54.71714],[11.81829,54.71745],[11.8149,54.71657],[11.81423,54.71675],[11.81193,54.71625],[11.81178,54.71588],[11.81041,54.71608],[11.80901,54.71563],[11.80735,54.71443],[11.80735,54.71443],[11.80682,54.71373],[11.80692,54.71302],[11.80756,54.71196],[11.8088,54.71116],[11.80973,54.7103],[11.81192,54.70986],[11.81174,54.70904],[11.81208,54.70815],[11.80704,54.70701],[11.80763,54.70602],[11.81255,54.70753],[11.81299,54.70798],[11.81679,54.70709],[11.81758,54.70658],[11.8157,54.70584],[11.81601,54.70404],[11.8184,54.70304],[11.82049,54.70272],[11.82595,54.70033],[11.82632,54.70006],[11.82817,54.6999],[11.83016,54.69843],[11.83349,54.69758],[11.83616,54.69636],[11.83664,54.69672],[11.83807,54.69635],[11.83986,54.69578],[11.8429,54.69592],[11.84391,54.69552],[11.84418,54.69491],[11.84572,54.69433],[11.84754,54.69462],[11.84837,54.69504],[11.84849,54.69574],[11.84894,54.69621],[11.84994,54.69621],[11.8509,54.69594],[11.85186,54.69645],[11.85313,54.69609],[11.85659,54.69412],[11.85734,54.69284],[11.85827,54.69265],[11.85887,54.69231],[11.85932,54.69174],[11.86012,54.69152],[11.85788,54.69045],[11.85898,54.68967],[11.85912,54.68842],[11.86051,54.68722],[11.86046,54.68646],[11.85856,54.68512],[11.85853,54.6851],[11.85575,54.68477],[11.85445,54.68444],[11.85419,54.68404],[11.85289,54.68386],[11.84591,54.68368],[11.84375,54.68344],[11.84078,54.68285],[11.84068,54.68286],[11.84044,54.68289],[11.84042,54.68289],[11.83857,54.68307],[11.83858,54.6827],[11.8391,54.68061],[11.83965,54.68067],[11.84558,54.67827],[11.84852,54.67747],[11.85238,54.67526],[11.85232,54.67521],[11.85165,54.67458],[11.85022,54.67475],[11.84678,54.67401],[11.84338,54.67271],[11.84066,54.67168],[11.83931,54.67052],[11.84036,54.66937],[11.84129,54.66792],[11.84793,54.66604],[11.84811,54.66598],[11.84111,54.66624],[11.83885,54.66544],[11.83497,54.66482],[11.83349,54.66356],[11.82775,54.66249],[11.8272,54.66182],[11.82489,54.66032],[11.82339,54.66037],[11.8222,54.65979],[11.82189,54.65888],[11.81741,54.65911],[11.81756,54.65902],[11.81736,54.65903],[11.81772,54.65892],[11.81833,54.65855],[11.82306,54.65782],[11.82394,54.65788],[11.82746,54.65604],[11.82955,54.65551],[11.83352,54.65289],[11.83434,54.6515],[11.83136,54.65145],[11.83006,54.6511],[11.82985,54.65033],[11.82827,54.65052],[11.82701,54.64997],[11.82507,54.64957],[11.82435,54.65009],[11.82451,54.65065],[11.82421,54.65075],[11.82415,54.65083],[11.82369,54.65092],[11.81861,54.65144],[11.81804,54.6512],[11.81801,54.65078],[11.81755,54.64967],[11.81811,54.64796],[11.81859,54.64771],[11.81677,54.64669],[11.81397,54.64702],[11.81334,54.6478],[11.8113,54.64862],[11.80894,54.64826],[11.80881,54.64829],[11.80867,54.64822],[11.80901,54.64731],[11.80827,54.64673],[11.80777,54.64616],[11.80601,54.64584],[11.80381,54.6447],[11.80445,54.6441],[11.80869,54.64334],[11.80825,54.64232],[11.80491,54.6431],[11.80243,54.64267],[11.79916,54.64336],[11.79751,54.64395],[11.79555,54.64522],[11.79434,54.6457],[11.79055,54.64619],[11.78795,54.64691],[11.78683,54.64832],[11.78546,54.64908],[11.77957,54.64874],[11.77418,54.64941],[11.76915,54.64957],[11.76553,54.65103],[11.75733,54.65109],[11.75627,54.65188],[11.75626,54.65188],[11.75472,54.65216],[11.75296,54.65138],[11.74975,54.65085],[11.74827,54.65117],[11.74343,54.65112],[11.74002,54.65097],[11.73647,54.65138],[11.73124,54.65328],[11.7287,54.65356],[11.72823,54.65414],[11.72837,54.65524],[11.7308,54.65565],[11.73168,54.65636],[11.73141,54.65664],[11.73265,54.65672],[11.73398,54.65797],[11.73383,54.65926],[11.73265,54.66032],[11.73119,54.66143],[11.73112,54.6616],[11.73072,54.6618],[11.73044,54.66274],[11.72984,54.66278],[11.72979,54.66286],[11.73023,54.66354],[11.73047,54.66371],[11.73045,54.6639],[11.72835,54.66489],[11.72825,54.66487],[11.72808,54.66486],[11.72782,54.66517],[11.72672,54.66582],[11.72592,54.66585],[11.72589,54.66585],[11.72573,54.66586],[11.72498,54.66502],[11.72482,54.66388],[11.72312,54.66394],[11.72174,54.66437],[11.72152,54.66435],[11.72144,54.66434],[11.72112,54.66423],[11.7206,54.66336],[11.72053,54.66325],[11.72118,54.66319],[11.72153,54.66259],[11.72042,54.66205],[11.72102,54.66169],[11.72038,54.66142],[11.72021,54.66062],[11.72093,54.65991],[11.72219,54.65962],[11.72263,54.65845],[11.72164,54.65736],[11.72302,54.65683],[11.7234,54.65724],[11.72424,54.65653],[11.72378,54.65552],[11.72357,54.65544],[11.72295,54.6552],[11.72155,54.65526],[11.71936,54.65356],[11.71749,54.65299],[11.71331,54.65239],[11.71156,54.65181],[11.70936,54.65295],[11.70839,54.65376],[11.70686,54.65657],[11.70503,54.65852],[11.70442,54.66007],[11.70214,54.66147],[11.69835,54.66226],[11.69835,54.66226],[11.69134,54.66409],[11.69039,54.66413],[11.68798,54.66453],[11.68756,54.66452],[11.68331,54.66346],[11.6799,54.66337],[11.67817,54.66292],[11.67581,54.66177],[11.67405,54.6621],[11.67004,54.66187],[11.66958,54.66196],[11.66925,54.66291],[11.6701,54.66398],[11.66998,54.66449],[11.6674,54.6655],[11.66811,54.66607],[11.66795,54.66652],[11.66725,54.66669],[11.66579,54.66671],[11.66497,54.66664],[11.66389,54.66534],[11.66278,54.66492],[11.66247,54.66354],[11.66069,54.66314],[11.66032,54.66223],[11.66251,54.66106],[11.66229,54.6604],[11.66257,54.66004],[11.66353,54.66026],[11.66373,54.66],[11.66148,54.65869],[11.66224,54.65814],[11.65834,54.65728],[11.65829,54.65731],[11.65721,54.65802],[11.65834,54.65867],[11.65749,54.65969],[11.65638,54.65984],[11.65632,54.65992],[11.65618,54.65986],[11.65583,54.65992],[11.65401,54.65937],[11.6539,54.65846],[11.65257,54.658],[11.65043,54.65778],[11.65033,54.65779],[11.64909,54.65797],[11.64701,54.65954],[11.64645,54.6607],[11.64452,54.66156],[11.64111,54.66236],[11.63911,54.6626],[11.63408,54.66243],[11.6334,54.66298],[11.63092,54.6633],[11.62991,54.66324],[11.62977,54.66324],[11.62946,54.66323],[11.62847,54.66274],[11.6279,54.66255],[11.62665,54.66075],[11.62787,54.66014],[11.62774,54.65966],[11.62422,54.65931],[11.6211,54.65956],[11.61823,54.65877],[11.61592,54.65938],[11.61322,54.6596],[11.61073,54.65945],[11.60982,54.65967],[11.60774,54.65945],[11.60751,54.66093],[11.60699,54.66135],[11.60678,54.66137],[11.60665,54.66138],[11.60464,54.66161],[11.6012,54.66286],[11.60047,54.6626],[11.60018,54.66267],[11.59794,54.66382],[11.5912,54.66483],[11.59087,54.66488],[11.58367,54.66312],[11.58296,54.66277],[11.58289,54.66274],[11.58332,54.66153],[11.58515,54.66139],[11.58715,54.66047],[11.58776,54.65999],[11.58831,54.65924],[11.59008,54.65918],[11.59076,54.65903],[11.58987,54.65859],[11.58955,54.65802],[11.58881,54.65783],[11.58728,54.65837],[11.58502,54.65847],[11.58482,54.65848],[11.58213,54.6569],[11.57882,54.65676],[11.57573,54.6575],[11.57193,54.65819],[11.57036,54.65802],[11.56461,54.65885],[11.564,54.65883],[11.56358,54.65827],[11.56262,54.65827],[11.56224,54.65943],[11.56159,54.65947],[11.561,54.65911],[11.56696,54.66983],[11.5534,54.67368],[11.57428,54.70993],[11.57041,54.72438],[11.57709,54.72888],[11.57875,54.74128],[11.56099,54.75597],[11.54578,54.75637],[11.5406,54.75329],[11.53002,54.75699],[11.53051,54.75924],[11.54372,54.7588],[11.54784,54.76169],[11.54111,54.77369],[11.555,54.78303],[11.55248,54.79002],[11.55146,54.79278],[11.54341,54.79188],[11.54304,54.80064],[11.53668,54.80368],[11.54799,54.82893],[11.54799,54.82893],[11.55075,54.82936],[11.55502,54.82904],[11.5568,54.82767],[11.55863,54.8268],[11.55984,54.82544],[11.56179,54.82499],[11.56186,54.82446],[11.56227,54.8242],[11.56289,54.82391],[11.56526,54.82352],[11.56746,54.82375],[11.57095,54.82481],[11.57637,54.82602],[11.57948,54.82552],[11.58581,54.82584],[11.58795,54.82644],[11.59011,54.8266],[11.59321,54.82519],[11.59583,54.82479],[11.59851,54.8224],[11.59911,54.82088],[11.6003,54.81922],[11.6045,54.8172],[11.6069,54.81582],[11.61414,54.81324],[11.61603,54.81233],[11.61632,54.81155],[11.61676,54.8115]]]}},{"type":"Feature","properties":{"name":"Guldborgsund"},"geometry":{"type":"Polygon","coordinates":[[[11.87163,54.72054],[11.86363,54.72152],[11.8626,54.72187],[11.8624,54.72194],[11.85556,54.72424],[11.8549,54.72446],[11.85466,54.72459],[11.85405,54.7253],[11.85436,54.72579],[11.85684,54.72618],[11.85723,54.72603],[11.85831,54.72561],[11.85992,54.72572],[11.85996,54.72571],[11.86168,54.72545],[11.86325,54.72554],[11.86447,54.7256],[11.8645,54.72556],[11.86588,54.72314],[11.8658,54.72236],[11.86719,54.72188],[11.87208,54.72085],[11.87163,54.72054]]]}},{"type":"Feature","properties":{"name":"Guldborgsund"},"geometry":{"type":"Polygon","coordinates":[[[11.65657,54.64894],[11.65474,54.65015],[11.65471,54.65035],[11.65599,54.65267],[11.65663,54.65344],[11.65704,54.65456],[11.65706,54.65461],[11.6585,54.65589],[11.65878,54.65604],[11.65932,54.65563],[11.65908,54.65341],[11.65657,54.64952],[11.65657,54.64894]]]}},{"type":"Feature","properties":{"name":"Guldborgsund"},"geometry":{"type":"Polygon","coordinates":[[[11.8348,54.71372],[11.83454,54.71377],[11.83295,54.7146],[11.83183,54.71508],[11.83088,54.71581],[11.83108,54.71648],[11.83199,54.71705],[11.8317,54.71762],[11.83312,54.71764],[11.83374,54.71719],[11.83384,54.71688],[11.83492,54.71544],[11.83504,54.71479],[11.83489,54.71386],[11.8348,54.71372]]]}},{"type":"Feature","properties":{"name":"Guldborgsund"},"geometry":{"type":"Polygon","coordinates":[[[11.59838,54.65427],[11.59919,54.654],[11.60029,54.65431],[11.60106,54.6551],[11.60155,54.65521],[11.60192,54.65469],[11.60198,54.65427],[11.60037,54.65277],[11.59944,54.65235],[11.59928,54.65228],[11.59711,54.65392],[11.59634,54.65451],[11.5962,54.65502],[11.59625,54.65504],[11.59748,54.65422],[11.59838,54.65427]]]}},{"type":"Feature","properties":{"name":"Morsø"},"geometry":{"type":"Polygon","coordinates":[[[8.90633,56.89665],[8.90458,56.89359],[8.90052,56.88936],[8.89959,56.88716],[8.89994,56.88595],[8.89911,56.88499],[8.89699,56.8778],[8.89387,56.87341],[8.89205,56.86891],[8.89194,56.86575],[8.89054,56.86393],[8.8877,56.86164],[8.88595,56.86116],[8.88472,56.86082],[8.88425,56.86117],[8.88485,56.86221],[8.88183,56.8624],[8.8819,56.86159],[8.88114,56.8622],[8.88139,56.86247],[8.88183,56.8626],[8.88495,56.8624],[8.88742,56.86453],[8.88839,56.86828],[8.88675,56.87216],[8.88577,56.87338],[8.88706,56.8735],[8.88708,56.8742],[8.88647,56.87472],[8.88647,56.87543],[8.88537,56.87581],[8.88449,56.87803],[8.88573,56.87922],[8.88604,56.88014],[8.88668,56.88029],[8.88666,56.88124],[8.88614,56.88158],[8.88489,56.88134],[8.88369,56.88198],[8.88226,56.88167],[8.87886,56.88225],[8.87527,56.88084],[8.87246,56.87974],[8.87105,56.87964],[8.8684,56.88048],[8.86863,56.88001],[8.86755,56.87996],[8.86793,56.87964],[8.86673,56.87966],[8.86586,56.88041],[8.86408,56.88072],[8.86458,56.88016],[8.8657,56.87992],[8.86547,56.8793],[8.8666,56.87895],[8.86709,56.87949],[8.86804,56.87955],[8.86895,56.8795],[8.8691,56.87933],[8.86964,56.87876],[8.86878,56.8786],[8.87113,56.87808],[8.87104,56.87677],[8.87244,56.87575],[8.87253,56.87594],[8.87283,56.87506],[8.8701,56.87715],[8.8648,56.87902],[8.86195,56.88048],[8.86223,56.88087],[8.86413,56.88276],[8.86358,56.88302],[8.86394,56.88362],[8.86491,56.88379],[8.86481,56.88455],[8.86412,56.88519],[8.86305,56.88524],[8.8608,56.88664],[8.85975,56.88693],[8.85975,56.88693],[8.85924,56.88711],[8.85779,56.88672],[8.85439,56.88726],[8.85351,56.88686],[8.85206,56.88722],[8.85134,56.88706],[8.85015,56.88644],[8.84729,56.88603],[8.84667,56.88625],[8.84536,56.88554],[8.84434,56.8856],[8.84406,56.88546],[8.84249,56.88444],[8.84252,56.88408],[8.84523,56.88359],[8.8451,56.88339],[8.84244,56.88393],[8.84167,56.88343],[8.84166,56.88331],[8.84178,56.88256],[8.84336,56.88093],[8.84335,56.87973],[8.84373,56.87898],[8.84143,56.87888],[8.84171,56.87929],[8.84143,56.87958],[8.8411,56.88018],[8.84272,56.88045],[8.84133,56.88046],[8.84034,56.87992],[8.84118,56.87952],[8.84009,56.87843],[8.83624,56.87671],[8.83449,56.87461],[8.83282,56.87349],[8.83282,56.87349],[8.82885,56.87001],[8.82932,56.8676],[8.82872,56.86721],[8.82784,56.86569],[8.82794,56.86494],[8.82789,56.86459],[8.82801,56.86446],[8.82808,56.86404],[8.82903,56.86301],[8.833,56.86038],[8.83576,56.8558],[8.8387,56.85295],[8.83972,56.85011],[8.8397,56.84345],[8.84081,56.83899],[8.84239,56.83347],[8.84241,56.83343],[8.84376,56.83089],[8.84793,56.82599],[8.85027,56.82242],[8.85254,56.81985],[8.85255,56.81984],[8.85657,56.81673],[8.86317,56.81292],[8.8685,56.80953],[8.87198,56.80824],[8.87467,56.80663],[8.87502,56.806],[8.8761,56.80408],[8.87801,56.80115],[8.87809,56.79865],[8.87952,56.79464],[8.87968,56.79252],[8.87809,56.78623],[8.87746,56.78371],[8.87691,56.78362],[8.87572,56.78531],[8.87548,56.78565],[8.87582,56.78603],[8.87638,56.78601],[8.87617,56.78854],[8.87597,56.78851],[8.87515,56.7887],[8.87515,56.78988],[8.87388,56.7927],[8.87222,56.79443],[8.87207,56.79469],[8.87183,56.79485],[8.87142,56.79494],[8.87024,56.79492],[8.8666,56.79508],[8.86436,56.79558],[8.86354,56.79481],[8.86507,56.79409],[8.86494,56.79385],[8.86284,56.79356],[8.86288,56.79303],[8.8646,56.79254],[8.86057,56.79189],[8.85857,56.79271],[8.85527,56.79232],[8.85522,56.79226],[8.85437,56.79104],[8.85424,56.78745],[8.85542,56.78651],[8.8568,56.78604],[8.86381,56.78444],[8.86513,56.78561],[8.86547,56.78308],[8.86508,56.78202],[8.86404,56.7809],[8.86171,56.78022],[8.86052,56.77934],[8.85406,56.77821],[8.8524,56.77724],[8.8524,56.77724],[8.85122,56.77685],[8.84792,56.77646],[8.84393,56.7747],[8.84375,56.77446],[8.84351,56.77438],[8.84312,56.77358],[8.84221,56.77231],[8.84215,56.77075],[8.84024,56.77006],[8.84049,56.7691],[8.84023,56.76797],[8.83943,56.76714],[8.83937,56.76528],[8.83792,56.76415],[8.83878,56.76324],[8.83714,56.7635],[8.83636,56.76308],[8.83618,56.76218],[8.83699,56.76155],[8.83722,56.76137],[8.84024,56.76137],[8.84054,56.76115],[8.84013,56.76059],[8.83871,56.75975],[8.83859,56.75721],[8.83805,56.7568],[8.83807,56.75674],[8.8385,56.75559],[8.83906,56.75537],[8.83895,56.75436],[8.84018,56.75315],[8.84118,56.75274],[8.83983,56.75077],[8.84109,56.74989],[8.84044,56.74969],[8.83988,56.75023],[8.8386,56.75055],[8.8373,56.75037],[8.83726,56.75],[8.83432,56.74982],[8.83316,56.74928],[8.83012,56.74713],[8.82976,56.74695],[8.82966,56.74668],[8.82863,56.74382],[8.82869,56.74334],[8.82858,56.74296],[8.82878,56.74278],[8.82881,56.74251],[8.83104,56.74082],[8.83104,56.74081],[8.83092,56.73915],[8.82894,56.73905],[8.82813,56.73842],[8.82638,56.73818],[8.82403,56.73737],[8.8226,56.73616],[8.82158,56.73615],[8.81866,56.73484],[8.81644,56.73447],[8.81413,56.7321],[8.81364,56.73207],[8.81288,56.73077],[8.81163,56.73011],[8.81029,56.72913],[8.80729,56.72811],[8.8066,56.72815],[8.80494,56.7272],[8.80411,56.72737],[8.80365,56.72718],[8.80329,56.72745],[8.80079,56.7273],[8.79919,56.72682],[8.79808,56.72592],[8.79748,56.72517],[8.79579,56.72467],[8.79361,56.72214],[8.7919,56.72082],[8.78799,56.71913],[8.78527,56.71696],[8.78559,56.71615],[8.7846,56.71525],[8.78318,56.71425],[8.77917,56.71253],[8.77535,56.71066],[8.77367,56.70739],[8.77181,56.7066],[8.7681,56.70403],[8.76813,56.7039],[8.76814,56.70386],[8.76852,56.70234],[8.77022,56.7006],[8.77094,56.69987],[8.7739,56.69863],[8.77409,56.69832],[8.77631,56.6948],[8.77572,56.69415],[8.77569,56.69411],[8.77251,56.69261],[8.76729,56.69202],[8.76415,56.6905],[8.76012,56.68979],[8.75022,56.68597],[8.74653,56.68518],[8.73454,56.68261],[8.73154,56.68213],[8.73089,56.68152],[8.73017,56.68146],[8.72952,56.6814],[8.72887,56.68097],[8.73018,56.68021],[8.7305,56.68019],[8.73027,56.6799],[8.72724,56.68091],[8.72695,56.68092],[8.72585,56.68127],[8.72087,56.68134],[8.71141,56.68242],[8.70415,56.6823],[8.70332,56.68206],[8.70081,56.68155],[8.69625,56.67984],[8.69402,56.67942],[8.68948,56.678],[8.68746,56.6776],[8.67861,56.6762],[8.67586,56.67529],[8.6743,56.67498],[8.6702,56.67435],[8.662,56.67255],[8.65703,56.67157],[8.6472,56.66997],[8.64258,56.66854],[8.64284,56.66932],[8.64218,56.66978],[8.64227,56.67248],[8.64165,56.67399],[8.64051,56.67534],[8.6386,56.67547],[8.63762,56.67586],[8.63691,56.67758],[8.63484,56.67921],[8.63467,56.68035],[8.63669,56.68371],[8.63586,56.68331],[8.63568,56.6838],[8.63686,56.68471],[8.63686,56.68472],[8.63763,56.68601],[8.63862,56.68657],[8.63782,56.68723],[8.63799,56.68792],[8.63717,56.68793],[8.6369,56.6891],[8.6357,56.68991],[8.63504,56.68956],[8.63529,56.68859],[8.63651,56.68789],[8.63634,56.68764],[8.63583,56.68732],[8.63467,56.68702],[8.63446,56.68652],[8.63425,56.68639],[8.63358,56.68671],[8.63381,56.68613],[8.63297,56.68588],[8.63232,56.68492],[8.63304,56.68448],[8.63221,56.68335],[8.6318,56.6835],[8.63205,56.6842],[8.63074,56.68351],[8.63076,56.68306],[8.63059,56.68304],[8.62974,56.68398],[8.63144,56.68789],[8.6323,56.68854],[8.63323,56.68853],[8.63396,56.68908],[8.63544,56.69144],[8.6351,56.69266],[8.63188,56.69589],[8.63184,56.69592],[8.63125,56.69617],[8.62927,56.69651],[8.62682,56.698],[8.62592,56.69818],[8.6252,56.69846],[8.62277,56.70153],[8.62076,56.70316],[8.61924,56.70377],[8.61412,56.70605],[8.61201,56.7062],[8.6119,56.70705],[8.61255,56.7075],[8.61199,56.70838],[8.6128,56.70828],[8.61286,56.70767],[8.6134,56.70822],[8.61364,56.70846],[8.61312,56.70947],[8.61189,56.70947],[8.61144,56.71018],[8.61262,56.71076],[8.61263,56.71203],[8.61353,56.71246],[8.61328,56.71293],[8.61238,56.7126],[8.61153,56.71316],[8.61244,56.71348],[8.61339,56.71492],[8.61752,56.71539],[8.61991,56.71612],[8.62181,56.71759],[8.62657,56.71729],[8.6267,56.71728],[8.62777,56.71782],[8.62678,56.71914],[8.62669,56.71991],[8.62588,56.72019],[8.62383,56.72127],[8.62295,56.72124],[8.62293,56.72124],[8.62293,56.72124],[8.62135,56.72119],[8.62064,56.72039],[8.61265,56.71841],[8.61139,56.71889],[8.60809,56.71867],[8.60675,56.71819],[8.60637,56.71733],[8.60546,56.71672],[8.60437,56.71639],[8.60423,56.71609],[8.60276,56.71579],[8.60224,56.71552],[8.60145,56.71644],[8.5976,56.7176],[8.5944,56.71739],[8.59344,56.71769],[8.59507,56.71862],[8.59743,56.72211],[8.59735,56.72351],[8.59528,56.72523],[8.59386,56.72593],[8.59353,56.7265],[8.59311,56.72721],[8.59332,56.72813],[8.59416,56.72863],[8.59396,56.72926],[8.59145,56.73117],[8.58842,56.73179],[8.5863,56.73145],[8.58419,56.73187],[8.58257,56.73185],[8.57827,56.73091],[8.5773,56.73021],[8.57663,56.72973],[8.5766,56.72891],[8.57736,56.72824],[8.57951,56.72755],[8.58103,56.72785],[8.58185,56.72755],[8.58171,56.72666],[8.58162,56.72605],[8.58075,56.7252],[8.57972,56.72502],[8.57814,56.72567],[8.57941,56.72617],[8.57942,56.72663],[8.57653,56.72698],[8.57573,56.72556],[8.57691,56.72294],[8.57698,56.72277],[8.57922,56.72294],[8.58196,56.72216],[8.58198,56.72173],[8.58258,56.72185],[8.58367,56.72223],[8.59049,56.7218],[8.58905,56.721],[8.58544,56.72015],[8.58373,56.71899],[8.58242,56.7185],[8.58136,56.71738],[8.58097,56.71712],[8.58164,56.71673],[8.58324,56.71536],[8.58583,56.7145],[8.58748,56.71335],[8.58905,56.71056],[8.58881,56.70977],[8.58985,56.70886],[8.59001,56.70858],[8.58003,56.70477],[8.57851,56.70469],[8.57624,56.70478],[8.57298,56.70443],[8.57288,56.70441],[8.56879,56.70344],[8.56123,56.70076],[8.56009,56.7001],[8.55854,56.69997],[8.558,56.70018],[8.55941,56.70096],[8.56027,56.70197],[8.56272,56.70269],[8.56268,56.7034],[8.56262,56.70419],[8.56175,56.70381],[8.5611,56.70462],[8.56159,56.70739],[8.56103,56.70825],[8.56004,56.70837],[8.55861,56.70911],[8.55817,56.71088],[8.55799,56.71259],[8.55659,56.71479],[8.5547,56.71698],[8.5553,56.71757],[8.55434,56.7183],[8.55306,56.71783],[8.55381,56.71586],[8.55266,56.7153],[8.55103,56.71526],[8.55039,56.71621],[8.54888,56.71617],[8.54923,56.71679],[8.55014,56.71686],[8.55,56.71795],[8.55015,56.71857],[8.55258,56.71943],[8.5535,56.71927],[8.55401,56.71888],[8.55445,56.72043],[8.55493,56.72078],[8.55724,56.7208],[8.55896,56.72158],[8.56214,56.72234],[8.57031,56.72338],[8.57293,56.72308],[8.57403,56.7229],[8.57473,56.72278],[8.57523,56.72296],[8.57523,56.72296],[8.57502,56.72485],[8.57327,56.72504],[8.57193,56.72627],[8.57136,56.72772],[8.5706,56.72833],[8.56887,56.72906],[8.56712,56.72906],[8.56519,56.73057],[8.56416,56.7309],[8.56416,56.73091],[8.56197,56.73197],[8.56172,56.7325],[8.55841,56.73311],[8.55488,56.73484],[8.5507,56.73586],[8.55031,56.736],[8.54471,56.73955],[8.54036,56.74027],[8.53865,56.73979],[8.53679,56.73694],[8.53422,56.73508],[8.52735,56.73238],[8.52296,56.72968],[8.51531,56.72568],[8.51269,56.72464],[8.50908,56.72387],[8.50631,56.7229],[8.50329,56.72246],[8.50217,56.72323],[8.50173,56.72417],[8.50218,56.72545],[8.50552,56.72797],[8.50689,56.7309],[8.50683,56.73205],[8.50621,56.73281],[8.50569,56.73304],[8.50484,56.73282],[8.50426,56.73213],[8.50433,56.73292],[8.50504,56.73373],[8.50612,56.73399],[8.50625,56.73522],[8.50585,56.73571],[8.5046,56.73728],[8.50417,56.73799],[8.50411,56.73849],[8.50504,56.73898],[8.50588,56.74114],[8.51045,56.74672],[8.51238,56.74731],[8.51286,56.74682],[8.51479,56.7468],[8.52527,56.74846],[8.52729,56.74931],[8.53489,56.75366],[8.53597,56.75457],[8.53593,56.75522],[8.53786,56.75495],[8.54012,56.7563],[8.54279,56.75713],[8.54636,56.75548],[8.54977,56.75508],[8.55227,56.75524],[8.55318,56.7552],[8.55336,56.7553],[8.55421,56.75535],[8.55532,56.75558],[8.55677,56.7564],[8.5582,56.75799],[8.55861,56.75844],[8.55917,56.7608],[8.55907,56.76262],[8.55758,56.7641],[8.55465,56.76499],[8.55441,56.76513],[8.55431,56.76796],[8.55303,56.77109],[8.55101,56.77724],[8.54777,56.78285],[8.54315,56.78661],[8.54269,56.78698],[8.54028,56.78713],[8.54178,56.78785],[8.54588,56.7885],[8.5477,56.78949],[8.54944,56.79027],[8.55186,56.79116],[8.55305,56.78848],[8.55635,56.78621],[8.55696,56.78618],[8.55963,56.78559],[8.56233,56.78587],[8.56295,56.78584],[8.56417,56.78643],[8.56782,56.78786],[8.57032,56.78948],[8.57358,56.7925],[8.575,56.79441],[8.57498,56.79504],[8.57823,56.79529],[8.57976,56.79459],[8.58168,56.79455],[8.5837,56.7949],[8.58686,56.79614],[8.58687,56.79614],[8.58739,56.79631],[8.58811,56.79612],[8.59565,56.79525],[8.60349,56.7952],[8.60525,56.79512],[8.60589,56.79487],[8.60837,56.79354],[8.61095,56.79264],[8.61274,56.79212],[8.61309,56.79201],[8.61985,56.79162],[8.62061,56.79158],[8.62335,56.79196],[8.62746,56.79346],[8.62964,56.79498],[8.63121,56.7953],[8.63493,56.79457],[8.63869,56.79587],[8.63992,56.79676],[8.64231,56.79671],[8.64321,56.79695],[8.64321,56.79695],[8.64328,56.79698],[8.64687,56.79839],[8.65087,56.80061],[8.65578,56.8009],[8.65839,56.80174],[8.66173,56.80408],[8.66374,56.80449],[8.66522,56.80547],[8.66664,56.80675],[8.66738,56.80903],[8.66739,56.80904],[8.66749,56.81246],[8.66668,56.81415],[8.66569,56.81534],[8.66366,56.81662],[8.66243,56.81694],[8.6615,56.81677],[8.65906,56.81652],[8.65825,56.81728],[8.65633,56.81765],[8.65225,56.81763],[8.64864,56.81819],[8.64041,56.81765],[8.63684,56.81958],[8.63459,56.8203],[8.63133,56.82098],[8.62704,56.82144],[8.62478,56.82139],[8.62234,56.82053],[8.61835,56.82034],[8.61605,56.82082],[8.61505,56.82112],[8.61326,56.82092],[8.60957,56.82196],[8.60902,56.82298],[8.61029,56.82341],[8.6105,56.82378],[8.60961,56.82593],[8.61517,56.82855],[8.61652,56.82934],[8.61902,56.832],[8.6219,56.83387],[8.62557,56.83387],[8.63215,56.83163],[8.63569,56.83113],[8.63694,56.83114],[8.63965,56.8306],[8.63979,56.83063],[8.64011,56.83057],[8.64032,56.83073],[8.64123,56.8309],[8.6433,56.83274],[8.64288,56.83323],[8.64336,56.83353],[8.64623,56.83293],[8.64739,56.83307],[8.64746,56.83317],[8.64755,56.83317],[8.64763,56.83342],[8.6483,56.83438],[8.64832,56.83682],[8.64894,56.83745],[8.64814,56.83914],[8.64676,56.83887],[8.6425,56.83928],[8.6394,56.83884],[8.63468,56.83902],[8.63236,56.83793],[8.63129,56.83905],[8.63382,56.84164],[8.63459,56.84218],[8.63591,56.84378],[8.63753,56.84461],[8.6393,56.84775],[8.64106,56.84884],[8.64141,56.85039],[8.64415,56.8516],[8.64472,56.85258],[8.64693,56.85296],[8.64656,56.85392],[8.64672,56.85431],[8.64845,56.85472],[8.64895,56.85732],[8.64854,56.85925],[8.6489,56.85962],[8.6484,56.86014],[8.64907,56.86067],[8.6478,56.86266],[8.64817,56.8634],[8.64767,56.86522],[8.64762,56.86538],[8.64759,56.86549],[8.64841,56.86647],[8.64719,56.86789],[8.64728,56.86952],[8.64453,56.87202],[8.64368,56.87361],[8.6426,56.875],[8.64291,56.87547],[8.64531,56.87764],[8.64522,56.87896],[8.64535,56.87916],[8.63948,56.88346],[8.6371,56.88403],[8.63803,56.88415],[8.63762,56.88464],[8.63614,56.88493],[8.63548,56.88469],[8.6331,56.88483],[8.63536,56.88528],[8.64079,56.88614],[8.64397,56.88623],[8.64513,56.88667],[8.65243,56.88676],[8.66011,56.88945],[8.66426,56.88908],[8.66893,56.89],[8.6699,56.89039],[8.67016,56.89036],[8.67251,56.89012],[8.67439,56.88909],[8.67628,56.88852],[8.68065,56.88798],[8.68579,56.88781],[8.68807,56.88741],[8.69495,56.88802],[8.7023,56.88995],[8.70318,56.8901],[8.70718,56.88982],[8.70937,56.88994],[8.70938,56.88994],[8.72164,56.89124],[8.72599,56.89138],[8.72824,56.89045],[8.73321,56.88958],[8.73457,56.88892],[8.73627,56.88882],[8.74117,56.88992],[8.74372,56.89106],[8.74491,56.89149],[8.75127,56.89589],[8.75128,56.8959],[8.75379,56.89716],[8.75682,56.89792],[8.76557,56.89778],[8.76958,56.89818],[8.77257,56.89774],[8.77516,56.8983],[8.77847,56.89856],[8.78094,56.89942],[8.79319,56.90294],[8.79789,56.9024],[8.80487,56.90214],[8.80861,56.90192],[8.81709,56.90361],[8.81712,56.90362],[8.81753,56.90384],[8.81858,56.90414],[8.82035,56.90517],[8.82056,56.90539],[8.82083,56.90553],[8.82141,56.90634],[8.8235,56.90868],[8.8249,56.91121],[8.82548,56.91202],[8.8256,56.91251],[8.82593,56.91307],[8.82766,56.91898],[8.829,56.92771],[8.83045,56.93079],[8.8313,56.93176],[8.83163,56.93201],[8.83443,56.93333],[8.84008,56.93849],[8.84402,56.93985],[8.84615,56.9415],[8.8511,56.94403],[8.85301,56.94723],[8.85897,56.95306],[8.85945,56.95606],[8.86031,56.95598],[8.86117,56.95457],[8.8657,56.95088],[8.86796,56.95023],[8.88235,56.9517],[8.88254,56.95122],[8.88362,56.95109],[8.88781,56.9524],[8.89087,56.95243],[8.89449,56.95086],[8.89737,56.95057],[8.89995,56.9514],[8.90234,56.95275],[8.90254,56.95401],[8.90406,56.95532],[8.90646,56.95671],[8.90846,56.95751],[8.90958,56.95777],[8.91147,56.95904],[8.91253,56.96043],[8.91332,56.9603],[8.91572,56.96113],[8.9183,56.96378],[8.91858,56.96407],[8.91895,56.96459],[8.92059,56.96756],[8.92169,56.96957],[8.92047,56.97341],[8.92096,56.97468],[8.92199,56.97516],[8.92237,56.97461],[8.92504,56.97484],[8.9273,56.97599],[8.9297,56.97675],[8.93587,56.97792],[8.93794,56.97881],[8.93884,56.9795],[8.93908,56.97968],[8.93916,56.9807],[8.93835,56.98242],[8.93822,56.98293],[8.93802,56.9831],[8.93642,56.98374],[8.93529,56.98374],[8.93476,56.98406],[8.93716,56.98462],[8.9406,56.98315],[8.94119,56.9823],[8.94136,56.98205],[8.94082,56.98056],[8.93952,56.97936],[8.93839,56.97848],[8.93632,56.97759],[8.93015,56.97643],[8.92686,56.97444],[8.92521,56.97102],[8.92519,56.9694],[8.92615,56.96792],[8.9252,56.9651],[8.92378,56.9634],[8.92136,56.96162],[8.91407,56.9582],[8.91072,56.95584],[8.91027,56.95463],[8.9077,56.94777],[8.90778,56.94635],[8.9077,56.94611],[8.90773,56.94605],[8.90861,56.9438],[8.9125,56.94032],[8.91259,56.93559],[8.91311,56.93214],[8.91931,56.92386],[8.92081,56.91984],[8.92143,56.91952],[8.92142,56.91943],[8.92104,56.91922],[8.92131,56.91841],[8.92188,56.91809],[8.92283,56.91833],[8.92118,56.91627],[8.91744,56.91402],[8.91076,56.90953],[8.90965,56.90846],[8.90913,56.90808],[8.90908,56.9079],[8.9088,56.90763],[8.90733,56.90454],[8.90736,56.89888],[8.90633,56.89665],[8.90633,56.89665]]]}},{"type":"Feature","properties":{"name":"Morsø"},"geometry":{"type":"Polygon","coordinates":[[[8.62833,56.68061],[8.62939,56.67978],[8.63188,56.67889],[8.63202,56.67876],[8.63232,56.67878],[8.63341,56.67852],[8.63461,56.67814],[8.63504,56.67736],[8.63536,56.67646],[8.6354,56.67586],[8.63766,56.67492],[8.63712,56.67481],[8.63396,56.67626],[8.63065,56.67864],[8.6279,56.67952],[8.6264,56.68103],[8.62544,56.68216],[8.62459,56.68288],[8.62493,56.68495],[8.62477,56.68632],[8.62586,56.68757],[8.62773,56.6888],[8.62884,56.68857],[8.62947,56.68829],[8.63029,56.68766],[8.62863,56.68829],[8.6279,56.68777],[8.62653,56.68757],[8.62685,56.68693],[8.62609,56.68582],[8.62628,56.68357],[8.62599,56.68264],[8.62788,56.6818],[8.62833,56.68061]]]}},{"type":"Feature","properties":{"name":"Morsø"},"geometry":{"type":"Polygon","coordinates":[[[8.63097,56.67973],[8.62903,56.681],[8.62929,56.68111],[8.62975,56.68116],[8.63069,56.68166],[8.63182,56.68118],[8.63208,56.68135],[8.63231,56.68164],[8.63211,56.68184],[8.63228,56.68283],[8.63262,56.68283],[8.6327,56.68288],[8.63311,56.68409],[8.63354,56.68425],[8.63409,56.68282],[8.63372,56.68246],[8.63349,56.68024],[8.63231,56.67988],[8.63173,56.67995],[8.63097,56.67973]]]}},{"type":"Feature","properties":{"name":"Skanderborg"},"geometry":{"type":"Polygon","coordinates":[[[9.71172,56.12009],[9.72792,56.12657],[9.73179,56.1328],[9.74653,56.1361],[9.75126,56.13804],[9.74609,56.15084],[9.75211,56.15149],[9.74561,56.15859],[9.7586,56.15918],[9.7803,56.16397],[9.81569,56.16454],[9.84152,56.17098],[9.85828,56.16872],[9.85881,56.18939],[9.87999,56.19873],[9.88806,56.2056],[9.89801,56.21415],[9.90567,56.21337],[9.91091,56.2109],[9.91675,56.21286],[9.93209,56.2093],[9.94028,56.216],[9.9572,56.21426],[9.9584,56.21694],[9.97961,56.21288],[9.98176,56.20791],[9.99091,56.20557],[9.98798,56.19567],[9.98241,56.1941],[9.99341,56.1859],[9.98882,56.18339],[9.99052,56.18058],[9.99682,56.17872],[9.95988,56.17282],[9.9745,56.15943],[9.97254,56.15259],[9.96438,56.15204],[9.94856,56.14444],[9.95515,56.14064],[9.95809,56.13031],[9.96625,56.12954],[9.97393,56.1279],[9.9775,56.12098],[9.97465,56.11559],[9.98186,56.11323],[9.98011,56.11074],[9.99003,56.10828],[9.99635,56.11385],[10.00832,56.11242],[10.01253,56.10731],[10.0191,56.1054],[10.01948,56.1012],[10.02398,56.10415],[10.04224,56.1043],[10.06043,56.08897],[10.0604,56.08624],[10.07194,56.08385],[10.07625,56.07724],[10.08353,56.07611],[10.09293,56.07039],[10.08957,56.06406],[10.08477,56.06461],[10.08315,56.05854],[10.07449,56.05571],[10.0709,56.04711],[10.05684,56.0455],[10.04805,56.04262],[10.05091,56.03632],[10.05891,56.0319],[10.05861,56.03107],[10.04795,56.01257],[10.02885,56.00965],[10.03087,56.0003],[10.03917,55.99961],[10.04074,55.99661],[10.01363,55.98127],[9.99945,55.98449],[9.99162,55.98193],[9.97971,55.98868],[9.96793,55.9926],[9.95389,55.98058],[9.95507,55.97191],[9.9427,55.9691],[9.90218,55.97103],[9.89134,55.96655],[9.87982,55.96737],[9.87305,55.9557],[9.86668,55.95421],[9.8537,55.95663],[9.85391,55.9606],[9.83759,55.96278],[9.81993,55.9732],[9.80751,55.97394],[9.80882,55.97917],[9.79703,55.98887],[9.81149,56.00766],[9.7939,56.01897],[9.7788,56.01472],[9.76436,56.01688],[9.74705,56.0105],[9.72367,56.01155],[9.7166,56.01057],[9.70964,56.01092],[9.7053,56.02892],[9.70948,56.037],[9.70094,56.04137],[9.70761,56.05656],[9.64049,56.06459],[9.64398,56.08147],[9.63572,56.08911],[9.63314,56.10617],[9.65213,56.12168],[9.69619,56.11382],[9.71172,56.12009]]]}},{"type":"Feature","properties":{"name":"Assens"},"geometry":{"type":"Polygon","coordinates":[[[9.9795,55.38339],[9.98991,55.38272],[10.00359,55.38814],[10.00411,55.40277],[9.99275,55.41035],[9.99749,55.41797],[9.989,55.42332],[9.98904,55.43136],[10.00658,55.42513],[10.01547,55.42832],[10.03558,55.4215],[10.03883,55.42627],[10.06556,55.43172],[10.08987,55.43195],[10.11436,55.42554],[10.12139,55.42479],[10.12364,55.42676],[10.12724,55.42433],[10.1348,55.42627],[10.14303,55.42019],[10.15248,55.41804],[10.18318,55.40889],[10.18449,55.40541],[10.20275,55.40556],[10.19662,55.3806],[10.18285,55.36931],[10.18695,55.36322],[10.18773,55.36144],[10.19394,55.36587],[10.19906,55.3637],[10.21281,55.3659],[10.22586,55.35534],[10.2324,55.35113],[10.23449,55.35479],[10.23037,55.35783],[10.23446,55.35901],[10.25055,55.35347],[10.2507,55.34909],[10.25889,55.34825],[10.25674,55.33881],[10.26495,55.33562],[10.25698,55.32693],[10.26138,55.32332],[10.26175,55.31462],[10.27748,55.31395],[10.28427,55.3108],[10.28525,55.30513],[10.28795,55.30132],[10.27892,55.2978],[10.26772,55.29158],[10.2561,55.29091],[10.23868,55.27327],[10.21739,55.27027],[10.21029,55.27352],[10.17587,55.26505],[10.17154,55.23796],[10.17521,55.23308],[10.1883,55.23135],[10.19008,55.22669],[10.19684,55.21944],[10.22317,55.22089],[10.22514,55.2132],[10.21898,55.21286],[10.20713,55.2052],[10.20486,55.19481],[10.19864,55.19388],[10.17684,55.18095],[10.17098,55.17113],[10.14975,55.1741],[10.15267,55.16432],[10.13435,55.16089],[10.13436,55.1609],[10.13463,55.16264],[10.13309,55.16641],[10.13038,55.16842],[10.12876,55.17],[10.12722,55.17084],[10.124,55.17363],[10.11969,55.17632],[10.11999,55.17909],[10.11784,55.18256],[10.11841,55.18318],[10.11826,55.18391],[10.1164,55.18601],[10.11639,55.18601],[10.11553,55.18688],[10.11304,55.18939],[10.11289,55.18946],[10.11257,55.18961],[10.11144,55.19001],[10.10878,55.19036],[10.1068,55.19011],[10.10609,55.18974],[10.10348,55.18809],[10.10143,55.18435],[10.10111,55.18396],[10.10059,55.18353],[10.10004,55.18307],[10.09899,55.18284],[10.09632,55.18314],[10.09595,55.18339],[10.09551,55.18381],[10.0958,55.1845],[10.09403,55.18465],[10.09311,55.18397],[10.0906,55.18211],[10.0906,55.18126],[10.08944,55.18018],[10.08917,55.1788],[10.08792,55.17738],[10.08527,55.17631],[10.08231,55.17592],[10.06685,55.17605],[10.06684,55.17605],[10.05564,55.17639],[10.05564,55.17639],[10.04779,55.17743],[10.04777,55.17743],[10.04791,55.17778],[10.04451,55.17875],[10.03882,55.17965],[10.03401,55.18032],[10.03135,55.18131],[10.02238,55.18111],[10.01891,55.18172],[10.01886,55.18175],[10.0169,55.18308],[10.01684,55.18392],[10.01753,55.18474],[10.0204,55.18614],[10.02087,55.18725],[10.02059,55.18797],[10.02044,55.18945],[10.02033,55.19061],[10.01768,55.19564],[10.01456,55.19681],[10.01046,55.19726],[10.00803,55.19857],[10.00554,55.19894],[10.0027,55.19859],[9.99922,55.20147],[9.99751,55.20151],[9.9964,55.20107],[9.99459,55.20201],[9.99391,55.20205],[9.9937,55.20191],[9.99325,55.20186],[9.99024,55.1998],[9.98963,55.19978],[9.98929,55.19917],[9.98925,55.1991],[9.99284,55.19737],[9.99365,55.19742],[9.99486,55.19607],[9.99695,55.19403],[9.99731,55.19226],[10.00098,55.19146],[10.00249,55.19034],[10.00366,55.19032],[10.00425,55.19031],[10.00501,55.19171],[10.00828,55.19195],[10.00753,55.19125],[10.00696,55.19073],[10.00241,55.18811],[10.00141,55.18612],[10.00004,55.18581],[9.99796,55.18598],[9.99658,55.18568],[9.99545,55.18382],[9.99344,55.18518],[9.99013,55.18595],[9.98783,55.18731],[9.98451,55.18793],[9.98464,55.18639],[9.98477,55.18488],[9.98582,55.18181],[9.9861,55.17865],[9.98573,55.17568],[9.98626,55.17558],[9.99083,55.17817],[9.99146,55.17875],[9.99361,55.17934],[9.99288,55.17975],[9.99129,55.17987],[9.99147,55.18022],[9.99237,55.18039],[9.99314,55.17998],[9.99515,55.17974],[9.99581,55.17921],[9.99553,55.17877],[9.99419,55.17859],[9.99211,55.17581],[9.99165,55.17431],[9.99177,55.17355],[9.99169,55.1734],[9.99183,55.17322],[9.99188,55.17289],[9.99436,55.17095],[9.9955,55.16825],[9.99741,55.16588],[10.00071,55.16502],[10.00677,55.16193],[10.01197,55.16021],[10.01305,55.15896],[10.01456,55.15704],[10.01654,55.15542],[10.01769,55.15368],[10.02123,55.1516],[10.02367,55.1507],[10.02568,55.14954],[10.02976,55.14583],[10.03336,55.14136],[10.04057,55.13429],[10.04073,55.1342],[10.04332,55.13394],[10.04391,55.13358],[10.04407,55.13249],[10.04276,55.1305],[10.03835,55.12686],[10.0342,55.12404],[10.03157,55.12296],[10.0274,55.12112],[10.02453,55.12047],[10.02239,55.12086],[10.0198,55.12183],[10.00445,55.12325],[9.99917,55.12544],[9.98739,55.12894],[9.97928,55.13219],[9.97845,55.13275],[9.97705,55.13524],[9.98045,55.13767],[9.98535,55.13935],[9.98755,55.14117],[9.98998,55.14476],[9.99097,55.14748],[9.99096,55.14786],[9.99079,55.15294],[9.98982,55.15555],[9.9869,55.1589],[9.98301,55.16475],[9.98173,55.16733],[9.98192,55.16937],[9.9825,55.17148],[9.98423,55.17312],[9.98523,55.17568],[9.98535,55.17917],[9.98506,55.18196],[9.98413,55.185],[9.9838,55.18709],[9.98461,55.1933],[9.98671,55.19668],[9.98659,55.19945],[9.98603,55.19994],[9.98774,55.20021],[9.9879,55.20153],[9.98795,55.20192],[9.98511,55.20714],[9.985,55.20726],[9.98086,55.2114],[9.97763,55.21386],[9.97756,55.21392],[9.97031,55.21753],[9.96569,55.21874],[9.96316,55.21888],[9.95541,55.21831],[9.94369,55.21899],[9.93931,55.2176],[9.93254,55.21904],[9.93015,55.21887],[9.92788,55.21926],[9.92524,55.22069],[9.92393,55.22188],[9.92249,55.2241],[9.92307,55.22611],[9.9213,55.22885],[9.92127,55.22891],[9.92126,55.22891],[9.9192,55.23076],[9.91472,55.23358],[9.90797,55.2367],[9.90687,55.23697],[9.90417,55.23786],[9.89586,55.23969],[9.88178,55.24586],[9.88093,55.24432],[9.87951,55.24327],[9.87868,55.24342],[9.8782,55.24386],[9.87625,55.24634],[9.8722,55.24856],[9.87164,55.24988],[9.86644,55.25199],[9.86718,55.2527],[9.86989,55.25362],[9.87297,55.25385],[9.87636,55.25319],[9.87687,55.25236],[9.87557,55.25265],[9.87526,55.25214],[9.87543,55.25185],[9.8754,55.25168],[9.87557,55.25159],[9.8757,55.25135],[9.87736,55.25063],[9.87768,55.2505],[9.878,55.25042],[9.88162,55.25015],[9.88254,55.24967],[9.88413,55.24969],[9.8888,55.24953],[9.89119,55.24831],[9.89051,55.24789],[9.8878,55.24918],[9.88437,55.24895],[9.8831,55.24851],[9.88238,55.24742],[9.88276,55.24675],[9.88389,55.24613],[9.88762,55.24604],[9.88824,55.24471],[9.89153,55.24448],[9.8942,55.24141],[9.89431,55.2408],[9.90093,55.23921],[9.90309,55.23855],[9.90379,55.23854],[9.90674,55.23866],[9.90675,55.23873],[9.90694,55.23873],[9.9075,55.23981],[9.90724,55.24024],[9.90719,55.24025],[9.90662,55.24034],[9.90431,55.23971],[9.90101,55.24075],[9.89838,55.24167],[9.89603,55.24169],[9.89319,55.24493],[9.89281,55.24536],[9.89354,55.24607],[9.89598,55.24709],[9.89781,55.24856],[9.89793,55.24878],[9.89854,55.24984],[9.89872,55.25193],[9.89872,55.25193],[9.89856,55.25284],[9.89706,55.25541],[9.89562,55.25631],[9.89375,55.25688],[9.89215,55.25805],[9.89093,55.25841],[9.88694,55.25876],[9.88573,55.25923],[9.88488,55.25956],[9.88136,55.26505],[9.8809,55.26635],[9.88142,55.26936],[9.88196,55.2697],[9.88227,55.27003],[9.88398,55.27106],[9.88492,55.26597],[9.8872,55.26581],[9.88805,55.26799],[9.88777,55.26881],[9.88772,55.26896],[9.88768,55.26937],[9.88778,55.26936],[9.88955,55.26927],[9.88963,55.26982],[9.88976,55.2707],[9.8898,55.27094],[9.8888,55.27278],[9.88903,55.27311],[9.88909,55.27372],[9.89038,55.2746],[9.89017,55.27687],[9.89016,55.27691],[9.88957,55.28318],[9.89074,55.29187],[9.89054,55.29906],[9.89171,55.30083],[9.89235,55.30472],[9.89302,55.30588],[9.89265,55.3098],[9.89181,55.31242],[9.89091,55.31353],[9.88789,55.31658],[9.88789,55.31658],[9.88811,55.31873],[9.88751,55.32],[9.88728,55.32048],[9.88451,55.32402],[9.8823,55.32598],[9.87735,55.33235],[9.87687,55.33586],[9.87714,55.33702],[9.87688,55.33955],[9.87597,55.34619],[9.87756,55.34393],[9.87839,55.34184],[9.87833,55.33968],[9.88209,55.34001],[9.88225,55.33865],[9.88521,55.33776],[9.8867,55.33704],[9.88705,55.33687],[9.89231,55.33545],[9.89452,55.33529],[9.89463,55.33534],[9.89595,55.3358],[9.89775,55.33665],[9.89867,55.33755],[9.89872,55.33774],[9.8991,55.33929],[9.89859,55.33988],[9.89855,55.33994],[9.92392,55.35479],[9.93209,55.35832],[9.9346,55.36697],[9.93518,55.36751],[9.93524,55.36762],[9.9353,55.36814],[9.93536,55.36835],[9.93537,55.36841],[9.93551,55.36941],[9.93556,55.36949],[9.93826,55.36958],[9.93858,55.37068],[9.94034,55.37238],[9.94064,55.37235],[9.94282,55.37226],[9.94296,55.37224],[9.94374,55.37211],[9.94393,55.37206],[9.94406,55.37203],[9.94417,55.372],[9.94431,55.37195],[9.94494,55.37327],[9.94467,55.37402],[9.94438,55.37488],[9.94429,55.375],[9.94258,55.38002],[9.94249,55.38021],[9.94228,55.381],[9.9423,55.38111],[9.94321,55.383],[9.97524,55.37727],[9.9795,55.38339]]]}},{"type":"Feature","properties":{"name":"Assens"},"geometry":{"type":"Polygon","coordinates":[[[9.76989,55.28609],[9.77105,55.28522],[9.77122,55.28413],[9.77115,55.28376],[9.76894,55.28269],[9.76771,55.28337],[9.7672,55.28462],[9.76786,55.28547],[9.76989,55.28609]]]}},{"type":"Feature","properties":{"name":"Assens"},"geometry":{"type":"Polygon","coordinates":[[[9.79751,55.29576],[9.79585,55.29718],[9.79532,55.29795],[9.79506,55.29833],[9.79512,55.30072],[9.79601,55.30515],[9.79601,55.30828],[9.79548,55.31006],[9.79549,55.31031],[9.79524,55.31082],[9.79407,55.31263],[9.79154,55.31451],[9.79015,55.31604],[9.79204,55.31946],[9.79231,55.32085],[9.79589,55.32588],[9.80023,55.32538],[9.80403,55.3238],[9.8035,55.32273],[9.8034,55.32159],[9.80483,55.31989],[9.80672,55.31879],[9.81069,55.3189],[9.81256,55.31947],[9.81242,55.32024],[9.81197,55.3227],[9.81054,55.32361],[9.8063,55.32217],[9.8058,55.32326],[9.80874,55.32381],[9.81372,55.32531],[9.81677,55.32613],[9.81938,55.32702],[9.82012,55.32699],[9.823,55.3243],[9.82382,55.32358],[9.82596,55.32169],[9.82908,55.31263],[9.8302,55.31046],[9.82949,55.3037],[9.82771,55.30089],[9.82528,55.29987],[9.8193,55.29909],[9.80947,55.29859],[9.80785,55.29846],[9.80766,55.29836],[9.8056,55.29809],[9.80462,55.29708],[9.80379,55.29648],[9.79876,55.29535],[9.79751,55.29576]]]}},{"type":"Feature","properties":{"name":"Assens"},"geometry":{"type":"Polygon","coordinates":[[[9.78713,55.32774],[9.79012,55.32749],[9.79511,55.32643],[9.79408,55.32607],[9.78717,55.32689],[9.78709,55.3269],[9.78498,55.32728],[9.78526,55.32886],[9.78719,55.3314],[9.78831,55.33212],[9.78901,55.33231],[9.78976,55.3324],[9.79091,55.33112],[9.78986,55.33086],[9.78867,55.33154],[9.78836,55.33172],[9.78786,55.33008],[9.78713,55.32774]]]}},{"type":"Feature","properties":{"name":"Haderslev"},"geometry":{"type":"Polygon","coordinates":[[[9.75774,55.27105],[9.75938,55.26607],[9.75945,55.26534],[9.75875,55.26501],[9.7587,55.26332],[9.75883,55.26119],[9.75937,55.26073],[9.7596,55.26015],[9.75999,55.25912],[9.76175,55.25735],[9.76192,55.2564],[9.76144,55.25607],[9.76176,55.25572],[9.76324,55.25564],[9.76472,55.25496],[9.76638,55.25624],[9.76546,55.25725],[9.76327,55.25797],[9.76204,55.25874],[9.76228,55.25955],[9.76512,55.25859],[9.76536,55.25787],[9.76786,55.25842],[9.76985,55.25953],[9.77002,55.26031],[9.76943,55.26067],[9.76585,55.26109],[9.76508,55.26123],[9.76481,55.26133],[9.76222,55.26232],[9.76367,55.26331],[9.7658,55.26375],[9.76676,55.2642],[9.76521,55.26488],[9.76204,55.26458],[9.76312,55.26554],[9.76381,55.2658],[9.76707,55.26486],[9.76737,55.26477],[9.76889,55.26318],[9.77309,55.26201],[9.77261,55.26317],[9.77113,55.26334],[9.76833,55.26483],[9.77089,55.26655],[9.77143,55.26655],[9.77239,55.26578],[9.77527,55.26663],[9.77586,55.26787],[9.77655,55.26931],[9.77537,55.27036],[9.77396,55.27308],[9.77215,55.27545],[9.77227,55.27684],[9.77358,55.27524],[9.77517,55.27462],[9.77641,55.27244],[9.77893,55.2695],[9.77606,55.26596],[9.77646,55.26453],[9.77601,55.26246],[9.77148,55.26005],[9.76873,55.25793],[9.7679,55.2566],[9.76326,55.25255],[9.76274,55.25142],[9.75888,55.24959],[9.75206,55.24837],[9.74543,55.248],[9.74266,55.24814],[9.74053,55.24874],[9.73877,55.24923],[9.73623,55.25091],[9.73126,55.25259],[9.73012,55.25367],[9.72754,55.25482],[9.72725,55.25526],[9.72663,55.25673],[9.72484,55.25846],[9.72488,55.25878],[9.72489,55.25887],[9.72605,55.25928],[9.72743,55.25917],[9.72835,55.25939],[9.7294,55.26008],[9.72995,55.25998],[9.73101,55.26028],[9.73135,55.26074],[9.73143,55.26085],[9.73163,55.26112],[9.7317,55.26122],[9.73327,55.26105],[9.73411,55.26053],[9.7342,55.26113],[9.73309,55.26298],[9.73174,55.26342],[9.73021,55.26365],[9.73203,55.2627],[9.73233,55.26188],[9.7315,55.26195],[9.72939,55.26367],[9.72766,55.26441],[9.72688,55.26548],[9.72624,55.26636],[9.72587,55.26832],[9.72624,55.26977],[9.72834,55.27088],[9.73617,55.27318],[9.73684,55.27332],[9.73711,55.27338],[9.74619,55.27408],[9.75388,55.27368],[9.75544,55.2732],[9.7569,55.27226],[9.75774,55.27105]]]}},{"type":"Feature","properties":{"name":"Haderslev"},"geometry":{"type":"Polygon","coordinates":[[[9.61872,55.35762],[9.62178,55.35723],[9.62407,55.35645],[9.63161,55.35244],[9.63707,55.34898],[9.63708,55.34898],[9.6419,55.34582],[9.64685,55.34189],[9.6481,55.33964],[9.64634,55.33762],[9.64572,55.33626],[9.647,55.33296],[9.64957,55.33077],[9.65053,55.32865],[9.65003,55.3273],[9.64851,55.326],[9.64556,55.32472],[9.64412,55.32347],[9.64306,55.32207],[9.64201,55.32179],[9.63906,55.31943],[9.63813,55.31825],[9.63785,55.31669],[9.63323,55.3144],[9.63203,55.31247],[9.62664,55.31219],[9.62506,55.31122],[9.62044,55.30971],[9.6205,55.30965],[9.62051,55.30964],[9.62123,55.309],[9.62333,55.3085],[9.62792,55.30982],[9.63007,55.31034],[9.63236,55.31037],[9.63602,55.31135],[9.63687,55.31158],[9.63703,55.31166],[9.63755,55.31282],[9.63953,55.31353],[9.64251,55.3128],[9.64573,55.31125],[9.6466,55.31029],[9.64646,55.3082],[9.6492,55.3043],[9.65246,55.30078],[9.65591,55.29778],[9.66004,55.29533],[9.67096,55.28696],[9.67184,55.28536],[9.67088,55.28489],[9.66753,55.28577],[9.66747,55.28578],[9.66711,55.28647],[9.66737,55.28724],[9.66642,55.28769],[9.66639,55.2877],[9.66564,55.28731],[9.66089,55.28761],[9.65748,55.2872],[9.65513,55.28588],[9.65348,55.28572],[9.65108,55.28626],[9.6441,55.28913],[9.6428,55.29067],[9.64286,55.29209],[9.64501,55.29309],[9.64469,55.29327],[9.6447,55.29332],[9.64455,55.29333],[9.64277,55.29426],[9.63698,55.2942],[9.64098,55.29365],[9.64084,55.29294],[9.64022,55.29263],[9.63993,55.29199],[9.64065,55.2911],[9.64036,55.29073],[9.64025,55.29059],[9.63896,55.29039],[9.63401,55.29053],[9.63149,55.29051],[9.62855,55.28969],[9.62827,55.28957],[9.62448,55.28692],[9.62326,55.28647],[9.62281,55.28613],[9.61979,55.28211],[9.61768,55.28114],[9.61368,55.2781],[9.61315,55.27706],[9.61337,55.27659],[9.61244,55.27515],[9.61096,55.27409],[9.6087,55.27366],[9.60644,55.27389],[9.60272,55.27395],[9.59997,55.27382],[9.59743,55.27335],[9.59372,55.27253],[9.5899,55.27225],[9.58709,55.27157],[9.58376,55.27005],[9.58369,55.26993],[9.58329,55.26926],[9.58137,55.26687],[9.58133,55.26598],[9.58221,55.26397],[9.58401,55.2619],[9.58425,55.26055],[9.5827,55.2586],[9.57608,55.2582],[9.57554,55.2576],[9.57259,55.25816],[9.57172,55.25799],[9.57075,55.25712],[9.56918,55.25645],[9.56869,55.2551],[9.56913,55.25415],[9.56616,55.25179],[9.56463,55.25128],[9.56434,55.25125],[9.56157,55.25124],[9.55977,55.25085],[9.55861,55.25003],[9.55584,55.24938],[9.5505,55.24923],[9.54852,55.24956],[9.54301,55.25029],[9.53841,55.24957],[9.53491,55.25039],[9.53041,55.25048],[9.52599,55.25121],[9.5245,55.25173],[9.52343,55.25143],[9.52121,55.25144],[9.51902,55.25235],[9.51886,55.25237],[9.51886,55.25237],[9.51801,55.25248],[9.50694,55.25174],[9.50344,55.25071],[9.50232,55.24953],[9.49885,55.24894],[9.4981,55.24889],[9.49663,55.24854],[9.49595,55.24813],[9.49586,55.24819],[9.49547,55.2478],[9.4952,55.24774],[9.49458,55.24761],[9.4944,55.24772],[9.49421,55.24749],[9.49528,55.24731],[9.49659,55.24771],[9.49682,55.2475],[9.49842,55.2479],[9.49833,55.24824],[9.5003,55.24861],[9.50047,55.24828],[9.50291,55.24864],[9.50394,55.24925],[9.50399,55.24933],[9.50377,55.24943],[9.50375,55.24956],[9.50559,55.2502],[9.50608,55.25025],[9.50672,55.25041],[9.50672,55.25041],[9.5073,55.2504],[9.50732,55.25039],[9.50776,55.25049],[9.50732,55.25016],[9.5117,55.25062],[9.52167,55.25042],[9.52186,55.25036],[9.52295,55.24998],[9.52537,55.24814],[9.5276,55.24824],[9.52915,55.24907],[9.53258,55.24913],[9.53445,55.24907],[9.54216,55.24769],[9.54317,55.24781],[9.55043,55.24748],[9.55184,55.24715],[9.55487,55.2476],[9.55581,55.24741],[9.55641,55.24793],[9.56044,55.24887],[9.56142,55.24829],[9.56029,55.24751],[9.55743,55.2476],[9.5577,55.24673],[9.56021,55.24712],[9.56254,55.24818],[9.56242,55.24855],[9.5617,55.24893],[9.56491,55.25028],[9.56568,55.25021],[9.56621,55.24958],[9.56502,55.24912],[9.5637,55.24837],[9.56569,55.24756],[9.56624,55.24733],[9.56745,55.24725],[9.56821,55.24748],[9.57008,55.25071],[9.57085,55.25117],[9.5709,55.25212],[9.57101,55.25233],[9.57152,55.25248],[9.57194,55.25216],[9.57493,55.25194],[9.575,55.25194],[9.58142,55.25426],[9.58655,55.25511],[9.58939,55.25751],[9.5894,55.25752],[9.58989,55.25838],[9.58961,55.26114],[9.5848,55.26662],[9.58479,55.26741],[9.58626,55.26879],[9.58734,55.26954],[9.59001,55.2703],[9.59975,55.27089],[9.60223,55.2714],[9.60465,55.27105],[9.60813,55.27134],[9.60995,55.27108],[9.61139,55.27123],[9.61565,55.27291],[9.6167,55.27388],[9.61705,55.27491],[9.61685,55.2755],[9.61788,55.27711],[9.61929,55.27833],[9.62328,55.2799],[9.62671,55.28371],[9.62811,55.28459],[9.62994,55.2851],[9.63071,55.28501],[9.6329,55.28497],[9.63557,55.28542],[9.63768,55.28533],[9.63809,55.28445],[9.64029,55.28326],[9.64134,55.28291],[9.64389,55.28117],[9.64607,55.28068],[9.65,55.28104],[9.65223,55.28151],[9.65725,55.28256],[9.65788,55.28335],[9.66027,55.28246],[9.66095,55.28172],[9.66516,55.27811],[9.66858,55.2766],[9.67462,55.27473],[9.68322,55.27091],[9.68395,55.27064],[9.68522,55.27035],[9.69042,55.26891],[9.69566,55.26793],[9.69872,55.26639],[9.70273,55.26376],[9.70556,55.26322],[9.70597,55.26335],[9.70688,55.26363],[9.70821,55.26366],[9.7072,55.26268],[9.71011,55.26195],[9.71114,55.2616],[9.71209,55.26239],[9.7124,55.26227],[9.71189,55.26175],[9.71277,55.26137],[9.71292,55.26131],[9.71283,55.26102],[9.71312,55.26022],[9.71383,55.25928],[9.71619,55.25844],[9.71623,55.25761],[9.71854,55.25269],[9.71888,55.25092],[9.71631,55.24801],[9.71451,55.24632],[9.71228,55.24345],[9.71207,55.24318],[9.7118,55.24084],[9.71188,55.2405],[9.71201,55.24031],[9.71411,55.23917],[9.71555,55.23786],[9.71573,55.2377],[9.71364,55.2358],[9.71059,55.23303],[9.70552,55.23125],[9.70037,55.22892],[9.69814,55.22738],[9.69738,55.22755],[9.6961,55.22719],[9.69237,55.22552],[9.69047,55.22473],[9.69044,55.22464],[9.69012,55.2245],[9.68917,55.22233],[9.68841,55.2224],[9.68853,55.22248],[9.68681,55.22259],[9.68475,55.2209],[9.68487,55.2195],[9.68094,55.21978],[9.6789,55.21927],[9.67827,55.21792],[9.67788,55.21733],[9.67761,55.2178],[9.678,55.2208],[9.67554,55.22136],[9.67459,55.22237],[9.67644,55.222],[9.67709,55.22261],[9.6739,55.22437],[9.67182,55.22679],[9.67118,55.22702],[9.67081,55.22707],[9.6671,55.22613],[9.66367,55.22565],[9.66192,55.22514],[9.6618,55.22465],[9.65956,55.22436],[9.65886,55.22285],[9.65845,55.22262],[9.65844,55.22262],[9.65783,55.22023],[9.65815,55.21496],[9.65753,55.21463],[9.65548,55.21503],[9.65415,55.21459],[9.65465,55.21236],[9.65601,55.21211],[9.65747,55.21038],[9.66012,55.21053],[9.66416,55.21098],[9.66819,55.2121],[9.67069,55.21293],[9.67194,55.21276],[9.67414,55.21188],[9.67929,55.21167],[9.68065,55.21178],[9.68101,55.21174],[9.68113,55.21182],[9.68173,55.21187],[9.68315,55.21294],[9.68375,55.21494],[9.68262,55.2167],[9.68573,55.21601],[9.68592,55.21503],[9.68821,55.21488],[9.68937,55.2153],[9.68923,55.21552],[9.68942,55.21554],[9.68917,55.21563],[9.68891,55.21605],[9.68722,55.21653],[9.68365,55.21729],[9.68296,55.21736],[9.68134,55.21726],[9.67974,55.21661],[9.67944,55.21724],[9.68198,55.21882],[9.68368,55.21907],[9.68574,55.21889],[9.68633,55.21964],[9.68698,55.22155],[9.68954,55.22182],[9.68987,55.22191],[9.69106,55.22393],[9.69518,55.22609],[9.69606,55.22641],[9.69768,55.22701],[9.69559,55.22524],[9.69164,55.22117],[9.69116,55.21967],[9.69231,55.21362],[9.69195,55.20861],[9.69613,55.20023],[9.69622,55.19823],[9.69356,55.19491],[9.69139,55.19403],[9.68932,55.19318],[9.68109,55.19179],[9.67741,55.19051],[9.67164,55.18925],[9.66921,55.18837],[9.66831,55.18814],[9.66671,55.18747],[9.66394,55.18647],[9.6585,55.18387],[9.65641,55.18362],[9.64814,55.17936],[9.63886,55.17557],[9.63822,55.1754],[9.63717,55.17514],[9.63428,55.17512],[9.63197,55.1746],[9.62945,55.17431],[9.62751,55.1749],[9.6217,55.17969],[9.62105,55.18107],[9.62088,55.18485],[9.62396,55.18584],[9.62538,55.1859],[9.62583,55.18646],[9.62607,55.18928],[9.62617,55.1892],[9.62673,55.18872],[9.62717,55.18834],[9.63128,55.18481],[9.63093,55.18432],[9.62947,55.18465],[9.62815,55.1842],[9.62804,55.18329],[9.628,55.18294],[9.62819,55.17799],[9.62903,55.17633],[9.62911,55.17577],[9.62932,55.17577],[9.62944,55.17553],[9.63202,55.17526],[9.63374,55.17571],[9.63647,55.17567],[9.63657,55.17578],[9.63752,55.1762],[9.63776,55.17678],[9.63811,55.17762],[9.63832,55.17787],[9.63829,55.17803],[9.63685,55.17941],[9.63514,55.18058],[9.63438,55.18219],[9.63276,55.1838],[9.63201,55.1861],[9.63069,55.18805],[9.62928,55.18948],[9.62689,55.19044],[9.62083,55.19153],[9.61518,55.19271],[9.61499,55.19262],[9.62209,55.19064],[9.62444,55.18952],[9.62452,55.1863],[9.62418,55.18663],[9.62276,55.18861],[9.62102,55.18972],[9.61804,55.19093],[9.61322,55.19219],[9.61205,55.19256],[9.60406,55.19371],[9.60004,55.19387],[9.59558,55.19405],[9.58966,55.19341],[9.58966,55.19341],[9.58326,55.19148],[9.58014,55.18988],[9.5796,55.18968],[9.57892,55.18925],[9.57314,55.18497],[9.56456,55.18004],[9.56259,55.17839],[9.56154,55.17769],[9.55221,55.17632],[9.54929,55.17523],[9.54756,55.17458],[9.5443,55.17262],[9.53878,55.1707],[9.53502,55.1679],[9.53122,55.16666],[9.5284,55.16478],[9.52557,55.16369],[9.52342,55.16326],[9.52189,55.1625],[9.51806,55.16199],[9.51222,55.16059],[9.50467,55.15911],[9.50046,55.15729],[9.49857,55.15681],[9.49822,55.15654],[9.49814,55.15636],[9.49699,55.15515],[9.4967,55.15305],[9.49657,55.15273],[9.49658,55.15272],[9.49821,55.15047],[9.50002,55.15013],[9.50106,55.15031],[9.50215,55.14945],[9.50265,55.14163],[9.5038,55.13721],[9.50502,55.13577],[9.50508,55.13549],[9.50534,55.13538],[9.50554,55.13514],[9.50747,55.13476],[9.50937,55.13395],[9.5174,55.12985],[9.51882,55.12989],[9.51915,55.12973],[9.51998,55.12931],[9.52012,55.12797],[9.51971,55.12757],[9.51921,55.12707],[9.5153,55.12561],[9.5131,55.12598],[9.51059,55.12597],[9.509,55.12658],[9.50619,55.12677],[9.50197,55.12668],[9.50091,55.12711],[9.49961,55.12711],[9.49879,55.1268],[9.49496,55.12817],[9.49111,55.12973],[9.49045,55.12991],[9.49022,55.12991],[9.48934,55.13007],[9.48548,55.12946],[9.48226,55.1295],[9.48123,55.12989],[9.47941,55.13075],[9.47902,55.13101],[9.47853,55.13119],[9.47828,55.1312],[9.47695,55.13155],[9.47633,55.13164],[9.47436,55.13139],[9.47434,55.13139],[9.47435,55.1314],[9.45385,55.14644],[9.43851,55.14592],[9.43158,55.15068],[9.41697,55.14767],[9.41007,55.15366],[9.39788,55.15379],[9.39166,55.14893],[9.37065,55.15228],[9.36364,55.14975],[9.35551,55.15652],[9.33874,55.15718],[9.31873,55.16712],[9.29501,55.16679],[9.2963,55.15274],[9.28819,55.13592],[9.27224,55.13098],[9.2587,55.13718],[9.24949,55.13939],[9.23176,55.15003],[9.2486,55.16546],[9.22132,55.1681],[9.21547,55.175],[9.18195,55.17562],[9.17422,55.16465],[9.12514,55.15602],[9.11974,55.16645],[9.10371,55.16549],[9.11112,55.17076],[9.13689,55.19133],[9.16861,55.19619],[9.16633,55.20745],[9.1375,55.2327],[9.10348,55.2407],[9.07502,55.24094],[9.07282,55.24028],[9.02645,55.23059],[9.02401,55.22984],[9.01816,55.23137],[9.01711,55.22866],[9.00769,55.22258],[8.99761,55.21233],[8.98224,55.20948],[8.9672,55.2127],[8.96346,55.19177],[8.93727,55.19634],[8.93642,55.22069],[8.93282,55.24419],[8.93891,55.27338],[8.90791,55.27905],[8.91366,55.29058],[8.92711,55.29989],[8.89967,55.31738],[8.88493,55.32084],[8.89198,55.32314],[8.9068,55.32309],[8.93978,55.31258],[8.96697,55.32373],[8.96832,55.33256],[8.97877,55.33438],[8.97545,55.33809],[9.02486,55.33176],[9.02955,55.32279],[9.0423,55.32748],[9.04396,55.31831],[9.06421,55.3152],[9.06852,55.31083],[9.09612,55.32903],[9.09564,55.33516],[9.10956,55.33553],[9.11654,55.32303],[9.11557,55.29679],[9.16168,55.28936],[9.17719,55.28981],[9.19877,55.29744],[9.18741,55.30316],[9.17961,55.30069],[9.188,55.32383],[9.19772,55.34193],[9.21507,55.33393],[9.2263,55.35135],[9.23342,55.35077],[9.24069,55.36128],[9.23852,55.37491],[9.25358,55.38189],[9.26872,55.37933],[9.27393,55.38215],[9.28092,55.37891],[9.28016,55.37412],[9.30796,55.36386],[9.30178,55.35983],[9.30297,55.35337],[9.34347,55.338],[9.34359,55.33159],[9.35748,55.3217],[9.35662,55.3152],[9.36472,55.31184],[9.37954,55.31355],[9.39956,55.33791],[9.4145,55.34462],[9.41538,55.34927],[9.42949,55.35009],[9.43683,55.34649],[9.44582,55.34371],[9.4516,55.33654],[9.45432,55.32872],[9.44488,55.31886],[9.45398,55.31539],[9.47886,55.30869],[9.49909,55.31702],[9.50711,55.31389],[9.50918,55.318],[9.53042,55.31714],[9.54876,55.33597],[9.56486,55.33994],[9.56619,55.34482],[9.58624,55.35346],[9.59442,55.35251],[9.60049,55.35721],[9.60069,55.357],[9.60273,55.35619],[9.60616,55.35694],[9.60834,55.35703],[9.6118,55.35644],[9.6124,55.3565],[9.61313,55.35647],[9.61419,55.35667],[9.61565,55.35726],[9.61647,55.3574],[9.61871,55.35763],[9.61872,55.35762]]]}},{"type":"Feature","properties":{"name":"Haderslev"},"geometry":{"type":"Polygon","coordinates":[[[9.71872,55.28717],[9.71775,55.28733],[9.71521,55.28803],[9.71379,55.28826],[9.71304,55.28848],[9.71153,55.28909],[9.71071,55.28919],[9.71046,55.28949],[9.71048,55.28955],[9.71084,55.28973],[9.71114,55.28979],[9.71274,55.28994],[9.71469,55.2898],[9.71528,55.28971],[9.71672,55.28922],[9.71702,55.28901],[9.71711,55.28889],[9.71716,55.28823],[9.71799,55.28767],[9.71968,55.28733],[9.72025,55.28714],[9.72013,55.28706],[9.71872,55.28717]]]}},{"type":"Feature","properties":{"name":"Ringkøbing-Skjern"},"geometry":{"type":"Polygon","coordinates":[[[8.27801,55.97999],[8.27727,55.98069],[8.27709,55.98106],[8.2773,55.9825],[8.2778,55.98356],[8.27815,55.9843],[8.27876,55.9851],[8.279,55.98618],[8.27966,55.9892],[8.28005,55.99186],[8.28124,55.99357],[8.28251,55.99541],[8.28596,56.0017],[8.28802,56.00373],[8.2887,56.00423],[8.28951,56.00468],[8.29005,56.00467],[8.29179,56.00377],[8.29016,56.00179],[8.28934,56.00079],[8.286,55.99485],[8.28347,55.99107],[8.28334,55.98994],[8.28329,55.98954],[8.283,55.98718],[8.28299,55.98716],[8.2819,55.98529],[8.28162,55.9848],[8.28181,55.98425],[8.28319,55.98368],[8.28353,55.98276],[8.28329,55.98184],[8.28283,55.98011],[8.28154,55.98031],[8.28178,55.9814],[8.28078,55.9823],[8.27962,55.98042],[8.27801,55.97999]]]}},{"type":"Feature","properties":{"name":"Ringkøbing-Skjern"},"geometry":{"type":"Polygon","coordinates":[[[8.36858,55.90557],[8.36961,55.90504],[8.36956,55.90452],[8.3686,55.90401],[8.36794,55.90376],[8.3674,55.90335],[8.36737,55.90333],[8.36723,55.90302],[8.36738,55.90223],[8.36747,55.90172],[8.36733,55.90159],[8.36682,55.90145],[8.36578,55.90149],[8.3652,55.90168],[8.36498,55.90183],[8.36444,55.9027],[8.36466,55.90363],[8.36499,55.90402],[8.36518,55.90412],[8.36549,55.90459],[8.36543,55.90557],[8.36669,55.90586],[8.36801,55.90566],[8.36858,55.90557]]]}},{"type":"Feature","properties":{"name":"Ringkøbing-Skjern"},"geometry":{"type":"Polygon","coordinates":[[[8.29066,56.00804],[8.2918,56.0075],[8.29234,56.00707],[8.29266,56.00577],[8.29198,56.00394],[8.29005,56.00497],[8.28917,56.00559],[8.28907,56.00581],[8.28923,56.00615],[8.29009,56.00695],[8.29001,56.0077],[8.29041,56.00804],[8.29059,56.00807],[8.29066,56.00804]]]}},{"type":"Feature","properties":{"name":"Ringkøbing-Skjern"},"geometry":{"type":"Polygon","coordinates":[[[8.30819,56.01265],[8.30758,56.0136],[8.3065,56.01421],[8.30659,56.01451],[8.30777,56.01466],[8.30818,56.01501],[8.30831,56.01529],[8.30684,56.01587],[8.30677,56.01679],[8.30677,56.01679],[8.30682,56.01789],[8.30865,56.01861],[8.30803,56.01908],[8.30843,56.01987],[8.30756,56.02178],[8.30701,56.02337],[8.30769,56.02374],[8.30816,56.0262],[8.30867,56.02746],[8.30854,56.02762],[8.30856,56.02777],[8.30604,56.02998],[8.30445,56.03248],[8.30412,56.03386],[8.30419,56.03553],[8.30351,56.0373],[8.30213,56.03853],[8.30278,56.03983],[8.30217,56.04225],[8.30189,56.0455],[8.30415,56.04844],[8.30612,56.04945],[8.30665,56.05035],[8.30701,56.05248],[8.30626,56.05414],[8.30569,56.05473],[8.3042,56.05569],[8.30278,56.05601],[8.30298,56.05641],[8.30415,56.05661],[8.30389,56.05821],[8.30172,56.05872],[8.29906,56.06094],[8.29612,56.06183],[8.29385,56.0623],[8.28596,56.0656],[8.28214,56.06661],[8.27615,56.06911],[8.2713,56.07228],[8.2713,56.07229],[8.27093,56.07249],[8.26671,56.07482],[8.26527,56.07517],[8.2627,56.07696],[8.24675,56.08498],[8.24622,56.08512],[8.24502,56.08543],[8.24325,56.08554],[8.24027,56.08573],[8.23963,56.08577],[8.24,56.08622],[8.24122,56.08771],[8.24048,56.08808],[8.24036,56.08805],[8.23896,56.08859],[8.23691,56.08671],[8.23474,56.08673],[8.23311,56.08694],[8.23295,56.08955],[8.23501,56.09035],[8.23448,56.0909],[8.23222,56.09169],[8.23072,56.09273],[8.23045,56.09292],[8.23044,56.09293],[8.22829,56.09422],[8.22629,56.09375],[8.22327,56.09395],[8.21901,56.09534],[8.21821,56.09618],[8.21637,56.09659],[8.21518,56.09649],[8.21271,56.09711],[8.21,56.09751],[8.20802,56.09815],[8.20109,56.09893],[8.19979,56.09926],[8.19879,56.09998],[8.18569,56.10272],[8.18159,56.10315],[8.17757,56.10388],[8.17163,56.10552],[8.16852,56.10572],[8.16756,56.10559],[8.16578,56.10624],[8.16031,56.10499],[8.15927,56.10562],[8.15935,56.10608],[8.1601,56.10636],[8.15994,56.10696],[8.15776,56.10826],[8.15301,56.1087],[8.15074,56.10948],[8.14626,56.11197],[8.1422,56.11371],[8.14118,56.11478],[8.13477,56.11578],[8.12949,56.11825],[8.12646,56.11857],[8.12644,56.1181],[8.12779,56.11689],[8.13151,56.11486],[8.13409,56.11391],[8.13921,56.11038],[8.13998,56.10873],[8.13988,56.10626],[8.13946,56.10486],[8.13944,56.10481],[8.13944,56.10481],[8.13944,56.1041],[8.141,56.10258],[8.14338,56.10067],[8.14542,56.1],[8.14603,56.09928],[8.14536,56.09816],[8.14103,56.09582],[8.13992,56.09558],[8.1375,56.09321],[8.13583,56.09224],[8.13454,56.08975],[8.13287,56.08958],[8.13196,56.08571],[8.13105,56.08473],[8.13151,56.08021],[8.13201,56.07735],[8.13198,56.07618],[8.13152,56.07467],[8.1313,56.07431],[8.13056,56.07024],[8.1306,56.06818],[8.13006,56.06685],[8.1291,56.06641],[8.12882,56.06558],[8.12858,56.06411],[8.12747,56.06125],[8.12663,56.05869],[8.12687,56.05655],[8.12802,56.05615],[8.12861,56.0534],[8.12902,56.05145],[8.12844,56.05035],[8.12706,56.04889],[8.12569,56.04626],[8.12624,56.04469],[8.12502,56.04303],[8.12491,56.04177],[8.12551,56.0401],[8.12485,56.03869],[8.12371,56.03782],[8.12362,56.03536],[8.12483,56.03241],[8.12725,56.02893],[8.12692,56.02702],[8.12806,56.02281],[8.12924,56.02043],[8.13191,56.01282],[8.13202,56.01252],[8.13202,56.01094],[8.13235,56.01046],[8.13419,56.01009],[8.13432,56.00934],[8.13109,56.00865],[8.1311,56.00833],[8.13138,56.00804],[8.13239,56.008],[8.1326,56.008],[8.13489,56.00887],[8.13574,56.00888],[8.13586,56.0084],[8.13602,56.00776],[8.13652,56.00781],[8.13678,56.00816],[8.13638,56.00872],[8.13765,56.00843],[8.13817,56.00831],[8.13991,56.00866],[8.14059,56.00868],[8.14218,56.00855],[8.14329,56.0082],[8.14391,56.00757],[8.13869,56.00683],[8.13617,56.00617],[8.1326,56.00512],[8.1286,56.00382],[8.12852,56.00381],[8.12492,56.00354],[8.12292,56.00569],[8.12118,56.00517],[8.1206,56.00578],[8.11949,56.00547],[8.12109,56.00379],[8.12223,56.0026],[8.12135,56.00228],[8.12075,56.00205],[8.11905,56.0021],[8.11728,56.00085],[8.11406,55.99956],[8.11157,55.99988],[8.10954,56.00775],[8.1084,56.00984],[8.10815,56.01198],[8.10799,56.01334],[8.10717,56.01723],[8.09814,56.04421],[8.09845,56.06717],[8.103,56.0955],[8.10376,56.09877],[8.10384,56.1057],[8.10384,56.1057],[8.10465,56.1077],[8.10559,56.10936],[8.10557,56.11295],[8.10663,56.11517],[8.10666,56.11658],[8.10646,56.11765],[8.10783,56.1229],[8.10917,56.12689],[8.10917,56.12988],[8.11102,56.13532],[8.11099,56.13743],[8.11281,56.1422],[8.11294,56.14579],[8.11463,56.15107],[8.11604,56.15373],[8.11573,56.15601],[8.11691,56.16272],[8.11813,56.16584],[8.11957,56.17249],[8.11957,56.17249],[8.12056,56.17622],[8.12286,56.18158],[8.12368,56.18911],[8.12476,56.1929],[8.12617,56.19962],[8.12594,56.20091],[8.12671,56.20256],[8.12834,56.21049],[8.12798,56.21336],[8.12942,56.22018],[8.13042,56.22969],[8.13019,56.23388],[8.12998,56.23548],[8.13058,56.23825],[8.13,56.25047],[8.13,56.25048],[8.1295,56.2569],[8.1284,56.25945],[8.12885,56.26255],[8.12885,56.26257],[8.15112,56.25503],[8.15991,56.25738],[8.20422,56.25215],[8.2481,56.23734],[8.24986,56.23164],[8.27073,56.22751],[8.29307,56.22769],[8.29449,56.23428],[8.3334,56.2371],[8.34226,56.23406],[8.3466,56.23774],[8.35974,56.24752],[8.38957,56.25399],[8.41867,56.24549],[8.43499,56.2451],[8.45806,56.23858],[8.45929,56.23118],[8.47804,56.22228],[8.46974,56.21406],[8.48406,56.20544],[8.48501,56.1936],[8.5005,56.19088],[8.51474,56.19451],[8.52801,56.19332],[8.52572,56.18924],[8.53848,56.19103],[8.56285,56.1859],[8.57624,56.17674],[8.5805,56.17504],[8.57514,56.16708],[8.58509,56.16547],[8.58573,56.15742],[8.59205,56.15498],[8.58275,56.15615],[8.57882,56.15001],[8.58591,56.14766],[8.60881,56.1485],[8.62452,56.14503],[8.63242,56.13731],[8.63556,56.13025],[8.64115,56.12529],[8.65352,56.1288],[8.66582,56.14347],[8.68592,56.14512],[8.73105,56.14483],[8.74243,56.13445],[8.76607,56.13642],[8.75984,56.11468],[8.78161,56.09755],[8.80967,56.1019],[8.83006,56.097],[8.83351,56.08408],[8.82839,56.07193],[8.86363,56.06818],[8.86442,56.05789],[8.85666,56.05216],[8.82256,56.05475],[8.77742,56.04935],[8.80298,56.03075],[8.79772,56.02059],[8.75807,56.00423],[8.74503,56.00457],[8.76314,55.99387],[8.75876,55.98326],[8.73836,55.97166],[8.73616,55.96295],[8.72842,55.94664],[8.75255,55.90884],[8.77331,55.9022],[8.81095,55.89111],[8.84273,55.88792],[8.83956,55.88179],[8.82314,55.84754],[8.79452,55.83783],[8.82724,55.81986],[8.80611,55.81505],[8.75889,55.80608],[8.74457,55.8064],[8.72236,55.81384],[8.72224,55.82135],[8.70691,55.82466],[8.70798,55.83776],[8.69229,55.84016],[8.67621,55.8483],[8.65727,55.8443],[8.62576,55.84494],[8.59266,55.83492],[8.56994,55.84768],[8.5666,55.84989],[8.53235,55.84117],[8.54627,55.82234],[8.5333,55.81782],[8.53715,55.81315],[8.53251,55.81525],[8.51275,55.81026],[8.50858,55.79844],[8.5139,55.78759],[8.50257,55.77918],[8.49333,55.77909],[8.49468,55.77676],[8.46221,55.78085],[8.46889,55.77311],[8.44938,55.7764],[8.44068,55.78806],[8.41499,55.79545],[8.42405,55.79903],[8.4034,55.80258],[8.37998,55.80152],[8.35081,55.82229],[8.32759,55.80407],[8.32774,55.80036],[8.32179,55.80098],[8.30369,55.79743],[8.2841,55.80146],[8.2711,55.79717],[8.2446,55.81158],[8.22485,55.81363],[8.22835,55.82548],[8.20409,55.83245],[8.17992,55.83064],[8.17991,55.83064],[8.17981,55.83067],[8.17966,55.83176],[8.18118,55.83392],[8.18135,55.83758],[8.18183,55.83965],[8.18346,55.84244],[8.18712,55.84641],[8.18702,55.84719],[8.18503,55.84613],[8.1841,55.84649],[8.18391,55.84762],[8.18427,55.84827],[8.18603,55.84929],[8.18547,55.84974],[8.18538,55.8508],[8.18861,55.85217],[8.18905,55.85216],[8.19,55.85214],[8.19165,55.85123],[8.19715,55.85229],[8.20037,55.85448],[8.20682,55.85841],[8.20695,55.85922],[8.20665,55.86144],[8.20762,55.8616],[8.20901,55.86252],[8.20823,55.86353],[8.20635,55.86488],[8.20582,55.86538],[8.20633,55.86614],[8.20836,55.86682],[8.20677,55.86789],[8.20502,55.86751],[8.20442,55.86792],[8.20443,55.86852],[8.20569,55.87019],[8.20762,55.87076],[8.20775,55.87165],[8.20629,55.87174],[8.20559,55.8724],[8.20257,55.87317],[8.19959,55.87464],[8.1972,55.87541],[8.19546,55.87649],[8.19475,55.87831],[8.1953,55.87952],[8.198,55.88077],[8.19963,55.88082],[8.2008,55.88024],[8.20083,55.8793],[8.20178,55.87918],[8.20275,55.87944],[8.20518,55.87927],[8.20771,55.87982],[8.20872,55.87952],[8.21252,55.88065],[8.21179,55.88145],[8.21111,55.8818],[8.21112,55.88267],[8.20932,55.88333],[8.2076,55.88449],[8.20643,55.88601],[8.20624,55.88697],[8.2052,55.88755],[8.20597,55.88856],[8.20892,55.88937],[8.20776,55.89011],[8.20658,55.89053],[8.20598,55.89116],[8.20522,55.89312],[8.20559,55.89448],[8.20832,55.89676],[8.21119,55.8974],[8.2113,55.89739],[8.21176,55.89703],[8.21399,55.89745],[8.21561,55.89697],[8.21589,55.89661],[8.21936,55.89618],[8.22672,55.89651],[8.22844,55.89628],[8.2293,55.89622],[8.23008,55.89563],[8.23194,55.89526],[8.23208,55.89505],[8.23232,55.89467],[8.23063,55.89457],[8.23083,55.89347],[8.23055,55.89303],[8.23036,55.8929],[8.23038,55.89284],[8.23064,55.89222],[8.23322,55.8915],[8.23335,55.89114],[8.2324,55.89071],[8.23163,55.89071],[8.23039,55.8914],[8.22659,55.89098],[8.22584,55.89101],[8.22419,55.89134],[8.22292,55.89124],[8.22435,55.89038],[8.22756,55.88976],[8.2278,55.88892],[8.22846,55.88871],[8.2337,55.89057],[8.23501,55.89045],[8.23493,55.88951],[8.23326,55.88911],[8.22923,55.88793],[8.23111,55.88579],[8.23441,55.8828],[8.2353,55.88235],[8.235,55.88204],[8.23389,55.88182],[8.23407,55.88144],[8.23362,55.88079],[8.23375,55.88072],[8.23364,55.88062],[8.23393,55.88064],[8.23501,55.8801],[8.23623,55.88034],[8.23664,55.88002],[8.23652,55.87982],[8.23819,55.88019],[8.23981,55.87882],[8.24173,55.87822],[8.24323,55.87709],[8.24491,55.87712],[8.24834,55.8778],[8.24837,55.87786],[8.24753,55.87831],[8.24621,55.88007],[8.24687,55.88187],[8.24802,55.88259],[8.2489,55.88272],[8.25181,55.88236],[8.25865,55.88418],[8.25889,55.88418],[8.26212,55.88412],[8.26335,55.8832],[8.26667,55.88191],[8.26676,55.88239],[8.26713,55.88298],[8.26773,55.88329],[8.27286,55.88112],[8.27578,55.88105],[8.277,55.88076],[8.27938,55.87863],[8.27957,55.87748],[8.27898,55.87668],[8.27788,55.87593],[8.27767,55.87579],[8.27176,55.87384],[8.26704,55.87155],[8.26649,55.87108],[8.26373,55.86992],[8.26046,55.86632],[8.26057,55.86461],[8.26211,55.86113],[8.26222,55.85949],[8.2619,55.85726],[8.2631,55.85456],[8.2627,55.8535],[8.25976,55.85086],[8.25884,55.84983],[8.25876,55.84814],[8.25789,55.84683],[8.25983,55.84581],[8.26123,55.84416],[8.26227,55.84322],[8.26377,55.8428],[8.26734,55.84199],[8.26909,55.84197],[8.26974,55.84196],[8.26985,55.84196],[8.26982,55.84203],[8.27059,55.84265],[8.27101,55.84212],[8.27153,55.84206],[8.273,55.84282],[8.27342,55.84417],[8.27503,55.84516],[8.27549,55.84599],[8.27679,55.84771],[8.27537,55.84931],[8.27644,55.84939],[8.2776,55.84879],[8.28059,55.84933],[8.28018,55.84969],[8.27996,55.84989],[8.2785,55.85065],[8.27661,55.85122],[8.27675,55.85154],[8.27696,55.85154],[8.27834,55.8511],[8.2784,55.85103],[8.27983,55.85061],[8.28023,55.85049],[8.28241,55.85096],[8.28322,55.85142],[8.2845,55.85197],[8.29082,55.85441],[8.29655,55.85554],[8.29756,55.85692],[8.3004,55.85904],[8.30237,55.86017],[8.30615,55.86142],[8.30786,55.86153],[8.30886,55.86262],[8.31285,55.86467],[8.31285,55.86468],[8.31496,55.86603],[8.31753,55.86693],[8.32111,55.86759],[8.32255,55.86828],[8.32538,55.86838],[8.327,55.8692],[8.32705,55.86997],[8.32697,55.87088],[8.32885,55.87211],[8.33032,55.87409],[8.33285,55.87622],[8.3338,55.87714],[8.33536,55.87827],[8.33769,55.87929],[8.33896,55.88008],[8.33939,55.8807],[8.34173,55.88233],[8.34342,55.88265],[8.34479,55.88339],[8.3448,55.8834],[8.35675,55.89188],[8.36054,55.89327],[8.36118,55.89351],[8.3641,55.89458],[8.36527,55.89589],[8.36919,55.89768],[8.37106,55.89784],[8.37301,55.89864],[8.37626,55.90025],[8.38095,55.90191],[8.37655,55.90316],[8.37638,55.90359],[8.37743,55.90479],[8.37761,55.905],[8.37924,55.90488],[8.38336,55.90547],[8.38401,55.90597],[8.38392,55.90652],[8.38249,55.90688],[8.38295,55.90837],[8.38288,55.90843],[8.38213,55.90854],[8.3757,55.90841],[8.37273,55.90892],[8.37304,55.90953],[8.374,55.90978],[8.37811,55.90979],[8.38037,55.91059],[8.38004,55.9111],[8.37764,55.91107],[8.37264,55.91185],[8.36976,55.91069],[8.365,55.91007],[8.36267,55.91103],[8.36228,55.91131],[8.37163,55.91269],[8.37559,55.91308],[8.37903,55.91332],[8.37804,55.91332],[8.37907,55.91342],[8.37729,55.91367],[8.36608,55.91469],[8.36534,55.91476],[8.36323,55.91495],[8.36643,55.91555],[8.36883,55.91572],[8.37209,55.91595],[8.37562,55.91523],[8.3761,55.9163],[8.37508,55.91718],[8.37101,55.9176],[8.36965,55.91818],[8.36969,55.91826],[8.3699,55.91876],[8.37202,55.91947],[8.37397,55.91964],[8.373,55.92109],[8.3742,55.92216],[8.37552,55.92244],[8.3762,55.92282],[8.37661,55.92446],[8.3763,55.92575],[8.37469,55.92549],[8.37432,55.92568],[8.37508,55.92692],[8.37493,55.92848],[8.37512,55.92956],[8.37572,55.93023],[8.37633,55.93202],[8.37995,55.93389],[8.37967,55.9345],[8.378,55.93481],[8.37578,55.93627],[8.37864,55.93754],[8.37554,55.93846],[8.37564,55.94188],[8.37592,55.94223],[8.37588,55.9427],[8.37477,55.94356],[8.37411,55.94474],[8.37634,55.9452],[8.37624,55.94532],[8.37637,55.94536],[8.37618,55.94541],[8.37596,55.94569],[8.37187,55.94663],[8.369,55.94867],[8.36788,55.94873],[8.36652,55.94854],[8.36279,55.94768],[8.36174,55.94804],[8.36184,55.94868],[8.36591,55.95077],[8.36732,55.95157],[8.36872,55.95236],[8.36936,55.95271],[8.37146,55.9539],[8.37305,55.95468],[8.37285,55.95481],[8.37078,55.95425],[8.3694,55.95355],[8.36772,55.95268],[8.36519,55.95549],[8.36329,55.9567],[8.36128,55.95622],[8.35977,55.95685],[8.35776,55.95703],[8.35594,55.9579],[8.35406,55.95897],[8.35305,55.96013],[8.35368,55.96081],[8.35476,55.96166],[8.35591,55.96174],[8.35891,55.96102],[8.36079,55.96165],[8.35752,55.96374],[8.35637,55.96499],[8.35333,55.96668],[8.34946,55.96725],[8.34851,55.9672],[8.34675,55.96807],[8.34383,55.96938],[8.34297,55.97088],[8.34341,55.97232],[8.34328,55.97314],[8.34235,55.97409],[8.34171,55.97436],[8.34124,55.97457],[8.33642,55.97454],[8.33454,55.97593],[8.33251,55.97631],[8.33203,55.97712],[8.33218,55.97783],[8.33069,55.97888],[8.33015,55.98034],[8.32606,55.98243],[8.32472,55.98286],[8.32073,55.98555],[8.31753,55.98883],[8.31738,55.98909],[8.31735,55.98979],[8.31666,55.99071],[8.31559,55.99099],[8.31508,55.99161],[8.31469,55.99261],[8.31272,55.9964],[8.31274,55.9977],[8.31147,56.00003],[8.3107,56.00437],[8.31102,56.00518],[8.31073,56.00808],[8.31078,56.00949],[8.31009,56.01075],[8.3097,56.01177],[8.30844,56.01243],[8.30819,56.01265]]]}},{"type":"Feature","properties":{"name":"Ringkøbing-Skjern"},"geometry":{"type":"Polygon","coordinates":[[[8.13656,55.96329],[8.13513,55.96727],[8.13388,55.97082],[8.13344,55.97344],[8.13146,55.97702],[8.13123,55.97886],[8.12992,55.98019],[8.12992,55.98093],[8.1289,55.98274],[8.1271,55.98501],[8.12584,55.98779],[8.12516,55.98926],[8.12267,55.99193],[8.12194,55.99349],[8.12069,55.99404],[8.12018,55.99499],[8.11689,55.99868],[8.11606,55.9991],[8.11893,55.99957],[8.12058,55.99967],[8.12079,55.9998],[8.12256,56.00085],[8.12393,55.99975],[8.12457,56.00063],[8.12552,56.00111],[8.12719,56.0005],[8.12805,56.00061],[8.12817,56.0023],[8.12996,56.00262],[8.13083,56.0025],[8.1352,56.00188],[8.13655,56.00108],[8.13424,56.00121],[8.13246,55.99935],[8.13253,56.00048],[8.13157,56.00094],[8.13144,56.00088],[8.13093,56.00107],[8.13081,56.00087],[8.12991,55.99932],[8.13187,55.99847],[8.13205,55.99831],[8.13222,55.99835],[8.1337,55.99813],[8.1328,55.996],[8.13339,55.99257],[8.13383,55.99165],[8.13517,55.98972],[8.1355,55.98885],[8.13608,55.98807],[8.13673,55.98721],[8.13828,55.98557],[8.13996,55.98493],[8.14051,55.98447],[8.14074,55.98422],[8.14026,55.98383],[8.14055,55.98348],[8.143,55.98163],[8.14571,55.98021],[8.14722,55.97896],[8.14791,55.97829],[8.14781,55.97467],[8.14573,55.97455],[8.14587,55.9743],[8.14577,55.97427],[8.14602,55.97405],[8.14643,55.97338],[8.14752,55.97277],[8.1509,55.97049],[8.15253,55.96783],[8.15317,55.9671],[8.15543,55.9635],[8.15594,55.962],[8.15642,55.96157],[8.15706,55.95901],[8.15665,55.95737],[8.15698,55.95626],[8.15771,55.95596],[8.15906,55.95613],[8.16056,55.95569],[8.163,55.9546],[8.16639,55.95309],[8.1715,55.94995],[8.17168,55.94909],[8.17134,55.94475],[8.17044,55.94411],[8.16958,55.94515],[8.16825,55.94594],[8.16411,55.94642],[8.16356,55.94603],[8.1653,55.94408],[8.17014,55.94065],[8.16996,55.94024],[8.16956,55.93937],[8.17034,55.93734],[8.16975,55.93504],[8.16831,55.9334],[8.16756,55.92971],[8.16799,55.92841],[8.16794,55.92823],[8.16836,55.92799],[8.17014,55.92818],[8.17175,55.92742],[8.17332,55.92583],[8.17487,55.92522],[8.17506,55.92474],[8.1751,55.92222],[8.17472,55.9218],[8.17541,55.92124],[8.17538,55.92044],[8.1732,55.91815],[8.17367,55.91704],[8.1732,55.9158],[8.17211,55.91602],[8.17238,55.91736],[8.1714,55.91764],[8.16968,55.91679],[8.16871,55.91551],[8.16875,55.91316],[8.16961,55.9139],[8.17228,55.91572],[8.17446,55.91527],[8.1758,55.91166],[8.17516,55.91094],[8.17409,55.911],[8.17125,55.90905],[8.16991,55.90754],[8.1682,55.90723],[8.16738,55.90728],[8.16677,55.90684],[8.1673,55.90613],[8.16846,55.9056],[8.16895,55.90568],[8.16949,55.90534],[8.1704,55.90526],[8.17159,55.90496],[8.17251,55.90537],[8.17448,55.90527],[8.17478,55.90485],[8.17425,55.90419],[8.17222,55.90328],[8.17189,55.90282],[8.17089,55.90203],[8.17044,55.90179],[8.17156,55.90107],[8.17146,55.89992],[8.17216,55.89841],[8.17722,55.88996],[8.18027,55.88628],[8.18137,55.88568],[8.18283,55.88329],[8.18369,55.88265],[8.18365,55.88068],[8.18275,55.88032],[8.18324,55.87964],[8.18265,55.87907],[8.18005,55.87809],[8.18079,55.87784],[8.18079,55.87709],[8.18059,55.87663],[8.17984,55.87643],[8.18007,55.87545],[8.18037,55.87504],[8.17928,55.87398],[8.18141,55.87337],[8.18191,55.8724],[8.18359,55.87224],[8.18398,55.87192],[8.1843,55.87165],[8.1843,55.87056],[8.1847,55.8701],[8.18492,55.86833],[8.18745,55.86781],[8.18817,55.86725],[8.19158,55.86606],[8.19252,55.86674],[8.19407,55.86675],[8.19667,55.86397],[8.19623,55.86302],[8.19158,55.85979],[8.18369,55.85454],[8.18326,55.85422],[8.18305,55.8538],[8.18048,55.85235],[8.17923,55.85095],[8.17777,55.84863],[8.17658,55.8477],[8.17513,55.84623],[8.17431,55.84457],[8.17403,55.84087],[8.17519,55.83817],[8.17661,55.83111],[8.177,55.8301],[8.1772,55.82731],[8.17572,55.82632],[8.17569,55.82574],[8.17589,55.8254],[8.17633,55.82494],[8.18258,55.82207],[8.18501,55.81984],[8.18383,55.81937],[8.18397,55.819],[8.18167,55.81904],[8.171,55.81544],[8.1698,55.81809],[8.16649,55.82868],[8.1658,55.82972],[8.16463,55.83531],[8.16214,55.84203],[8.16079,55.84761],[8.16086,55.85084],[8.1588,55.86132],[8.15812,55.8654],[8.15737,55.86653],[8.15589,55.87327],[8.15482,55.87371],[8.15411,55.87607],[8.15429,55.87975],[8.15372,55.88167],[8.15327,55.88825],[8.15221,55.89068],[8.15193,55.89492],[8.1516,55.90333],[8.15059,55.91023],[8.14758,55.9198],[8.14655,55.9259],[8.1455,55.92791],[8.14534,55.93187],[8.14388,55.9357],[8.14327,55.94154],[8.14036,55.9526],[8.13956,55.95607],[8.1391,55.95716],[8.13886,55.958],[8.13656,55.96329]]]}},{"type":"Feature","properties":{"name":"Ringkøbing-Skjern"},"geometry":{"type":"Polygon","coordinates":[[[8.26244,55.88667],[8.26142,55.88659],[8.26001,55.8861],[8.25412,55.88561],[8.2525,55.88628],[8.25152,55.88857],[8.25235,55.89022],[8.25206,55.89121],[8.25245,55.89156],[8.25387,55.89283],[8.25907,55.89242],[8.26327,55.89085],[8.26545,55.89059],[8.26604,55.89013],[8.26536,55.88939],[8.26407,55.88998],[8.26228,55.89023],[8.26202,55.88966],[8.26863,55.88821],[8.27085,55.88735],[8.27201,55.88628],[8.27293,55.88598],[8.27287,55.88571],[8.27313,55.88459],[8.27099,55.88495],[8.2685,55.88433],[8.26689,55.88487],[8.2667,55.88532],[8.26727,55.88564],[8.2636,55.88636],[8.26265,55.88661],[8.26244,55.88667]]]}},{"type":"Feature","properties":{"name":"Ringkøbing-Skjern"},"geometry":{"type":"Polygon","coordinates":[[[8.23985,55.89265],[8.23687,55.89285],[8.23497,55.89323],[8.23328,55.89414],[8.23252,55.89516],[8.23273,55.89693],[8.23399,55.89775],[8.23836,55.89831],[8.24112,55.89803],[8.24393,55.89744],[8.24537,55.8962],[8.24552,55.89507],[8.24513,55.89467],[8.24339,55.89369],[8.24238,55.8932],[8.23985,55.89265]]]}},{"type":"Feature","properties":{"name":"Ringkøbing-Skjern"},"geometry":{"type":"Polygon","coordinates":[[[8.18296,55.8457],[8.18178,55.84354],[8.18123,55.84252],[8.17976,55.84081],[8.1785,55.83933],[8.1792,55.83769],[8.1803,55.83651],[8.1806,55.83504],[8.18046,55.83464],[8.17998,55.83405],[8.17822,55.83352],[8.17722,55.8394],[8.17574,55.84129],[8.17565,55.84205],[8.1763,55.84473],[8.17653,55.84564],[8.17753,55.84622],[8.17774,55.84634],[8.17984,55.84633],[8.18063,55.84584],[8.18163,55.84622],[8.18296,55.8457]]]}},{"type":"Feature","properties":{"name":"Ringkøbing-Skjern"},"geometry":{"type":"Polygon","coordinates":[[[8.18976,55.85663],[8.18982,55.85708],[8.19784,55.86295],[8.19869,55.8639],[8.19847,55.86451],[8.19979,55.86485],[8.2007,55.86406],[8.20072,55.86311],[8.1967,55.86102],[8.19336,55.85859],[8.19129,55.85709],[8.18976,55.85663]]]}},{"type":"Feature","properties":{"name":"Ringkøbing-Skjern"},"geometry":{"type":"Polygon","coordinates":[[[8.18088,55.84832],[8.18024,55.84852],[8.18008,55.84857],[8.17977,55.84886],[8.18018,55.84993],[8.18089,55.85094],[8.18137,55.85147],[8.18435,55.85335],[8.18685,55.85519],[8.18698,55.85526],[8.18743,55.85529],[8.18804,55.85513],[8.18811,55.85485],[8.18803,55.85474],[8.18496,55.85266],[8.18426,55.85229],[8.184,55.85205],[8.18203,55.8497],[8.1812,55.84841],[8.18088,55.84832]]]}},{"type":"Feature","properties":{"name":"Ringkøbing-Skjern"},"geometry":{"type":"Polygon","coordinates":[[[8.19832,55.86483],[8.19798,55.86497],[8.19712,55.86568],[8.19553,55.8674],[8.19583,55.86784],[8.19612,55.8681],[8.19973,55.86772],[8.20055,55.86721],[8.20093,55.86658],[8.20038,55.86558],[8.20011,55.86532],[8.19832,55.86483]]]}},{"type":"Feature","properties":{"name":"Ringkøbing-Skjern"},"geometry":{"type":"Polygon","coordinates":[[[8.24916,55.89448],[8.24841,55.8946],[8.247,55.89545],[8.2466,55.89559],[8.24657,55.89575],[8.24653,55.89603],[8.24771,55.89692],[8.24793,55.89718],[8.24891,55.89704],[8.24951,55.89669],[8.24983,55.89644],[8.25024,55.89584],[8.24993,55.89464],[8.24916,55.89448]]]}},{"type":"Feature","properties":{"name":"Ringkøbing-Skjern"},"geometry":{"type":"Polygon","coordinates":[[[8.26977,55.88376],[8.27276,55.88267],[8.27416,55.88155],[8.27298,55.88144],[8.2693,55.88303],[8.26885,55.88334],[8.26882,55.88345],[8.26977,55.88376]]]}},{"type":"Feature","properties":{"name":"Ringkøbing-Skjern"},"geometry":{"type":"Polygon","coordinates":[[[8.27398,55.88418],[8.27434,55.88412],[8.27362,55.8839],[8.27229,55.88395],[8.27122,55.88378],[8.26922,55.88417],[8.27092,55.8847],[8.27146,55.8846],[8.27398,55.88418]]]}},{"type":"Feature","properties":{"name":"Svendborg"},"geometry":{"type":"Polygon","coordinates":[[[10.37218,54.97855],[10.372,54.9781],[10.37254,54.97793],[10.37374,54.97803],[10.37391,54.97798],[10.37405,54.97805],[10.37449,54.97809],[10.37714,54.97922],[10.38088,54.98183],[10.38147,54.98216],[10.38847,54.98286],[10.38929,54.9828],[10.38951,54.98247],[10.38564,54.98172],[10.38525,54.98032],[10.38605,54.9799],[10.38606,54.97841],[10.38811,54.97836],[10.39205,54.97766],[10.39579,54.97832],[10.40033,54.97787],[10.40231,54.97709],[10.40445,54.97732],[10.40744,54.97856],[10.40914,54.97874],[10.4091,54.97814],[10.409,54.97804],[10.40909,54.97789],[10.41013,54.97669],[10.41324,54.97464],[10.41936,54.97445],[10.42193,54.97453],[10.42517,54.97573],[10.42599,54.97708],[10.42461,54.97928],[10.42182,54.98309],[10.42083,54.98361],[10.4215,54.98461],[10.42185,54.9845],[10.42246,54.98432],[10.42354,54.98253],[10.43008,54.97964],[10.43037,54.97863],[10.43161,54.97844],[10.43469,54.97588],[10.43866,54.97372],[10.43954,54.97228],[10.44027,54.97109],[10.44032,54.97017],[10.4385,54.96865],[10.43518,54.96717],[10.43645,54.96632],[10.43562,54.96591],[10.43557,54.96597],[10.43488,54.96673],[10.43246,54.96625],[10.43032,54.96507],[10.42831,54.96345],[10.42723,54.96282],[10.42711,54.96278],[10.42608,54.96241],[10.42218,54.9627],[10.42053,54.9625],[10.41292,54.96576],[10.40997,54.96781],[10.40563,54.96996],[10.39863,54.9726],[10.39477,54.97448],[10.39043,54.97696],[10.38789,54.97742],[10.3849,54.97742],[10.38168,54.97684],[10.38094,54.97656],[10.38067,54.97652],[10.38043,54.97636],[10.37918,54.97589],[10.37454,54.97289],[10.37414,54.97191],[10.37229,54.97088],[10.36947,54.97076],[10.36646,54.97135],[10.36512,54.97177],[10.36279,54.9761],[10.36078,54.9767],[10.36074,54.97691],[10.36359,54.97892],[10.36598,54.9793],[10.36729,54.97951],[10.3691,54.97944],[10.36999,54.97894],[10.37178,54.97877],[10.37218,54.97855]]]}},{"type":"Feature","properties":{"name":"Svendborg"},"geometry":{"type":"Polygon","coordinates":[[[10.46794,54.99884],[10.46376,54.9993],[10.45747,54.99936],[10.4558,54.99966],[10.45341,55.00214],[10.45304,55.00524],[10.45347,55.00636],[10.45713,55.00822],[10.45762,55.00879],[10.45869,55.00888],[10.46029,55.01003],[10.46154,55.01387],[10.46386,55.01555],[10.46424,55.01592],[10.46554,55.01621],[10.46854,55.01836],[10.47185,55.02029],[10.47242,55.02],[10.46873,55.01795],[10.46611,55.01608],[10.46453,55.01556],[10.46405,55.01492],[10.46433,55.01407],[10.46565,55.01196],[10.46671,55.0111],[10.46917,55.01036],[10.47164,55.00991],[10.47184,55.01024],[10.4729,55.01016],[10.47367,55.00935],[10.47768,55.00822],[10.48109,55.0083],[10.48379,55.00699],[10.49134,55.00224],[10.4884,55.00164],[10.48677,55.00278],[10.48201,55.00394],[10.47634,55.00413],[10.47592,55.00415],[10.47372,55.00356],[10.4715,55.00217],[10.47015,55.00083],[10.46779,54.99981],[10.46779,54.9998],[10.46794,54.99884]]]}},{"type":"Feature","properties":{"name":"Svendborg"},"geometry":{"type":"Polygon","coordinates":[[[10.88143,55.21511],[10.88089,55.21337],[10.88091,55.21201],[10.87981,55.21282],[10.87961,55.21317],[10.87972,55.21349],[10.87971,55.21406],[10.88072,55.21582],[10.88249,55.21729],[10.88415,55.2185],[10.88731,55.22043],[10.88953,55.22161],[10.8927,55.22242],[10.89239,55.22173],[10.88883,55.22043],[10.88438,55.21766],[10.88143,55.21511]]]}},{"type":"Feature","properties":{"name":"Svendborg"},"geometry":{"type":"Polygon","coordinates":[[[10.49726,54.9698],[10.49435,54.97085],[10.493,54.97205],[10.49299,54.97281],[10.49375,54.97324],[10.49805,54.97622],[10.4985,54.97653],[10.50057,54.97553],[10.49935,54.97366],[10.49939,54.97263],[10.49939,54.97245],[10.5001,54.97126],[10.49726,54.9698]]]}},{"type":"Feature","properties":{"name":"Svendborg"},"geometry":{"type":"Polygon","coordinates":[[[10.49018,54.9595],[10.48977,54.95901],[10.48664,54.95868],[10.48502,54.95851],[10.48154,54.95908],[10.47626,54.96285],[10.47245,54.96454],[10.46652,54.96807],[10.46661,54.96848],[10.46733,54.96854],[10.46757,54.96777],[10.47506,54.96493],[10.4773,54.96462],[10.47742,54.96462],[10.47811,54.96512],[10.47624,54.96702],[10.48092,54.96622],[10.48583,54.96649],[10.48966,54.96579],[10.49146,54.96672],[10.49256,54.96669],[10.49598,54.96842],[10.49699,54.96718],[10.49725,54.96653],[10.49666,54.96528],[10.49466,54.964],[10.4928,54.96349],[10.49108,54.96228],[10.48962,54.96041],[10.48957,54.95991],[10.49018,54.9595]]]}},{"type":"Feature","properties":{"name":"Svendborg"},"geometry":{"type":"Polygon","coordinates":[[[10.51959,54.95946],[10.51869,54.9597],[10.51862,54.95986],[10.51832,54.9605],[10.51869,54.961],[10.52103,54.96084],[10.52394,54.96263],[10.52482,54.96262],[10.5252,54.96252],[10.52659,54.96334],[10.52654,54.96287],[10.5263,54.96253],[10.52523,54.96167],[10.52306,54.96034],[10.52265,54.96021],[10.52096,54.9597],[10.51959,54.95946]]]}},{"type":"Feature","properties":{"name":"Svendborg"},"geometry":{"type":"Polygon","coordinates":[[[10.69627,55.18072],[10.69964,55.17815],[10.70994,55.18127],[10.73206,55.17279],[10.73355,55.17311],[10.73386,55.17307],[10.73929,55.17358],[10.74631,55.19699],[10.7552,55.20146],[10.76162,55.20561],[10.77815,55.2091],[10.77951,55.22098],[10.79756,55.21819],[10.81041,55.211],[10.8117,55.20867],[10.81133,55.2081],[10.8125,55.20644],[10.81184,55.20219],[10.81174,55.20154],[10.81149,55.20078],[10.80992,55.19926],[10.81038,55.1979],[10.80942,55.19728],[10.80847,55.19116],[10.80707,55.18796],[10.8064,55.18493],[10.80692,55.18076],[10.80619,55.18021],[10.80591,55.17896],[10.80557,55.17841],[10.80433,55.17735],[10.80173,55.17224],[10.80007,55.17041],[10.79512,55.16785],[10.79152,55.16377],[10.79082,55.16183],[10.79079,55.15531],[10.78596,55.15104],[10.78553,55.15004],[10.78432,55.14724],[10.78407,55.14666],[10.78407,55.14666],[10.78495,55.14146],[10.78551,55.14042],[10.78546,55.1388],[10.78445,55.13832],[10.7836,55.13664],[10.78324,55.13629],[10.78171,55.1357],[10.77976,55.13417],[10.77924,55.13231],[10.77906,55.13213],[10.77905,55.13164],[10.77875,55.13059],[10.77834,55.12689],[10.77834,55.12687],[10.77885,55.12227],[10.77882,55.12075],[10.77779,55.11922],[10.77501,55.11731],[10.77393,55.11527],[10.77252,55.11208],[10.77179,55.11107],[10.77129,55.11056],[10.77127,55.11037],[10.77105,55.11008],[10.77118,55.10982],[10.77103,55.10897],[10.77267,55.10478],[10.77549,55.10136],[10.7729,55.10094],[10.7717,55.10125],[10.76959,55.10114],[10.76518,55.10062],[10.75931,55.098],[10.75665,55.09626],[10.75304,55.09232],[10.75231,55.08942],[10.75265,55.08792],[10.75265,55.08789],[10.75354,55.08514],[10.75314,55.0837],[10.75121,55.07845],[10.75109,55.07812],[10.7485,55.07576],[10.74715,55.07515],[10.74663,55.07458],[10.7461,55.07386],[10.74469,55.07005],[10.7436,55.06876],[10.73462,55.06737],[10.72353,55.06446],[10.7153,55.0615],[10.71304,55.06101],[10.70981,55.05923],[10.70734,55.05834],[10.70549,55.0569],[10.7053,55.05682],[10.70448,55.05696],[10.70393,55.05728],[10.70399,55.05791],[10.70701,55.05911],[10.70663,55.06103],[10.70636,55.06109],[10.69866,55.06274],[10.68956,55.06361],[10.68746,55.06319],[10.68836,55.06097],[10.68749,55.06069],[10.68569,55.06024],[10.68501,55.05987],[10.68426,55.05805],[10.68134,55.05696],[10.67971,55.05767],[10.67859,55.05753],[10.67852,55.0575],[10.6783,55.05741],[10.67767,55.05713],[10.67573,55.05729],[10.67346,55.05842],[10.66792,55.05858],[10.66533,55.05748],[10.66396,55.05626],[10.66108,55.0578],[10.6576,55.05809],[10.65482,55.05642],[10.65276,55.05566],[10.65088,55.05607],[10.64938,55.0562],[10.64937,55.0562],[10.64919,55.05618],[10.64606,55.05493],[10.64229,55.05506],[10.64201,55.05627],[10.63833,55.059],[10.63639,55.05979],[10.63399,55.05992],[10.63114,55.05963],[10.62367,55.05951],[10.62225,55.06017],[10.62126,55.06048],[10.6183,55.06141],[10.61826,55.06142],[10.61751,55.06166],[10.6175,55.06166],[10.61497,55.06235],[10.61424,55.06138],[10.61441,55.05986],[10.61495,55.05895],[10.61495,55.05895],[10.61565,55.05755],[10.61355,55.05721],[10.61346,55.05728],[10.6134,55.05719],[10.61345,55.05691],[10.61362,55.05687],[10.61436,55.05583],[10.61493,55.05575],[10.61477,55.05519],[10.61382,55.05393],[10.61373,55.05381],[10.61315,55.05353],[10.61284,55.05322],[10.61262,55.0532],[10.61268,55.05312],[10.61257,55.05305],[10.61254,55.05308],[10.61246,55.05303],[10.61183,55.05264],[10.61057,55.05241],[10.60972,55.05288],[10.60767,55.05313],[10.60596,55.05256],[10.60491,55.05323],[10.60487,55.05325],[10.60471,55.05334],[10.60564,55.05189],[10.60477,55.05137],[10.60255,55.05094],[10.6004,55.05008],[10.59947,55.04839],[10.59802,55.0474],[10.59563,55.04738],[10.59404,55.04688],[10.59047,55.04649],[10.58453,55.04436],[10.57708,55.04304],[10.57438,55.0424],[10.57247,55.04151],[10.57246,55.0415],[10.57128,55.04117],[10.56836,55.04098],[10.56491,55.03961],[10.56348,55.03878],[10.55893,55.03708],[10.55613,55.03687],[10.55364,55.03605],[10.55233,55.03584],[10.5501,55.03549],[10.5492,55.03535],[10.54607,55.03519],[10.54185,55.03428],[10.54196,55.03344],[10.54017,55.03318],[10.53957,55.03378],[10.53885,55.03388],[10.53398,55.03335],[10.53291,55.03237],[10.53227,55.03237],[10.53127,55.03253],[10.53034,55.03219],[10.52993,55.03223],[10.52897,55.03181],[10.52414,55.02969],[10.52346,55.02873],[10.52383,55.02817],[10.52245,55.02754],[10.52087,55.02729],[10.51654,55.02657],[10.51242,55.02675],[10.51072,55.02682],[10.49999,55.02895],[10.49743,55.02911],[10.49141,55.03062],[10.48909,55.03121],[10.48794,55.03185],[10.4861,55.03522],[10.4861,55.03522],[10.484,55.03708],[10.48229,55.03753],[10.48053,55.03926],[10.47779,55.03976],[10.47436,55.04181],[10.4733,55.04185],[10.47293,55.04172],[10.47184,55.04189],[10.47188,55.04235],[10.4709,55.04233],[10.47086,55.04234],[10.46967,55.04251],[10.46145,55.04051],[10.45988,55.04051],[10.45849,55.04013],[10.45346,55.04075],[10.44906,55.04072],[10.44819,55.04095],[10.43215,55.04191],[10.42952,55.04192],[10.42565,55.0413],[10.42241,55.04165],[10.41548,55.03952],[10.41541,55.0395],[10.41529,55.03946],[10.4152,55.03949],[10.40648,55.04301],[10.40202,55.04438],[10.39756,55.04538],[10.39286,55.04598],[10.39109,55.04656],[10.38758,55.04834],[10.38628,55.049],[10.3861,55.04973],[10.38679,55.05084],[10.38862,55.05149],[10.3888,55.05404],[10.38661,55.05638],[10.38387,55.05727],[10.38307,55.05901],[10.3825,55.05944],[10.38238,55.05945],[10.38218,55.05945],[10.38926,55.06478],[10.39864,55.06546],[10.38565,55.07066],[10.3889,55.07491],[10.39474,55.07491],[10.39216,55.0823],[10.39608,55.08744],[10.4076,55.09009],[10.39361,55.10272],[10.39446,55.10824],[10.40894,55.11631],[10.41244,55.12837],[10.4276,55.13898],[10.4451,55.13768],[10.45492,55.14994],[10.47132,55.1535],[10.47082,55.15877],[10.48277,55.16083],[10.50618,55.15695],[10.51885,55.15819],[10.5252,55.16615],[10.54989,55.16328],[10.55142,55.1634],[10.56585,55.1611],[10.5672,55.15762],[10.57568,55.15735],[10.57671,55.16016],[10.58935,55.15799],[10.59667,55.17783],[10.61013,55.18102],[10.61432,55.17588],[10.62013,55.17692],[10.62085,55.19501],[10.63681,55.19079],[10.65161,55.19192],[10.66703,55.19139],[10.67252,55.18418],[10.68248,55.18383],[10.68835,55.18255],[10.69265,55.18585],[10.69627,55.18072]]]}},{"type":"Feature","properties":{"name":"Svendborg"},"geometry":{"type":"Polygon","coordinates":[[[10.54002,54.96818],[10.5324,54.97143],[10.53008,54.97198],[10.52961,54.97215],[10.52514,54.97734],[10.52554,54.98056],[10.5246,54.98494],[10.52565,54.98674],[10.52607,54.98864],[10.52399,54.99289],[10.52438,54.99321],[10.52896,54.99528],[10.52896,54.99528],[10.52967,54.9961],[10.52931,54.99641],[10.52886,54.99681],[10.52743,54.99641],[10.52522,54.99643],[10.5226,54.99689],[10.52249,54.99694],[10.51917,54.99845],[10.5166,55.00029],[10.51362,55.00509],[10.51344,55.00652],[10.51498,55.00835],[10.51674,55.00933],[10.51846,55.00976],[10.52469,55.00922],[10.52995,55.00821],[10.53182,55.00835],[10.53238,55.00828],[10.53251,55.00839],[10.53278,55.00841],[10.53526,55.00996],[10.53765,55.01327],[10.54028,55.01555],[10.54353,55.01716],[10.54433,55.01796],[10.54576,55.01744],[10.54753,55.01756],[10.54903,55.01788],[10.55096,55.01855],[10.55922,55.0214],[10.562,55.02285],[10.56553,55.02533],[10.56597,55.0254],[10.56715,55.02559],[10.5662,55.0247],[10.56772,55.02472],[10.56774,55.02472],[10.56954,55.02506],[10.57298,55.02641],[10.57326,55.02825],[10.57256,55.02993],[10.57483,55.03329],[10.57569,55.0325],[10.57489,55.03127],[10.57528,55.03063],[10.57709,55.03067],[10.58231,55.03442],[10.58298,55.03526],[10.58656,55.03655],[10.58887,55.03734],[10.59513,55.03737],[10.59705,55.0376],[10.60307,55.04245],[10.60518,55.04551],[10.60796,55.04657],[10.61268,55.04761],[10.61342,55.048],[10.61401,55.04832],[10.61627,55.04935],[10.61645,55.04947],[10.61975,55.05161],[10.62145,55.05195],[10.62365,55.05175],[10.62508,55.05237],[10.62522,55.05291],[10.62464,55.05293],[10.62369,55.05229],[10.62298,55.05233],[10.6226,55.0529],[10.62247,55.05311],[10.62246,55.05326],[10.62203,55.05383],[10.62036,55.05405],[10.62039,55.05478],[10.62055,55.05517],[10.62085,55.05534],[10.62091,55.05535],[10.62104,55.05539],[10.62484,55.05439],[10.62522,55.05429],[10.62805,55.05523],[10.63103,55.05549],[10.63349,55.05401],[10.63625,55.05397],[10.6368,55.0534],[10.63692,55.05136],[10.63666,55.05076],[10.63644,55.05028],[10.63434,55.0497],[10.63402,55.04895],[10.63937,55.04759],[10.64292,55.04554],[10.64253,55.04294],[10.64322,55.04142],[10.64173,55.03943],[10.63872,55.03792],[10.63843,55.03687],[10.64117,55.03541],[10.64145,55.0352],[10.64263,55.03464],[10.64476,55.03407],[10.64678,55.034],[10.64902,55.03419],[10.64987,55.0342],[10.65161,55.0339],[10.65229,55.03378],[10.65668,55.03392],[10.65607,55.03051],[10.6563,55.02916],[10.65691,55.02808],[10.65861,55.02728],[10.65935,55.02574],[10.65923,55.02475],[10.65622,55.02122],[10.65434,55.02147],[10.65161,55.02054],[10.65014,55.02058],[10.64919,55.02031],[10.64872,55.02017],[10.64767,55.01903],[10.64593,55.01453],[10.6423,55.01053],[10.64064,55.00791],[10.63957,55.00522],[10.63953,55.0051],[10.63953,55.0051],[10.63861,55.00403],[10.63812,55.00272],[10.63845,54.99833],[10.63624,54.99635],[10.6349,54.99515],[10.63385,54.99456],[10.63279,54.99441],[10.63398,54.9952],[10.63311,54.99531],[10.62927,54.99431],[10.6311,54.99586],[10.62936,54.99683],[10.6287,54.99683],[10.62858,54.99682],[10.62319,54.98997],[10.62325,54.98989],[10.62315,54.98977],[10.62784,54.98371],[10.62808,54.98352],[10.62844,54.98338],[10.63045,54.98226],[10.63401,54.98122],[10.63401,54.98122],[10.63495,54.98106],[10.64169,54.98037],[10.6441,54.98073],[10.65313,54.97844],[10.65546,54.97838],[10.65677,54.9789],[10.66359,54.9836],[10.66746,54.98527],[10.66814,54.987],[10.66822,54.99071],[10.66973,54.99254],[10.67016,54.99426],[10.67101,54.9947],[10.67866,54.9959],[10.68355,54.99804],[10.68839,54.99693],[10.69059,54.99666],[10.69194,54.99686],[10.6926,54.99427],[10.69111,54.99276],[10.69038,54.99167],[10.69,54.98977],[10.69031,54.98893],[10.68776,54.98805],[10.68725,54.98711],[10.68743,54.9859],[10.68686,54.98526],[10.68755,54.98158],[10.68948,54.9784],[10.68816,54.97805],[10.68807,54.97589],[10.68874,54.97458],[10.68864,54.97403],[10.6876,54.9724],[10.68634,54.97154],[10.68539,54.97158],[10.6856,54.97212],[10.68592,54.97259],[10.6841,54.97381],[10.67948,54.97408],[10.67719,54.97358],[10.67661,54.97346],[10.67451,54.97354],[10.67329,54.97365],[10.66978,54.97409],[10.65768,54.97168],[10.65415,54.97216],[10.65234,54.97174],[10.64955,54.96916],[10.65582,54.96584],[10.65543,54.96556],[10.64982,54.96848],[10.64863,54.96818],[10.64766,54.9674],[10.64717,54.96635],[10.64585,54.9654],[10.64337,54.96396],[10.63946,54.96344],[10.63712,54.96253],[10.63466,54.96232],[10.63393,54.96205],[10.63346,54.96196],[10.63341,54.96187],[10.63289,54.96168],[10.63152,54.96073],[10.63134,54.95949],[10.63036,54.95805],[10.62925,54.95687],[10.62936,54.95595],[10.62813,54.95506],[10.62527,54.95421],[10.62381,54.95333],[10.62258,54.95259],[10.62147,54.94934],[10.61999,54.94817],[10.61568,54.9483],[10.6121,54.9493],[10.60982,54.95018],[10.60866,54.95032],[10.60304,54.95322],[10.60157,54.9534],[10.59782,54.95412],[10.59225,54.95469],[10.59012,54.95531],[10.58876,54.95528],[10.58588,54.95551],[10.58369,54.95556],[10.58359,54.95554],[10.58089,54.95505],[10.57991,54.95478],[10.57901,54.95517],[10.57611,54.95487],[10.5764,54.95448],[10.57786,54.95429],[10.5809,54.95375],[10.5824,54.95324],[10.5796,54.95276],[10.57947,54.95141],[10.583,54.95115],[10.58413,54.9504],[10.58487,54.94927],[10.58678,54.94861],[10.58859,54.94738],[10.58628,54.94748],[10.58169,54.94913],[10.58053,54.94901],[10.57961,54.94827],[10.57356,54.94881],[10.57107,54.94871],[10.56976,54.9483],[10.56817,54.94711],[10.56664,54.94675],[10.56331,54.94514],[10.561,54.94461],[10.55951,54.9448],[10.55843,54.94456],[10.55694,54.94337],[10.55583,54.94294],[10.55448,54.94309],[10.55416,54.94313],[10.55356,54.94405],[10.55495,54.94691],[10.55728,54.94831],[10.56113,54.94968],[10.55925,54.94862],[10.56279,54.94889],[10.56391,54.94976],[10.56389,54.95068],[10.5681,54.95193],[10.56785,54.95217],[10.5641,54.95142],[10.56322,54.95274],[10.56207,54.95345],[10.56138,54.95357],[10.55994,54.95328],[10.55613,54.95371],[10.55455,54.95191],[10.55294,54.95141],[10.54944,54.95218],[10.54861,54.95307],[10.54823,54.95447],[10.54864,54.95581],[10.55015,54.95776],[10.55118,54.9605],[10.55032,54.96221],[10.54399,54.9658],[10.54297,54.96568],[10.54241,54.9657],[10.5421,54.96619],[10.54255,54.96631],[10.54224,54.9668],[10.54002,54.96818]]]}},{"type":"Feature","properties":{"name":"Svendborg"},"geometry":{"type":"Polygon","coordinates":[[[10.6707,55.03763],[10.67533,55.03672],[10.67924,55.0376],[10.68596,55.03793],[10.6921,55.0381],[10.6963,55.0387],[10.70013,55.0396],[10.70095,55.04017],[10.70091,55.04029],[10.70049,55.04154],[10.69686,55.04152],[10.68548,55.04179],[10.68263,55.04139],[10.68039,55.04144],[10.67166,55.04179],[10.67025,55.04218],[10.66947,55.04232],[10.66856,55.04226],[10.66611,55.04193],[10.66533,55.04169],[10.66154,55.04131],[10.65839,55.04016],[10.65607,55.03882],[10.65254,55.03788],[10.65178,55.0379],[10.65132,55.03862],[10.65009,55.03912],[10.65011,55.03922],[10.65054,55.04094],[10.65094,55.04128],[10.65136,55.04144],[10.65107,55.0431],[10.64953,55.04468],[10.64873,55.04711],[10.64762,55.04801],[10.64719,55.04865],[10.64705,55.049],[10.64765,55.04958],[10.64989,55.05025],[10.65308,55.052],[10.65448,55.05184],[10.65722,55.05277],[10.65821,55.05247],[10.66039,55.05212],[10.66191,55.05144],[10.66686,55.05057],[10.67031,55.05017],[10.67596,55.05106],[10.67712,55.05152],[10.68053,55.05226],[10.68341,55.05214],[10.6848,55.05259],[10.69137,55.05429],[10.69322,55.05504],[10.69853,55.05435],[10.69866,55.05441],[10.69884,55.05439],[10.70075,55.05516],[10.70082,55.05604],[10.70284,55.05447],[10.70733,55.05362],[10.70796,55.05344],[10.71052,55.0489],[10.71132,55.04487],[10.71436,55.04093],[10.71558,55.03857],[10.7158,55.03574],[10.71464,55.03423],[10.71467,55.03347],[10.71485,55.033],[10.71655,55.03051],[10.71728,55.02982],[10.71196,55.03037],[10.71094,55.03035],[10.71005,55.02996],[10.70959,55.02998],[10.70883,55.03018],[10.70945,55.03075],[10.70873,55.03145],[10.70755,55.03195],[10.70713,55.03212],[10.70698,55.03226],[10.70653,55.03237],[10.70446,55.03325],[10.70205,55.03373],[10.69927,55.03352],[10.68199,55.02962],[10.67845,55.02951],[10.67688,55.02967],[10.67037,55.02936],[10.66876,55.02971],[10.66796,55.03036],[10.66896,55.03305],[10.66887,55.03467],[10.66945,55.03698],[10.6707,55.03763]]]}},{"type":"Feature","properties":{"name":"Svendborg"},"geometry":{"type":"Polygon","coordinates":[[[10.61806,55.05806],[10.61699,55.05736],[10.61621,55.05899],[10.61632,55.05987],[10.61767,55.06058],[10.6216,55.05904],[10.62114,55.05826],[10.62066,55.0579],[10.61936,55.05726],[10.61896,55.05746],[10.619,55.05797],[10.61961,55.05883],[10.61796,55.05922],[10.61806,55.05806]]]}},{"type":"Feature","properties":{"name":"Herning"},"geometry":{"type":"Polygon","coordinates":[[[8.8141,56.32136],[8.79567,56.32339],[8.77022,56.33436],[8.77968,56.34784],[8.77881,56.36528],[8.78554,56.36493],[8.80384,56.34856],[8.85167,56.34255],[8.87575,56.34045],[8.89727,56.35524],[8.91364,56.37931],[8.95617,56.37936],[8.96048,56.40139],[8.97889,56.40756],[9.00016,56.41404],[9.00912,56.40548],[9.01993,56.40644],[9.06055,56.39191],[9.06363,56.38469],[9.07509,56.37997],[9.07415,56.37085],[9.09085,56.36406],[9.10617,56.35217],[9.11215,56.33511],[9.07982,56.31907],[9.05368,56.336],[9.04248,56.32562],[9.04253,56.31459],[9.06718,56.30473],[9.0631,56.2993],[9.0574,56.30171],[9.06339,56.28877],[9.0754,56.29168],[9.08665,56.28697],[9.08784,56.27648],[9.11873,56.27738],[9.11129,56.26727],[9.10934,56.26723],[9.15608,56.2365],[9.14287,56.23207],[9.14884,56.21138],[9.14955,56.20888],[9.10667,56.2088],[9.07084,56.17477],[9.11237,56.16133],[9.10381,56.13905],[9.10929,56.13582],[9.10754,56.1316],[9.1178,56.12602],[9.11042,56.12293],[9.10151,56.10368],[9.10872,56.09373],[9.11988,56.09611],[9.14025,56.06744],[9.17817,56.0636],[9.1527,56.05504],[9.18784,56.05113],[9.16653,56.02351],[9.12567,56.02504],[9.13216,56.00105],[9.11464,55.99771],[9.10628,55.99095],[9.08958,55.99132],[9.08623,55.98704],[9.06541,55.9837],[9.04689,55.98285],[9.00955,55.99293],[9.00476,55.98922],[8.98599,55.99257],[8.98245,55.9832],[8.99232,55.97438],[9.01275,55.96859],[8.998,55.94707],[8.99864,55.91495],[8.96555,55.88487],[8.94329,55.89217],[8.88148,55.89575],[8.87579,55.89293],[8.8652,55.89541],[8.85555,55.88025],[8.83956,55.88179],[8.84273,55.88792],[8.81095,55.89111],[8.77331,55.9022],[8.75255,55.90884],[8.72842,55.94664],[8.73616,55.96295],[8.73836,55.97166],[8.75876,55.98326],[8.76314,55.99387],[8.74503,56.00457],[8.75807,56.00423],[8.79772,56.02059],[8.80298,56.03075],[8.77742,56.04935],[8.82256,56.05475],[8.85666,56.05216],[8.86442,56.05789],[8.86363,56.06818],[8.82839,56.07193],[8.83351,56.08408],[8.83006,56.097],[8.80967,56.1019],[8.78161,56.09755],[8.75984,56.11468],[8.76607,56.13642],[8.74243,56.13445],[8.73105,56.14483],[8.68592,56.14512],[8.66582,56.14347],[8.65352,56.1288],[8.64115,56.12529],[8.63556,56.13025],[8.63242,56.13731],[8.62452,56.14503],[8.60881,56.1485],[8.58591,56.14766],[8.57882,56.15001],[8.58275,56.15615],[8.59205,56.15498],[8.58573,56.15742],[8.58509,56.16547],[8.57514,56.16708],[8.5805,56.17504],[8.57624,56.17674],[8.56285,56.1859],[8.53848,56.19103],[8.52572,56.18924],[8.52801,56.19332],[8.51474,56.19451],[8.5005,56.19088],[8.48501,56.1936],[8.48406,56.20544],[8.46974,56.21406],[8.47804,56.22228],[8.45929,56.23118],[8.45806,56.23858],[8.43499,56.2451],[8.48074,56.26508],[8.46373,56.2737],[8.46127,56.28422],[8.46637,56.28742],[8.48169,56.28704],[8.49536,56.28238],[8.50834,56.29692],[8.51693,56.30169],[8.5469,56.30076],[8.57198,56.29072],[8.6063,56.28477],[8.60424,56.2826],[8.65638,56.29767],[8.66375,56.28471],[8.67785,56.27818],[8.69797,56.28506],[8.73971,56.27999],[8.74292,56.28839],[8.7847,56.30372],[8.78553,56.30388],[8.80733,56.31077],[8.81593,56.3171],[8.8141,56.32136]]]}},{"type":"Feature","properties":{"name":"Egedal"},"geometry":{"type":"Polygon","coordinates":[[[12.14965,55.75645],[12.1285,55.76185],[12.1133,55.76778],[12.10867,55.77478],[12.11055,55.7847],[12.11951,55.78599],[12.12286,55.79127],[12.13542,55.81147],[12.12744,55.81595],[12.12474,55.82229],[12.15198,55.82145],[12.1704,55.82753],[12.18895,55.81815],[12.20744,55.82782],[12.23822,55.8188],[12.26165,55.81627],[12.29715,55.81992],[12.32619,55.81236],[12.33664,55.80225],[12.32847,55.79378],[12.30467,55.79288],[12.31727,55.78669],[12.30844,55.77703],[12.29486,55.77907],[12.30003,55.76345],[12.2918,55.75754],[12.27492,55.75977],[12.26689,55.7562],[12.26979,55.7524],[12.2635,55.74768],[12.26913,55.74692],[12.28826,55.75155],[12.3061,55.75062],[12.31368,55.7486],[12.31641,55.74064],[12.3312,55.74246],[12.3319,55.74081],[12.33364,55.73405],[12.32413,55.73259],[12.32058,55.72858],[12.32329,55.71729],[12.32922,55.71379],[12.34331,55.71243],[12.34189,55.70975],[12.33512,55.70029],[12.32723,55.7002],[12.311,55.69369],[12.28905,55.69856],[12.25252,55.70534],[12.25078,55.70841],[12.24201,55.71454],[12.2288,55.71706],[12.21438,55.72678],[12.20841,55.7306],[12.22626,55.7339],[12.22263,55.73935],[12.22719,55.74016],[12.22158,55.74593],[12.20872,55.75066],[12.19721,55.75002],[12.19234,55.74641],[12.16695,55.74695],[12.15701,55.74843],[12.14965,55.75645]]]}},{"type":"Feature","properties":{"name":"Glostrup"},"geometry":{"type":"Polygon","coordinates":[[[12.42862,55.68151],[12.42327,55.67312],[12.42466,55.66952],[12.41865,55.66858],[12.41296,55.65973],[12.40722,55.65795],[12.39446,55.66086],[12.37471,55.66018],[12.37124,55.66015],[12.37164,55.66384],[12.36781,55.66833],[12.37448,55.67189],[12.38068,55.67102],[12.38502,55.67712],[12.39438,55.6749],[12.39628,55.68565],[12.38745,55.69731],[12.38816,55.70692],[12.39988,55.70546],[12.41024,55.70943],[12.42482,55.70868],[12.42865,55.70759],[12.42887,55.6921],[12.43236,55.68873],[12.42862,55.68151]]]}},{"type":"Feature","properties":{"name":"Frederiksberg"},"geometry":{"type":"Polygon","coordinates":[[[12.51662,55.69067],[12.52297,55.69447],[12.52781,55.69561],[12.52973,55.69584],[12.53063,55.69672],[12.53225,55.69667],[12.53215,55.69713],[12.53576,55.69746],[12.53828,55.69767],[12.53476,55.69444],[12.53682,55.69078],[12.53804,55.69055],[12.54122,55.68769],[12.54678,55.68528],[12.55315,55.68488],[12.55462,55.6844],[12.55527,55.68385],[12.5537,55.68161],[12.55732,55.68169],[12.55512,55.67353],[12.5499,55.67443],[12.54995,55.6727],[12.54753,55.67306],[12.53038,55.66775],[12.52331,55.6665],[12.51416,55.6688],[12.51101,55.66962],[12.50699,55.66964],[12.50494,55.66921],[12.49653,55.66892],[12.49614,55.67009],[12.49545,55.67233],[12.4933,55.6726],[12.4915,55.67924],[12.49396,55.68306],[12.49827,55.68533],[12.49801,55.68549],[12.49888,55.68607],[12.50641,55.68857],[12.51662,55.69067]]]}},{"type":"Feature","properties":{"name":"Hjørring"},"geometry":{"type":"Polygon","coordinates":[[[9.8636,57.51571],[9.87061,57.52021],[9.87599,57.52423],[9.88517,57.53194],[9.88737,57.53358],[9.89721,57.54318],[9.90262,57.54994],[9.9053,57.55221],[9.90969,57.55746],[9.91147,57.55901],[9.91425,57.56059],[9.91869,57.56449],[9.9202,57.56658],[9.92193,57.56823],[9.92355,57.57026],[9.92545,57.57312],[9.92827,57.57508],[9.93022,57.57742],[9.93022,57.57742],[9.93325,57.58144],[9.93483,57.58299],[9.93996,57.58586],[9.94294,57.58799],[9.94516,57.58849],[9.95134,57.59127],[9.95503,57.59399],[9.95788,57.59608],[9.95833,57.59642],[9.95887,57.5964],[9.95919,57.59581],[9.95922,57.59576],[9.95908,57.59566],[9.95936,57.5955],[9.95951,57.59525],[9.95954,57.5952],[9.95397,57.59149],[9.9644,57.59285],[9.96646,57.59312],[9.96987,57.59341],[9.97128,57.59352],[9.97702,57.594],[9.97774,57.59507],[9.97578,57.59601],[9.97534,57.59622],[9.97419,57.59677],[9.97721,57.59659],[9.97766,57.59639],[9.98589,57.59282],[9.98842,57.59278],[9.99092,57.59187],[10.00222,57.5911],[10.00223,57.5911],[10.02885,57.58979],[10.05177,57.59174],[10.05178,57.59174],[10.07009,57.5907],[10.07286,57.59037],[10.08257,57.58887],[10.08616,57.58863],[10.09233,57.58867],[10.0976,57.58913],[10.10775,57.58855],[10.13784,57.5917],[10.13808,57.59172],[10.15973,57.59335],[10.18603,57.59862],[10.1878,57.59885],[10.19594,57.60057],[10.20361,57.60293],[10.20791,57.60432],[10.21715,57.60661],[10.22685,57.60823],[10.2296,57.60855],[10.23612,57.60953],[10.24497,57.6111],[10.2538,57.61333],[10.2635,57.61725],[10.26622,57.61813],[10.26745,57.61812],[10.27062,57.61928],[10.27085,57.61936],[10.27654,57.61211],[10.33691,57.60672],[10.31248,57.55386],[10.33855,57.52664],[10.34605,57.52295],[10.34789,57.52629],[10.37497,57.50562],[10.37014,57.50007],[10.39081,57.49217],[10.39271,57.48415],[10.41179,57.479],[10.40329,57.47473],[10.36789,57.47079],[10.36809,57.46131],[10.36087,57.45501],[10.3605,57.45264],[10.34894,57.45375],[10.33143,57.44755],[10.31164,57.44733],[10.31352,57.43975],[10.30488,57.43665],[10.29912,57.42609],[10.32278,57.41901],[10.31992,57.40988],[10.3303,57.40677],[10.32634,57.40089],[10.33411,57.394],[10.35162,57.39016],[10.37658,57.39111],[10.38257,57.38711],[10.38868,57.39022],[10.3881,57.38538],[10.37367,57.38306],[10.37405,57.38077],[10.3719,57.38063],[10.37164,57.38221],[10.36909,57.3821],[10.36928,57.38088],[10.36346,57.38039],[10.3634,57.38097],[10.35984,57.38144],[10.35459,57.38135],[10.35469,57.37902],[10.34951,57.37933],[10.34687,57.37579],[10.34577,57.37603],[10.34611,57.37867],[10.34407,57.37921],[10.34237,57.37582],[10.32788,57.38194],[10.31984,57.37649],[10.3034,57.3759],[10.26204,57.38219],[10.24102,57.38484],[10.23644,57.37537],[10.22758,57.37247],[10.23097,57.36548],[10.22442,57.36005],[10.18773,57.35747],[10.19143,57.34734],[10.18284,57.34754],[10.19247,57.34458],[10.19195,57.33726],[10.17328,57.33581],[10.16883,57.32911],[10.16679,57.32694],[10.16316,57.32671],[10.16099,57.32591],[10.15936,57.32581],[10.15826,57.32663],[10.15708,57.32614],[10.15652,57.3269],[10.15232,57.32759],[10.14852,57.32912],[10.1442,57.32955],[10.11641,57.32793],[10.11018,57.33175],[10.09864,57.32405],[10.0687,57.33171],[10.0626,57.32585],[10.06975,57.32497],[10.06769,57.3153],[10.04395,57.31431],[10.02816,57.32184],[9.99059,57.32757],[9.97765,57.33321],[9.94623,57.3351],[9.94576,57.33007],[9.93752,57.32957],[9.94084,57.32018],[9.92669,57.32298],[9.90058,57.32878],[9.8943,57.33886],[9.86666,57.34267],[9.86314,57.33706],[9.85245,57.33272],[9.83159,57.33864],[9.82483,57.3164],[9.79223,57.31532],[9.78326,57.30713],[9.77127,57.3071],[9.77051,57.30789],[9.73727,57.33728],[9.70672,57.35231],[9.69023,57.35561],[9.70182,57.36944],[9.70405,57.37172],[9.70625,57.37287],[9.71092,57.37511],[9.714,57.37799],[9.71645,57.3797],[9.7189,57.38275],[9.72353,57.38712],[9.73072,57.39556],[9.7308,57.39565],[9.73476,57.39993],[9.74315,57.41136],[9.74764,57.41672],[9.74765,57.41674],[9.75299,57.42363],[9.7568,57.42995],[9.76327,57.43813],[9.76849,57.44516],[9.77234,57.45124],[9.7737,57.45258],[9.7737,57.45258],[9.77716,57.45714],[9.78408,57.46419],[9.79462,57.4765],[9.79721,57.47833],[9.79905,57.47933],[9.80082,57.48041],[9.804,57.48255],[9.81071,57.48573],[9.81687,57.48819],[9.82376,57.49238],[9.82395,57.49257],[9.82468,57.49327],[9.82706,57.49468],[9.82946,57.49583],[9.83747,57.50021],[9.8636,57.5157],[9.8636,57.51571]]]}},{"type":"Feature","properties":{"name":"Skive"},"geometry":{"type":"Polygon","coordinates":[[[9.19142,56.72776],[9.19229,56.72597],[9.19364,56.72481],[9.19616,56.72479],[9.19893,56.72408],[9.19951,56.72576],[9.19835,56.72605],[9.19816,56.72643],[9.19865,56.72684],[9.20024,56.72641],[9.20013,56.72479],[9.1998,56.72391],[9.19774,56.72184],[9.19699,56.72149],[9.1946,56.72058],[9.19141,56.71883],[9.19091,56.71876],[9.19034,56.71876],[9.18571,56.71944],[9.18557,56.71877],[9.18463,56.71928],[9.18465,56.71961],[9.18468,56.72002],[9.1862,56.72095],[9.18677,56.7207],[9.1869,56.72032],[9.18703,56.71996],[9.19077,56.71928],[9.19367,56.72074],[9.19384,56.72162],[9.19497,56.72281],[9.19488,56.72289],[9.19468,56.72307],[9.19411,56.72287],[9.19297,56.72217],[9.19132,56.72233],[9.1933,56.7242],[9.19279,56.7247],[9.19251,56.72475],[9.19088,56.72419],[9.19045,56.72433],[9.18932,56.72669],[9.18952,56.72751],[9.18801,56.72949],[9.18878,56.72931],[9.19142,56.72776]]]}},{"type":"Feature","properties":{"name":"Skive"},"geometry":{"type":"Polygon","coordinates":[[[8.91201,56.69524],[8.91471,56.6969],[8.91757,56.69772],[8.91863,56.69882],[8.91864,56.69889],[8.91903,56.7024],[8.91762,56.70524],[8.91644,56.70685],[8.91528,56.70767],[8.90903,56.70962],[8.90181,56.71062],[8.90083,56.71044],[8.89673,56.70965],[8.89421,56.70752],[8.89218,56.70724],[8.88934,56.70782],[8.88783,56.70938],[8.88558,56.71408],[8.88628,56.71594],[8.88438,56.71701],[8.88345,56.71695],[8.88261,56.71637],[8.8826,56.71636],[8.88168,56.71186],[8.87704,56.70694],[8.87721,56.70567],[8.87604,56.70519],[8.87354,56.70576],[8.87072,56.7064],[8.86696,56.70905],[8.86671,56.70996],[8.86586,56.71067],[8.86508,56.71096],[8.86265,56.71187],[8.85917,56.71182],[8.85718,56.71067],[8.85499,56.70866],[8.85121,56.70752],[8.85063,56.70735],[8.8463,56.70736],[8.83598,56.70659],[8.83291,56.70689],[8.82839,56.70525],[8.82658,56.70503],[8.82644,56.70518],[8.82482,56.70699],[8.82572,56.7077],[8.82622,56.70953],[8.82927,56.71269],[8.83178,56.71417],[8.8339,56.71654],[8.83567,56.71829],[8.83779,56.72212],[8.83763,56.72525],[8.83892,56.72569],[8.83944,56.72682],[8.84247,56.72811],[8.84351,56.72961],[8.84824,56.73361],[8.84929,56.73479],[8.84947,56.735],[8.85202,56.74065],[8.85363,56.74239],[8.85372,56.74335],[8.85373,56.74335],[8.85491,56.74444],[8.85635,56.74433],[8.85771,56.74474],[8.86023,56.74711],[8.86591,56.74998],[8.86993,56.75268],[8.87068,56.75368],[8.87105,56.75392],[8.871,56.75411],[8.87114,56.75559],[8.86904,56.75835],[8.86674,56.76098],[8.8621,56.76354],[8.86262,56.76412],[8.86462,56.76429],[8.86518,56.76343],[8.86533,56.7634],[8.86546,56.76322],[8.8662,56.76319],[8.86623,56.76319],[8.86709,56.7637],[8.86767,56.7634],[8.86843,56.76334],[8.86897,56.76322],[8.87059,56.76316],[8.87364,56.76291],[8.87465,56.763],[8.8757,56.76296],[8.8835,56.76478],[8.8835,56.76478],[8.88381,56.7649],[8.8852,56.76514],[8.88805,56.76626],[8.89238,56.7686],[8.8999,56.77099],[8.90106,56.77203],[8.90708,56.77336],[8.90983,56.77432],[8.91344,56.77598],[8.91731,56.77842],[8.92133,56.78187],[8.92412,56.78483],[8.92559,56.78708],[8.92632,56.78759],[8.92652,56.78773],[8.93324,56.79119],[8.9409,56.79406],[8.9465,56.79665],[8.94955,56.79806],[8.94967,56.79811],[8.95281,56.79854],[8.95532,56.79971],[8.9564,56.7997],[8.95854,56.80024],[8.96168,56.80165],[8.96399,56.80183],[8.96581,56.80146],[8.96891,56.7997],[8.9748,56.79912],[8.9768,56.79843],[8.98037,56.79789],[8.98762,56.7955],[8.99111,56.79538],[8.9914,56.79533],[8.99255,56.79424],[8.99515,56.79318],[8.99728,56.79273],[8.99862,56.79276],[8.99822,56.79321],[8.9989,56.79333],[9.00008,56.7925],[9.00766,56.78976],[9.01048,56.78919],[9.01257,56.78897],[9.01521,56.78956],[9.02297,56.78858],[9.02439,56.7884],[9.02511,56.78786],[9.02527,56.78695],[9.02002,56.78821],[9.02131,56.78746],[9.02198,56.78707],[9.0249,56.78642],[9.02601,56.7861],[9.02998,56.7847],[9.03187,56.78436],[9.03192,56.78435],[9.03318,56.78433],[9.03732,56.78555],[9.03843,56.78556],[9.03923,56.78584],[9.04086,56.78735],[9.04069,56.78854],[9.04027,56.78983],[9.03834,56.79088],[9.03652,56.79131],[9.03372,56.79133],[9.03281,56.79154],[9.03195,56.79187],[9.03063,56.79327],[9.03083,56.79378],[9.03094,56.79406],[9.03395,56.79471],[9.03379,56.79526],[9.03376,56.79585],[9.03361,56.79588],[9.03358,56.79598],[9.02852,56.79673],[9.02785,56.79796],[9.02873,56.79819],[9.02896,56.79867],[9.02603,56.79984],[9.02499,56.79994],[9.02518,56.80027],[9.02779,56.80046],[9.03073,56.80048],[9.03941,56.80001],[9.03948,56.80145],[9.04406,56.80184],[9.04611,56.80158],[9.05166,56.80018],[9.05493,56.79996],[9.05718,56.80091],[9.05855,56.8014],[9.0607,56.80183],[9.06181,56.80245],[9.06373,56.80267],[9.06416,56.80185],[9.06547,56.80172],[9.06637,56.80209],[9.06625,56.80269],[9.06692,56.80289],[9.07038,56.80187],[9.07174,56.80092],[9.07483,56.80041],[9.07735,56.79891],[9.0931,56.79296],[9.09907,56.79008],[9.10326,56.78945],[9.11086,56.78708],[9.1109,56.78707],[9.11261,56.78666],[9.11282,56.78592],[9.11285,56.78578],[9.10816,56.7814],[9.10742,56.77851],[9.1074,56.77844],[9.10766,56.77778],[9.10813,56.77558],[9.11101,56.76939],[9.1128,56.76688],[9.11425,56.76594],[9.11395,56.76543],[9.1149,56.76424],[9.11637,56.76324],[9.11663,56.7628],[9.11883,56.75622],[9.12216,56.75235],[9.12246,56.75135],[9.12509,56.74883],[9.12719,56.74701],[9.12784,56.74528],[9.13128,56.7425],[9.13097,56.74124],[9.13145,56.74042],[9.13423,56.73861],[9.13548,56.7383],[9.13602,56.73749],[9.13876,56.73598],[9.13876,56.73597],[9.14269,56.73345],[9.14535,56.73244],[9.14572,56.73195],[9.1461,56.73173],[9.14688,56.73088],[9.14822,56.73049],[9.14989,56.72823],[9.15302,56.7255],[9.15912,56.72229],[9.16053,56.72103],[9.16368,56.71983],[9.16445,56.71942],[9.16609,56.717],[9.17179,56.71402],[9.17449,56.71173],[9.17353,56.7106],[9.1737,56.70972],[9.17429,56.70904],[9.17526,56.70821],[9.1756,56.708],[9.18086,56.70667],[9.18496,56.70469],[9.17911,56.70668],[9.17404,56.7077],[9.1717,56.70743],[9.16448,56.7048],[9.16131,56.70437],[9.15655,56.70278],[9.15088,56.7],[9.14716,56.69887],[9.14446,56.69725],[9.14302,56.69676],[9.14113,56.69562],[9.13705,56.6922],[9.13464,56.6904],[9.13464,56.69039],[9.13333,56.68919],[9.13225,56.68779],[9.1243,56.6818],[9.12068,56.67788],[9.11892,56.6696],[9.11793,56.66706],[9.1169,56.6666],[9.11411,56.66612],[9.1099,56.6661],[9.10632,56.667],[9.10322,56.66867],[9.10221,56.6691],[9.10109,56.66911],[9.10082,56.66912],[9.09769,56.6682],[9.09759,56.6681],[9.0973,56.66801],[9.09689,56.6674],[9.09507,56.66559],[9.09532,56.66508],[9.09533,56.66507],[9.09503,56.66317],[9.09609,56.66204],[9.0969,56.66212],[9.0969,56.66093],[9.09646,56.66066],[9.09791,56.65945],[9.09781,56.65848],[9.10027,56.65656],[9.09931,56.65118],[9.09951,56.64865],[9.10013,56.64756],[9.10013,56.64729],[9.10039,56.6471],[9.10086,56.64625],[9.10506,56.644],[9.10532,56.64355],[9.10403,56.64356],[9.09717,56.64505],[9.09097,56.64497],[9.08645,56.64335],[9.08363,56.64284],[9.07935,56.64033],[9.07501,56.63885],[9.07185,56.63731],[9.06956,56.63543],[9.06705,56.63477],[9.06491,56.63341],[9.06209,56.63271],[9.06154,56.63192],[9.05812,56.63023],[9.05808,56.63021],[9.05576,56.62875],[9.05475,56.62729],[9.05507,56.62653],[9.05427,56.62587],[9.05385,56.62428],[9.05407,56.62238],[9.0517,56.6189],[9.05018,56.61486],[9.04652,56.61248],[9.04568,56.61117],[9.04423,56.60996],[9.04405,56.60951],[9.04395,56.60927],[9.04488,56.60566],[9.04351,56.60254],[9.04399,56.59703],[9.04448,56.59588],[9.04309,56.59506],[9.0427,56.59318],[9.04278,56.59288],[9.04357,56.58989],[9.04474,56.58826],[9.04432,56.5871],[9.04487,56.58554],[9.04499,56.58537],[9.04955,56.57863],[9.0522,56.5773],[9.05223,56.57728],[9.05312,56.57709],[9.05398,56.5769],[9.05435,56.57646],[9.05135,56.57634],[9.05137,56.57551],[9.05213,56.57454],[9.05239,56.57437],[9.054,56.57369],[9.05475,56.57368],[9.05496,56.57283],[9.05512,56.57037],[9.0519,56.57005],[9.05209,56.56943],[9.05449,56.56968],[9.05507,56.56771],[9.05404,56.56765],[9.05233,56.5671],[9.05338,56.56578],[9.0535,56.56562],[9.05427,56.56564],[9.05432,56.56556],[9.05466,56.56506],[9.05422,56.56461],[9.0543,56.56456],[9.05414,56.56436],[9.05488,56.56385],[9.0563,56.56356],[9.05675,56.56311],[9.0541,56.56267],[9.05298,56.56286],[9.05158,56.56257],[9.05011,56.56167],[9.05141,56.56038],[9.05384,56.55945],[9.05587,56.55817],[9.05665,56.55712],[9.05787,56.55659],[9.05791,56.55658],[9.05938,56.55611],[9.06288,56.55588],[9.06416,56.5557],[9.07522,56.55623],[9.07635,56.55667],[9.08272,56.56284],[9.08646,56.56586],[9.09029,56.56826],[9.09213,56.56903],[9.09315,56.5703],[9.09329,56.57173],[9.09449,56.57211],[9.09487,56.5728],[9.09437,56.57311],[9.09582,56.57409],[9.09588,56.57421],[9.09593,56.57432],[9.0968,56.57632],[9.09708,56.57762],[9.09718,56.57895],[9.09699,56.57925],[9.09559,56.58153],[9.09353,56.58257],[9.09198,56.5841],[9.0897,56.58957],[9.0897,56.59113],[9.09238,56.59844],[9.09527,56.60294],[9.10075,56.6049],[9.10287,56.60499],[9.10704,56.60726],[9.11032,56.60807],[9.11245,56.60775],[9.11517,56.60793],[9.11684,56.60769],[9.11911,56.60737],[9.12009,56.60659],[9.11894,56.60487],[9.12146,56.60222],[9.12329,56.6014],[9.1241,56.60104],[9.12702,56.60042],[9.1285,56.59944],[9.13073,56.59936],[9.1345,56.59994],[9.13557,56.59978],[9.13941,56.60193],[9.14105,56.60201],[9.14194,56.60239],[9.14422,56.60455],[9.14646,56.60555],[9.14813,56.60791],[9.15009,56.60859],[9.15169,56.60986],[9.15226,56.61308],[9.15337,56.61473],[9.15288,56.61756],[9.15288,56.61757],[9.15182,56.61883],[9.14967,56.61939],[9.14694,56.61932],[9.14315,56.61871],[9.13688,56.61828],[9.12856,56.61636],[9.12664,56.61605],[9.12061,56.61665],[9.11687,56.61855],[9.11617,56.6185],[9.11045,56.62032],[9.10988,56.6204],[9.10444,56.62037],[9.10304,56.62012],[9.10307,56.6203],[9.10447,56.62055],[9.10992,56.62058],[9.1105,56.62051],[9.11264,56.62006],[9.11401,56.62035],[9.11422,56.62056],[9.11469,56.62083],[9.1161,56.62249],[9.11956,56.62346],[9.1284,56.62754],[9.12845,56.62813],[9.12937,56.62818],[9.13238,56.63126],[9.13778,56.63385],[9.14035,56.63655],[9.14329,56.64201],[9.14439,56.64769],[9.14526,56.64845],[9.14593,56.6488],[9.14733,56.64939],[9.15042,56.65474],[9.15168,56.65522],[9.14976,56.65843],[9.14923,56.66055],[9.14939,56.66233],[9.14931,56.66349],[9.14871,56.66417],[9.14912,56.66423],[9.14978,56.66351],[9.14966,56.66057],[9.15016,56.65847],[9.15158,56.65652],[9.15219,56.65409],[9.15262,56.65364],[9.15354,56.65365],[9.15646,56.65184],[9.15597,56.64947],[9.15617,56.64541],[9.15348,56.64471],[9.15132,56.64271],[9.15014,56.63852],[9.15,56.6365],[9.15047,56.63561],[9.15045,56.63542],[9.15073,56.63513],[9.1513,56.63411],[9.1549,56.62994],[9.15901,56.62627],[9.16315,56.62368],[9.16833,56.62194],[9.17088,56.62166],[9.17095,56.62165],[9.17872,56.62135],[9.18203,56.62087],[9.18589,56.62102],[9.18736,56.62137],[9.1893,56.62185],[9.19481,56.62429],[9.1987,56.62693],[9.2001,56.62762],[9.20226,56.62817],[9.20387,56.62834],[9.20577,56.62924],[9.20872,56.62987],[9.21078,56.62998],[9.2131,56.6293],[9.21476,56.62836],[9.21708,56.62878],[9.22447,56.62725],[9.22908,56.62761],[9.23171,56.62831],[9.2388,56.628],[9.24216,56.62868],[9.24659,56.62789],[9.25191,56.62818],[9.25642,56.62758],[9.25793,56.62781],[9.26111,56.62768],[9.26412,56.62836],[9.26803,56.62706],[9.27061,56.62543],[9.26552,56.62707],[9.26443,56.62724],[9.26248,56.62696],[9.26205,56.62657],[9.2593,56.62693],[9.25861,56.62694],[9.25814,56.62694],[9.25796,56.62664],[9.25888,56.62483],[9.2595,56.6244],[9.26059,56.62364],[9.26255,56.62303],[9.26318,56.62304],[9.26329,56.62302],[9.26357,56.62295],[9.26393,56.62306],[9.26424,56.62307],[9.27211,56.62548],[9.2755,56.62494],[9.27901,56.6233],[9.28462,56.62213],[9.28579,56.62087],[9.28746,56.61754],[9.29024,56.61554],[9.29546,56.60992],[9.29538,56.60933],[9.29229,56.61006],[9.29158,56.60992],[9.29152,56.60994],[9.29117,56.60981],[9.29044,56.60951],[9.2903,56.60835],[9.29022,56.60827],[9.29021,56.60767],[9.28879,56.60671],[9.28988,56.60639],[9.28975,56.60607],[9.28835,56.60618],[9.28739,56.6045],[9.28738,56.60395],[9.28736,56.60321],[9.28858,56.60265],[9.29006,56.60249],[9.28629,56.60121],[9.28535,56.60025],[9.2828,56.59878],[9.27962,56.59802],[9.27767,56.59706],[9.27679,56.59676],[9.26931,56.59517],[9.26166,56.59176],[9.26011,56.59152],[9.25683,56.59317],[9.25656,56.59098],[9.25716,56.58783],[9.25645,56.58634],[9.25435,56.5839],[9.25493,56.58344],[9.25483,56.58287],[9.25483,56.58286],[9.25401,56.58249],[9.25128,56.57818],[9.24703,56.57567],[9.24544,56.57406],[9.24701,56.57233],[9.24056,56.56418],[9.22857,56.5636],[9.22262,56.55968],[9.23071,56.54968],[9.19361,56.52474],[9.18728,56.52621],[9.13789,56.52018],[9.13128,56.51641],[9.11783,56.51883],[9.10513,56.52954],[9.09658,56.52864],[9.08583,56.53608],[9.04983,56.52218],[9.04407,56.52542],[9.03124,56.5229],[9.02987,56.52256],[9.02515,56.52584],[9.01938,56.52499],[9.00414,56.51565],[8.98615,56.51799],[8.98168,56.52218],[8.97422,56.52351],[8.97223,56.5175],[8.98715,56.502],[8.98187,56.50103],[8.9874,56.49168],[8.96674,56.48921],[8.96336,56.49612],[8.93279,56.49626],[8.90707,56.49959],[8.86101,56.49763],[8.86817,56.51534],[8.86873,56.51819],[8.8537,56.53008],[8.85522,56.54504],[8.84994,56.54912],[8.84164,56.55403],[8.84336,56.55792],[8.82362,56.56302],[8.82359,56.5659],[8.80302,56.56618],[8.76651,56.557],[8.76693,56.55212],[8.76196,56.55255],[8.76197,56.55257],[8.76084,56.55617],[8.76052,56.5576],[8.75811,56.56071],[8.75327,56.56426],[8.75182,56.56509],[8.75126,56.56531],[8.74684,56.56665],[8.74219,56.56851],[8.73456,56.57154],[8.72901,56.57313],[8.72676,56.5734],[8.71691,56.57796],[8.71381,56.5797],[8.7113,56.58071],[8.7103,56.58112],[8.70907,56.58145],[8.70373,56.58423],[8.70137,56.58606],[8.70057,56.5871],[8.69961,56.58834],[8.69731,56.5931],[8.69552,56.59862],[8.69213,56.60524],[8.69091,56.60647],[8.69064,56.60674],[8.68803,56.60845],[8.68605,56.60921],[8.68007,56.60959],[8.67665,56.60951],[8.67472,56.61034],[8.67634,56.61319],[8.67628,56.6188],[8.67693,56.62241],[8.67863,56.62381],[8.67944,56.62414],[8.6808,56.62561],[8.68218,56.62582],[8.68273,56.62642],[8.6841,56.62649],[8.688,56.62759],[8.68972,56.62755],[8.6926,56.62749],[8.70326,56.62511],[8.70789,56.6233],[8.70947,56.62316],[8.71103,56.62344],[8.71192,56.62314],[8.71927,56.62222],[8.72323,56.62296],[8.72515,56.62295],[8.72696,56.62339],[8.72704,56.62341],[8.73113,56.62513],[8.73564,56.62811],[8.73982,56.63026],[8.74656,56.63529],[8.7509,56.63809],[8.75344,56.63895],[8.75541,56.63909],[8.75737,56.63988],[8.75751,56.63994],[8.7594,56.64174],[8.76045,56.6437],[8.76085,56.64419],[8.76095,56.64423],[8.76176,56.64457],[8.7631,56.6448],[8.76478,56.64693],[8.76775,56.64962],[8.77009,56.65146],[8.77368,56.65404],[8.77419,56.65469],[8.7745,56.65528],[8.77911,56.66227],[8.78101,56.66619],[8.78131,56.66841],[8.78431,56.67448],[8.78577,56.67581],[8.78818,56.67704],[8.78931,56.67877],[8.7915,56.68074],[8.79577,56.68193],[8.79781,56.6831],[8.80061,56.68449],[8.80319,56.68747],[8.80405,56.68808],[8.80589,56.68891],[8.80926,56.69106],[8.81295,56.69438],[8.81662,56.69499],[8.82149,56.69484],[8.82244,56.69409],[8.82303,56.69255],[8.82775,56.69172],[8.83269,56.68945],[8.83428,56.68841],[8.83486,56.68741],[8.83638,56.68708],[8.83648,56.68703],[8.83656,56.68699],[8.83682,56.68702],[8.84123,56.68666],[8.84532,56.68777],[8.84932,56.69091],[8.85167,56.69341],[8.8548,56.69224],[8.8568,56.6923],[8.86321,56.69222],[8.86597,56.69159],[8.86643,56.69181],[8.86728,56.69192],[8.86784,56.69149],[8.8687,56.69138],[8.86873,56.69138],[8.86989,56.69258],[8.8699,56.69322],[8.87002,56.6934],[8.86992,56.69354],[8.8676,56.69458],[8.8672,56.69529],[8.86853,56.69802],[8.87076,56.69977],[8.87577,56.70123],[8.8791,56.7014],[8.88068,56.70203],[8.88295,56.70234],[8.88328,56.70232],[8.88366,56.70219],[8.88284,56.70148],[8.8825,56.69992],[8.88302,56.69793],[8.88522,56.69659],[8.88694,56.69529],[8.88861,56.69331],[8.8916,56.69247],[8.89193,56.69242],[8.90171,56.69251],[8.90593,56.69317],[8.90659,56.69327],[8.91201,56.69524]]]}},{"type":"Feature","properties":{"name":"Skive"},"geometry":{"type":"Polygon","coordinates":[[[9.01,56.79596],[9.00403,56.79794],[9.00113,56.79948],[9.00026,56.79994],[8.99594,56.8032],[8.9879,56.80751],[8.9848,56.80945],[8.98362,56.81083],[8.98207,56.81133],[8.97946,56.81123],[8.97882,56.8113],[8.97871,56.81181],[8.97804,56.81292],[8.97684,56.81347],[8.97487,56.81543],[8.97399,56.81573],[8.97287,56.81722],[8.97236,56.81891],[8.97066,56.82128],[8.97022,56.82142],[8.96995,56.82174],[8.96925,56.82324],[8.96787,56.8241],[8.96726,56.82481],[8.96682,56.82573],[8.96467,56.82775],[8.96395,56.82858],[8.96252,56.82913],[8.9611,56.82932],[8.96005,56.83007],[8.95533,56.83141],[8.95248,56.83168],[8.95062,56.83305],[8.95195,56.8341],[8.95427,56.83619],[8.95607,56.83745],[8.95879,56.83788],[8.96433,56.83845],[8.97105,56.83836],[8.97663,56.83889],[8.98618,56.84097],[8.98744,56.84084],[8.9908,56.84129],[8.99398,56.84212],[9.00544,56.84414],[9.01326,56.84411],[9.01498,56.84428],[9.01592,56.84437],[9.02544,56.84637],[9.02633,56.84639],[9.03825,56.84668],[9.04418,56.84651],[9.04708,56.84612],[9.05284,56.84478],[9.06442,56.84348],[9.07514,56.84365],[9.08282,56.8455],[9.08311,56.84517],[9.07941,56.84335],[9.0766,56.84267],[9.0759,56.8425],[9.07163,56.84253],[9.0675,56.84208],[9.06716,56.842],[9.06685,56.84179],[9.06168,56.83948],[9.06028,56.83833],[9.05944,56.83688],[9.05933,56.8367],[9.05918,56.8366],[9.05926,56.8364],[9.05893,56.83489],[9.05919,56.83282],[9.06021,56.8311],[9.06181,56.82983],[9.0643,56.82895],[9.06786,56.82987],[9.07405,56.82971],[9.07677,56.82906],[9.07772,56.82865],[9.07759,56.82733],[9.07483,56.82476],[9.07065,56.82211],[9.06456,56.81968],[9.06288,56.81965],[9.05738,56.81763],[9.05511,56.81745],[9.05504,56.81744],[9.05272,56.81764],[9.05167,56.81804],[9.05218,56.81878],[9.05062,56.81977],[9.0489,56.82033],[9.04708,56.82045],[9.043,56.81974],[9.04276,56.82006],[9.04153,56.82014],[9.04096,56.81941],[9.03797,56.81872],[9.03494,56.81729],[9.03435,56.81752],[9.03406,56.81763],[9.03275,56.81845],[9.03445,56.81941],[9.03558,56.82108],[9.03514,56.82251],[9.03578,56.82306],[9.03493,56.82377],[9.0341,56.82368],[9.03318,56.8232],[9.03267,56.822],[9.03368,56.8207],[9.03227,56.81987],[9.02982,56.81904],[9.02844,56.81681],[9.0266,56.81532],[9.02498,56.81414],[9.02295,56.81105],[9.02172,56.80687],[9.02229,56.80465],[9.02255,56.80363],[9.02201,56.80358],[9.02108,56.80398],[9.01932,56.80346],[9.01981,56.80268],[9.01886,56.8032],[9.01739,56.8032],[9.01505,56.80343],[9.01308,56.80321],[9.01091,56.80255],[9.00978,56.80178],[9.00899,56.79953],[9.01,56.79596]]]}},{"type":"Feature","properties":{"name":"Kerteminde"},"geometry":{"type":"Polygon","coordinates":[[[10.77842,55.50827],[10.7798,55.50889],[10.78059,55.51038],[10.78127,55.51164],[10.77949,55.51374],[10.77913,55.51553],[10.77992,55.51614],[10.7833,55.5174],[10.78849,55.51828],[10.78997,55.51822],[10.79246,55.51751],[10.79295,55.51637],[10.79495,55.51574],[10.79577,55.51528],[10.79904,55.51451],[10.80047,55.51244],[10.80029,55.51209],[10.79991,55.51137],[10.79861,55.51088],[10.79137,55.50889],[10.78987,55.50852],[10.78841,55.50816],[10.78006,55.50841],[10.77842,55.50827]]]}},{"type":"Feature","properties":{"name":"Kerteminde"},"geometry":{"type":"Polygon","coordinates":[[[10.56833,55.47561],[10.56969,55.4759],[10.5697,55.4759],[10.57238,55.47647],[10.57413,55.4771],[10.57575,55.4788],[10.57864,55.48056],[10.58014,55.4826],[10.58131,55.48263],[10.58468,55.48223],[10.58955,55.4824],[10.59486,55.48308],[10.59786,55.48434],[10.59836,55.4838],[10.60241,55.48393],[10.6033,55.48364],[10.60432,55.4833],[10.60694,55.48048],[10.61052,55.47852],[10.6115,55.47848],[10.61152,55.47848],[10.61153,55.47847],[10.6131,55.47862],[10.61364,55.47895],[10.61636,55.4818],[10.61956,55.48438],[10.62191,55.48569],[10.62413,55.48708],[10.62526,55.48835],[10.62657,55.49066],[10.62666,55.49096],[10.62643,55.49299],[10.62419,55.49506],[10.61963,55.49611],[10.61961,55.49796],[10.62077,55.50247],[10.61992,55.50432],[10.616,55.50616],[10.61298,55.50657],[10.60985,55.50828],[10.60812,55.50819],[10.60658,55.50858],[10.60552,55.50903],[10.60384,55.50962],[10.59832,55.51099],[10.59497,55.51233],[10.59438,55.5119],[10.59263,55.51297],[10.59123,55.51339],[10.58779,55.51391],[10.58301,55.51377],[10.58174,55.51331],[10.57978,55.51386],[10.57451,55.51569],[10.57066,55.51643],[10.5695,55.51698],[10.56685,55.51971],[10.56748,55.52088],[10.56763,55.52413],[10.56852,55.52505],[10.56855,55.52578],[10.57044,55.52674],[10.57254,55.52735],[10.57797,55.52999],[10.58641,55.53185],[10.58848,55.532],[10.5911,55.53176],[10.59615,55.53045],[10.59925,55.52851],[10.59942,55.52835],[10.60148,55.52634],[10.60296,55.52146],[10.60442,55.52091],[10.60912,55.52031],[10.61137,55.51923],[10.61324,55.51772],[10.61471,55.51705],[10.61934,55.51573],[10.62062,55.51568],[10.62166,55.51586],[10.62191,55.51582],[10.62215,55.51596],[10.62427,55.51635],[10.62577,55.51698],[10.62841,55.51877],[10.62863,55.51949],[10.62863,55.51952],[10.62949,55.52111],[10.62951,55.52301],[10.62958,55.52331],[10.62926,55.52364],[10.62753,55.52607],[10.62631,55.52664],[10.62628,55.52665],[10.62213,55.52877],[10.6183,55.53027],[10.61792,55.53172],[10.61923,55.53355],[10.61976,55.53515],[10.61962,55.53576],[10.61901,55.53675],[10.61839,55.53808],[10.62014,55.54176],[10.62072,55.54553],[10.61882,55.54749],[10.61739,55.55004],[10.6152,55.55278],[10.61144,55.55488],[10.60581,55.55875],[10.6046,55.5653],[10.60527,55.56856],[10.60515,55.56903],[10.60489,55.57008],[10.60439,55.57062],[10.60248,55.57135],[10.60061,55.5733],[10.60037,55.57479],[10.59855,55.5768],[10.59832,55.57776],[10.59937,55.57993],[10.59939,55.58146],[10.59917,55.58163],[10.59834,55.58286],[10.59639,55.58348],[10.59635,55.58407],[10.59717,55.5866],[10.59807,55.58815],[10.6011,55.59273],[10.60249,55.59378],[10.60388,55.59428],[10.60551,55.59376],[10.60536,55.59255],[10.60726,55.59148],[10.60845,55.59009],[10.60772,55.59012],[10.60613,55.59164],[10.60331,55.59134],[10.60157,55.59147],[10.60151,55.59135],[10.59872,55.58638],[10.5978,55.58456],[10.59843,55.58413],[10.59912,55.58464],[10.59999,55.58451],[10.60107,55.58368],[10.60101,55.58274],[10.60257,55.58175],[10.60415,55.57909],[10.60308,55.57778],[10.6036,55.57734],[10.60472,55.57725],[10.60626,55.57523],[10.60738,55.57396],[10.60897,55.57255],[10.61041,55.57096],[10.61066,55.56918],[10.61334,55.56686],[10.61374,55.56671],[10.61396,55.56653],[10.61456,55.56638],[10.61671,55.56665],[10.61742,55.56633],[10.61809,55.56586],[10.61811,55.56565],[10.61717,55.56352],[10.62057,55.56024],[10.62251,55.55892],[10.62677,55.55772],[10.62682,55.55777],[10.62692,55.55772],[10.62834,55.55912],[10.63248,55.5638],[10.63255,55.564],[10.63084,55.56634],[10.63217,55.56729],[10.6341,55.56734],[10.63494,55.56724],[10.63496,55.5674],[10.63563,55.56753],[10.63043,55.57022],[10.63021,55.5706],[10.6303,55.57194],[10.62773,55.57243],[10.62511,55.57157],[10.62407,55.57176],[10.62281,55.57344],[10.62276,55.5735],[10.62322,55.57545],[10.62727,55.57583],[10.63155,55.5735],[10.63237,55.57496],[10.63226,55.5783],[10.63077,55.57991],[10.62966,55.5823],[10.62823,55.58454],[10.62785,55.58706],[10.62854,55.58778],[10.62857,55.58954],[10.62857,55.58971],[10.62852,55.58983],[10.6249,55.59187],[10.62444,55.59269],[10.62329,55.59346],[10.62093,55.59526],[10.61899,55.59824],[10.61966,55.59914],[10.62052,55.60153],[10.62036,55.6022],[10.62048,55.60246],[10.62021,55.60283],[10.61988,55.60432],[10.61846,55.60647],[10.61659,55.60803],[10.61635,55.60823],[10.61385,55.60901],[10.61043,55.60883],[10.6101,55.60859],[10.60992,55.6086],[10.60971,55.60832],[10.60869,55.60762],[10.60732,55.60578],[10.60709,55.60493],[10.61249,55.60351],[10.61262,55.60319],[10.60991,55.60313],[10.6064,55.60404],[10.60406,55.60682],[10.59851,55.60897],[10.58944,55.61232],[10.58831,55.61311],[10.58846,55.61697],[10.59093,55.62056],[10.59267,55.61992],[10.59346,55.61872],[10.59337,55.61738],[10.59404,55.61614],[10.59777,55.61395],[10.59864,55.61329],[10.59827,55.61308],[10.59486,55.61104],[10.60065,55.60934],[10.60568,55.61073],[10.60753,55.61058],[10.61202,55.60984],[10.61529,55.61049],[10.61878,55.61385],[10.61945,55.61623],[10.61968,55.61655],[10.61956,55.61662],[10.6196,55.61677],[10.61871,55.61764],[10.61792,55.61843],[10.61759,55.6186],[10.61567,55.61897],[10.61165,55.61852],[10.60786,55.6176],[10.60622,55.61662],[10.6054,55.6133],[10.60473,55.6136],[10.60429,55.61596],[10.60277,55.6161],[10.6009,55.61557],[10.60045,55.61415],[10.59912,55.61499],[10.59958,55.61607],[10.60166,55.6172],[10.6023,55.61754],[10.60535,55.61748],[10.60935,55.61868],[10.61406,55.61961],[10.61722,55.61965],[10.61779,55.61956],[10.62423,55.61471],[10.62616,55.61266],[10.62967,55.60701],[10.63505,55.60231],[10.63862,55.59964],[10.64129,55.59706],[10.65209,55.58924],[10.65602,55.58232],[10.65733,55.58029],[10.65946,55.57814],[10.65987,55.5775],[10.66058,55.577],[10.6627,55.57486],[10.67198,55.56885],[10.6768,55.56332],[10.67786,55.56211],[10.67968,55.55912],[10.68001,55.55645],[10.68244,55.55388],[10.68979,55.54902],[10.69515,55.54718],[10.69596,55.5465],[10.69624,55.54552],[10.69775,55.54425],[10.70238,55.5416],[10.70534,55.53881],[10.70521,55.53818],[10.70357,55.53511],[10.70417,55.53337],[10.70411,55.53308],[10.70261,55.53124],[10.70294,55.52762],[10.7111,55.51377],[10.71361,55.51064],[10.72132,55.50361],[10.72779,55.49998],[10.73595,55.49675],[10.73933,55.49508],[10.74149,55.49214],[10.74227,55.48898],[10.74335,55.48683],[10.74613,55.48465],[10.74845,55.48336],[10.74931,55.48175],[10.74912,55.47987],[10.74839,55.47908],[10.74824,55.47761],[10.74763,55.47691],[10.74465,55.47689],[10.74234,55.47619],[10.73728,55.47413],[10.73553,55.47417],[10.73071,55.47356],[10.72717,55.47379],[10.72497,55.47342],[10.72115,55.47467],[10.71829,55.4752],[10.71289,55.4758],[10.70762,55.47496],[10.70014,55.47248],[10.69548,55.47051],[10.69261,55.46888],[10.68826,55.46676],[10.68176,55.46512],[10.67905,55.46548],[10.67689,55.46529],[10.67347,55.46409],[10.67194,55.46346],[10.66906,55.46124],[10.66618,55.45782],[10.66522,55.45532],[10.66498,55.45173],[10.66568,55.45084],[10.66346,55.45062],[10.66154,55.45009],[10.65719,55.44803],[10.65287,55.447],[10.65014,55.4479],[10.64919,55.4486],[10.64782,55.45066],[10.64608,55.45126],[10.64607,55.45126],[10.64399,55.4517],[10.63808,55.45183],[10.63478,55.45266],[10.63383,55.45257],[10.63294,55.45145],[10.63277,55.45066],[10.6335,55.44968],[10.63252,55.4484],[10.63463,55.44818],[10.63576,55.44795],[10.6359,55.44727],[10.63474,55.44631],[10.63441,55.44633],[10.63269,55.44674],[10.63101,55.44665],[10.62916,55.44665],[10.62696,55.44622],[10.62319,55.44733],[10.6206,55.44742],[10.61992,55.44772],[10.6181,55.4488],[10.61474,55.44937],[10.61105,55.45156],[10.60735,55.45655],[10.60409,55.45769],[10.60175,55.45897],[10.59909,55.45963],[10.59642,55.45969],[10.59375,55.46099],[10.59184,55.46144],[10.59182,55.46144],[10.58733,55.46181],[10.58373,55.46245],[10.58143,55.46229],[10.58138,55.46222],[10.58095,55.46166],[10.58067,55.46089],[10.58146,55.4599],[10.58075,55.45866],[10.57509,55.4579],[10.57298,55.45689],[10.57183,55.45663],[10.57057,55.4565],[10.56714,55.45655],[10.56592,55.45688],[10.56494,55.45641],[10.56528,55.45586],[10.56496,55.45534],[10.56223,55.45586],[10.5607,55.45605],[10.55695,55.4555],[10.55411,55.45417],[10.55405,55.45411],[10.55419,55.45325],[10.55556,55.4528],[10.55824,55.44935],[10.558,55.44922],[10.55674,55.44897],[10.55582,55.44823],[10.55499,55.44521],[10.55185,55.44535],[10.54928,55.44514],[10.54669,55.44643],[10.54655,55.44641],[10.54352,55.44578],[10.54283,55.44502],[10.54279,55.44407],[10.54443,55.44146],[10.5491,55.43914],[10.55338,55.43786],[10.55468,55.43636],[10.55467,55.4363],[10.55454,55.43568],[10.55808,55.43404],[10.55911,55.43259],[10.56206,55.43039],[10.56283,55.42908],[10.56461,55.4276],[10.56811,55.42579],[10.57187,55.42271],[10.57327,55.4228],[10.57557,55.42223],[10.5765,55.42234],[10.57806,55.42343],[10.57902,55.42378],[10.5816,55.42541],[10.58304,55.42701],[10.5832,55.42819],[10.58259,55.42872],[10.58059,55.43085],[10.57901,55.43489],[10.57966,55.43839],[10.579,55.43928],[10.57706,55.44032],[10.57665,55.44124],[10.57722,55.44701],[10.57675,55.44844],[10.57549,55.44998],[10.57512,55.45063],[10.57532,55.45141],[10.57623,55.45198],[10.57991,55.45297],[10.58272,55.45484],[10.58537,55.45707],[10.58796,55.45741],[10.59004,55.4572],[10.59085,55.45615],[10.59242,55.45597],[10.59389,55.4563],[10.59527,55.45623],[10.59859,55.45553],[10.60427,55.4528],[10.60596,55.45242],[10.60447,55.44997],[10.60473,55.44945],[10.60593,55.44814],[10.60607,55.44808],[10.60743,55.44776],[10.60876,55.44781],[10.61404,55.4465],[10.61841,55.44489],[10.62225,55.44437],[10.62488,55.44444],[10.62557,55.44351],[10.62777,55.44289],[10.63021,55.44157],[10.63245,55.44022],[10.63392,55.43957],[10.6378,55.43915],[10.63922,55.43832],[10.64142,55.43895],[10.6416,55.43909],[10.64167,55.43915],[10.64504,55.44187],[10.64839,55.44296],[10.65031,55.4429],[10.65267,55.44204],[10.65413,55.4422],[10.65419,55.44219],[10.65516,55.44203],[10.65623,55.44249],[10.65648,55.44284],[10.65573,55.44458],[10.65836,55.4469],[10.66333,55.44984],[10.66527,55.44971],[10.6671,55.45025],[10.6674,55.44837],[10.66845,55.44606],[10.67114,55.44385],[10.67359,55.44295],[10.6736,55.44295],[10.67594,55.44217],[10.68154,55.4406],[10.68807,55.43712],[10.69585,55.42892],[10.70083,55.42502],[10.70173,55.42452],[10.70174,55.42451],[10.69207,55.41071],[10.68452,55.40928],[10.66016,55.41318],[10.64525,55.41159],[10.64134,55.40722],[10.64771,55.40062],[10.6381,55.39311],[10.65039,55.38142],[10.63948,55.37867],[10.63993,55.37553],[10.63387,55.37167],[10.61477,55.37117],[10.60722,55.36747],[10.60291,55.35974],[10.62332,55.35768],[10.63545,55.35217],[10.64843,55.35493],[10.65306,55.34967],[10.63773,55.34355],[10.63407,55.33602],[10.62937,55.3333],[10.61823,55.33328],[10.61521,55.32413],[10.60537,55.32338],[10.60513,55.32408],[10.60322,55.32429],[10.60859,55.32891],[10.58156,55.33784],[10.58393,55.34114],[10.57609,55.34264],[10.57686,55.34527],[10.55583,55.35144],[10.55736,55.35746],[10.54553,55.36152],[10.53678,55.36203],[10.50587,55.38783],[10.49799,55.40067],[10.50058,55.40582],[10.48083,55.41831],[10.48472,55.42201],[10.50363,55.41917],[10.50718,55.42277],[10.52399,55.41969],[10.53043,55.42603],[10.52643,55.43267],[10.50872,55.44016],[10.50394,55.45007],[10.49834,55.45304],[10.49872,55.45428],[10.49627,55.45621],[10.49656,55.45733],[10.49603,55.45828],[10.49474,55.45861],[10.49217,55.46035],[10.49139,55.46022],[10.48699,55.45888],[10.48872,55.45605],[10.49373,55.45603],[10.49218,55.45555],[10.48994,55.45549],[10.48529,55.45591],[10.48321,55.4561],[10.48048,55.45708],[10.48023,55.45741],[10.48008,55.45769],[10.48011,55.45809],[10.4806,55.46014],[10.48126,55.46175],[10.48144,55.46193],[10.48176,55.46206],[10.4824,55.4622],[10.48328,55.46202],[10.48345,55.46057],[10.48626,55.45923],[10.49118,55.46114],[10.48838,55.46446],[10.48636,55.46789],[10.48267,55.47145],[10.48288,55.4732],[10.48401,55.47338],[10.48866,55.47228],[10.49065,55.47286],[10.49361,55.47124],[10.51201,55.46728],[10.51448,55.46731],[10.52299,55.46553],[10.52455,55.46582],[10.52483,55.46582],[10.52496,55.46591],[10.5256,55.46602],[10.52952,55.46837],[10.53069,55.46788],[10.53458,55.47089],[10.53623,55.47209],[10.53786,55.47327],[10.53867,55.47581],[10.54002,55.47645],[10.55254,55.47128],[10.55724,55.47137],[10.55845,55.47168],[10.5586,55.47172],[10.55944,55.47292],[10.55864,55.47479],[10.55873,55.47528],[10.56708,55.47641],[10.56833,55.47561]]]}},{"type":"Feature","properties":{"name":"Kerteminde"},"geometry":{"type":"Polygon","coordinates":[[[10.61921,55.58187],[10.61889,55.58199],[10.61782,55.58242],[10.61486,55.5854],[10.61474,55.58552],[10.61486,55.58775],[10.61002,55.59081],[10.61129,55.59307],[10.61178,55.595],[10.61164,55.597],[10.61154,55.59848],[10.61272,55.59908],[10.61306,55.59878],[10.61312,55.59873],[10.61348,55.59824],[10.61363,55.59803],[10.61425,55.59522],[10.61406,55.59517],[10.61352,55.59533],[10.61367,55.59302],[10.6148,55.59176],[10.61579,55.58879],[10.61697,55.58838],[10.61975,55.589],[10.62174,55.58906],[10.62279,55.58879],[10.6231,55.58837],[10.62315,55.58829],[10.6214,55.58728],[10.61774,55.58682],[10.61841,55.58579],[10.61931,55.58207],[10.61934,55.58197],[10.61921,55.58187]]]}},{"type":"Feature","properties":{"name":"Kerteminde"},"geometry":{"type":"Polygon","coordinates":[[[10.61113,55.58459],[10.61123,55.58195],[10.61275,55.58006],[10.61381,55.5794],[10.61418,55.57827],[10.61427,55.57798],[10.61201,55.57629],[10.61016,55.57593],[10.60853,55.57609],[10.6084,55.57612],[10.60828,55.57705],[10.60927,55.57785],[10.60921,55.57831],[10.60911,55.57911],[10.60809,55.57921],[10.60767,55.57953],[10.60743,55.57993],[10.60656,55.5822],[10.60722,55.58406],[10.60683,55.58489],[10.60947,55.58637],[10.61113,55.58459]]]}},{"type":"Feature","properties":{"name":"Ærø"},"geometry":{"type":"Polygon","coordinates":[[[10.42203,54.89698],[10.42172,54.89697],[10.42129,54.89709],[10.42095,54.89768],[10.42088,54.89781],[10.42148,54.89868],[10.42228,54.89955],[10.42392,54.90008],[10.42471,54.90008],[10.42542,54.90007],[10.42625,54.89989],[10.42666,54.89953],[10.4269,54.89919],[10.42721,54.89837],[10.42838,54.89698],[10.42842,54.89643],[10.42827,54.89623],[10.42789,54.89596],[10.42689,54.89549],[10.42653,54.89541],[10.42572,54.89539],[10.42489,54.89496],[10.42342,54.8931],[10.42314,54.89314],[10.42294,54.89348],[10.42413,54.89545],[10.42417,54.89629],[10.42406,54.89659],[10.42403,54.89663],[10.42384,54.89686],[10.42352,54.89705],[10.42314,54.89716],[10.42255,54.89719],[10.42203,54.89698]]]}},{"type":"Feature","properties":{"name":"Ærø"},"geometry":{"type":"Polygon","coordinates":[[[10.50461,54.88469],[10.50226,54.88524],[10.49873,54.88705],[10.49051,54.88816],[10.48705,54.88812],[10.48543,54.88906],[10.48196,54.8903],[10.48136,54.8904],[10.48074,54.8906],[10.48062,54.89052],[10.48026,54.89059],[10.47889,54.8898],[10.47839,54.89043],[10.47807,54.89082],[10.47883,54.89111],[10.47986,54.8912],[10.48786,54.89073],[10.49342,54.88982],[10.50445,54.88729],[10.50698,54.88745],[10.50741,54.88748],[10.50893,54.88591],[10.50929,54.88541],[10.50906,54.88518],[10.5085,54.88485],[10.50805,54.88476],[10.50461,54.88469]]]}},{"type":"Feature","properties":{"name":"Ærø"},"geometry":{"type":"Polygon","coordinates":[[[10.43668,54.87842],[10.43658,54.87848],[10.43467,54.87952],[10.43061,54.8813],[10.42894,54.88194],[10.42281,54.88195],[10.42522,54.88232],[10.42739,54.88241],[10.4304,54.88239],[10.43159,54.88205],[10.43261,54.88168],[10.43656,54.87981],[10.43727,54.87879],[10.43692,54.87857],[10.43668,54.87842]]]}},{"type":"Feature","properties":{"name":"Ærø"},"geometry":{"type":"Polygon","coordinates":[[[10.27487,54.89837],[10.27238,54.90175],[10.26155,54.90992],[10.25913,54.9123],[10.24659,54.91897],[10.24565,54.92074],[10.24406,54.92287],[10.24406,54.92287],[10.24393,54.9238],[10.24302,54.92464],[10.24427,54.92765],[10.24392,54.93205],[10.24376,54.93269],[10.24367,54.93304],[10.24293,54.93533],[10.24112,54.93906],[10.2395,54.94121],[10.23931,54.9416],[10.23914,54.9417],[10.23871,54.94229],[10.23553,54.94458],[10.23019,54.9476],[10.22753,54.94883],[10.22576,54.95076],[10.21996,54.95375],[10.21892,54.95475],[10.21175,54.95798],[10.20978,54.96041],[10.20634,54.96334],[10.20618,54.9644],[10.20477,54.96645],[10.20427,54.96895],[10.20443,54.97004],[10.20451,54.97059],[10.20568,54.97173],[10.20687,54.97161],[10.20916,54.97138],[10.21524,54.96866],[10.2182,54.9689],[10.2199,54.96859],[10.22221,54.96915],[10.22155,54.96797],[10.2213,54.96605],[10.22142,54.96458],[10.22234,54.96255],[10.2239,54.96134],[10.22476,54.96011],[10.23262,54.95436],[10.23506,54.95211],[10.23739,54.95112],[10.24212,54.95005],[10.24771,54.94599],[10.25369,54.94314],[10.25474,54.94329],[10.25665,54.94283],[10.25704,54.94254],[10.25737,54.94231],[10.25757,54.94196],[10.25815,54.94182],[10.25917,54.94144],[10.26002,54.94176],[10.26214,54.94166],[10.26312,54.94124],[10.26378,54.94116],[10.27196,54.94161],[10.28265,54.93979],[10.28287,54.93968],[10.28716,54.9376],[10.28855,54.93615],[10.29075,54.93474],[10.29343,54.93267],[10.29781,54.93005],[10.30243,54.92797],[10.30429,54.92813],[10.30487,54.92792],[10.30568,54.9272],[10.30568,54.9272],[10.31232,54.92115],[10.31446,54.92039],[10.31923,54.91751],[10.32241,54.91629],[10.32423,54.91511],[10.3245,54.91494],[10.32491,54.91309],[10.326,54.91111],[10.33058,54.90578],[10.33656,54.90021],[10.33743,54.8996],[10.33879,54.8988],[10.34082,54.89792],[10.34216,54.89756],[10.34218,54.89756],[10.34679,54.89669],[10.35191,54.89636],[10.35512,54.89654],[10.35827,54.89653],[10.36425,54.89491],[10.36507,54.89439],[10.36572,54.89326],[10.36553,54.8919],[10.36904,54.88917],[10.3698,54.88676],[10.37107,54.88468],[10.37215,54.88443],[10.37914,54.88443],[10.3792,54.88444],[10.38032,54.88466],[10.38232,54.88542],[10.38375,54.88666],[10.38375,54.88666],[10.38885,54.89115],[10.38999,54.89274],[10.39067,54.89341],[10.39087,54.8935],[10.3921,54.89409],[10.3949,54.89423],[10.39884,54.89551],[10.40113,54.89681],[10.40227,54.89773],[10.40485,54.89981],[10.40662,54.90213],[10.40692,54.9032],[10.40705,54.90334],[10.40704,54.90337],[10.40701,54.9035],[10.40715,54.90399],[10.40653,54.90543],[10.40213,54.90813],[10.399,54.90925],[10.39627,54.90998],[10.39246,54.91035],[10.39162,54.91054],[10.39065,54.91099],[10.38903,54.91408],[10.38933,54.91419],[10.38972,54.91433],[10.39396,54.9144],[10.39523,54.91416],[10.39709,54.91313],[10.4015,54.91019],[10.40794,54.90551],[10.41368,54.90242],[10.411,54.90052],[10.41235,54.89806],[10.41152,54.8979],[10.4104,54.89827],[10.41045,54.89885],[10.40936,54.89887],[10.40895,54.89898],[10.40862,54.89888],[10.40738,54.89891],[10.40656,54.89825],[10.40528,54.89684],[10.40571,54.8958],[10.40753,54.89432],[10.40791,54.89401],[10.41102,54.89266],[10.41133,54.89253],[10.41272,54.89149],[10.41306,54.89061],[10.41415,54.89054],[10.4144,54.88968],[10.41375,54.8894],[10.41383,54.88822],[10.41544,54.88607],[10.41734,54.88541],[10.41609,54.8842],[10.41717,54.88153],[10.41717,54.88153],[10.41719,54.88147],[10.41771,54.87969],[10.41974,54.87742],[10.42004,54.87709],[10.42319,54.87499],[10.42549,54.87407],[10.42944,54.87324],[10.43231,54.86981],[10.43444,54.86799],[10.43614,54.86667],[10.43634,54.86652],[10.43865,54.86545],[10.44067,54.86479],[10.44435,54.86434],[10.44655,54.86371],[10.44829,54.86225],[10.44833,54.86227],[10.45127,54.86366],[10.45383,54.86573],[10.45654,54.86668],[10.45295,54.8686],[10.45065,54.87195],[10.45641,54.8713],[10.45725,54.87061],[10.45856,54.86954],[10.45721,54.86681],[10.45819,54.86709],[10.46079,54.86906],[10.46084,54.87046],[10.45884,54.87212],[10.45889,54.87238],[10.45929,54.87452],[10.46016,54.87507],[10.46168,54.87533],[10.4638,54.87478],[10.47131,54.8713],[10.47312,54.8692],[10.47389,54.86868],[10.47573,54.86781],[10.47713,54.86688],[10.47813,54.86602],[10.47924,54.86539],[10.48182,54.86475],[10.48223,54.86403],[10.4854,54.865],[10.48647,54.86575],[10.48689,54.86664],[10.48586,54.86766],[10.48381,54.86877],[10.48048,54.87011],[10.47791,54.8698],[10.47756,54.87016],[10.47955,54.87065],[10.47938,54.87119],[10.47859,54.87221],[10.478,54.87317],[10.47777,54.87328],[10.47744,54.8737],[10.47426,54.87572],[10.47242,54.87579],[10.47086,54.87652],[10.46959,54.87917],[10.4682,54.88055],[10.4613,54.88589],[10.4607,54.88623],[10.45886,54.88728],[10.45715,54.88785],[10.45341,54.88892],[10.4495,54.88945],[10.44944,54.8913],[10.45001,54.89223],[10.45436,54.89264],[10.45792,54.89244],[10.4644,54.89352],[10.4668,54.89317],[10.47103,54.89346],[10.47183,54.89335],[10.47163,54.89221],[10.47127,54.89216],[10.46989,54.89197],[10.4641,54.89254],[10.4601,54.89156],[10.45806,54.89116],[10.45941,54.89003],[10.45989,54.88901],[10.45976,54.88865],[10.45782,54.88828],[10.45885,54.88809],[10.46009,54.88787],[10.46235,54.88814],[10.46487,54.88766],[10.46608,54.88779],[10.46922,54.88619],[10.4706,54.88697],[10.47168,54.88701],[10.47177,54.88702],[10.47338,54.88495],[10.47607,54.88379],[10.47797,54.88222],[10.48133,54.88106],[10.48426,54.87906],[10.48596,54.87849],[10.48669,54.87727],[10.48793,54.87654],[10.49095,54.87534],[10.49264,54.87535],[10.49366,54.87348],[10.49608,54.8719],[10.50095,54.86961],[10.50561,54.86823],[10.51105,54.86414],[10.51736,54.86091],[10.52034,54.85811],[10.52067,54.8578],[10.52123,54.85778],[10.52134,54.85778],[10.52182,54.85718],[10.52085,54.85703],[10.52086,54.85698],[10.52076,54.85696],[10.52121,54.85626],[10.52157,54.85635],[10.52169,54.85627],[10.52231,54.85654],[10.52248,54.85619],[10.52221,54.85513],[10.52271,54.85385],[10.52276,54.85373],[10.52344,54.84826],[10.5212,54.84776],[10.5211,54.84774],[10.52024,54.84462],[10.52195,54.8441],[10.52372,54.84439],[10.5288,54.84521],[10.53008,54.84584],[10.53285,54.84656],[10.53147,54.84889],[10.52733,54.85097],[10.52714,54.84974],[10.52673,54.84963],[10.52511,54.85353],[10.52609,54.85433],[10.52672,54.85427],[10.5272,54.85154],[10.53025,54.85155],[10.53518,54.84881],[10.53719,54.84679],[10.5353,54.84658],[10.53155,54.84592],[10.5287,54.84478],[10.52423,54.84383],[10.52231,54.84369],[10.51826,54.8437],[10.51379,54.843],[10.51052,54.84298],[10.50909,54.84305],[10.50015,54.84218],[10.48756,54.84239],[10.47565,54.84119],[10.4711,54.84114],[10.46413,54.84045],[10.45759,54.83918],[10.44925,54.83668],[10.4448,54.83474],[10.44343,54.83426],[10.44282,54.83387],[10.44203,54.83353],[10.43717,54.83024],[10.43688,54.82951],[10.43771,54.8283],[10.43749,54.82617],[10.43734,54.82596],[10.43475,54.82232],[10.43274,54.82087],[10.4309,54.81954],[10.42679,54.8173],[10.42399,54.81631],[10.42103,54.81625],[10.4187,54.81671],[10.41542,54.81794],[10.415,54.81871],[10.41147,54.82004],[10.40991,54.82149],[10.40707,54.82256],[10.40617,54.82407],[10.40505,54.82498],[10.39855,54.8283],[10.38619,54.83267],[10.3815,54.83397],[10.38017,54.83482],[10.37298,54.83705],[10.36732,54.84143],[10.36362,54.84303],[10.36236,54.84407],[10.35913,54.84559],[10.35912,54.8456],[10.35743,54.84628],[10.35081,54.85174],[10.34355,54.8563],[10.33975,54.86024],[10.32566,54.87148],[10.32048,54.87645],[10.32046,54.87646],[10.32043,54.87648],[10.31869,54.8775],[10.31133,54.88114],[10.30433,54.88367],[10.29481,54.88657],[10.29375,54.88717],[10.28806,54.88858],[10.2862,54.88993],[10.28566,54.89125],[10.28238,54.89424],[10.27875,54.89588],[10.27487,54.89837]]]}},{"type":"Feature","properties":{"name":"Ærø"},"geometry":{"type":"Polygon","coordinates":[[[10.4995,54.92697],[10.49852,54.92677],[10.49847,54.92799],[10.49597,54.93166],[10.49544,54.93424],[10.49682,54.9365],[10.50023,54.93994],[10.50111,54.94049],[10.50194,54.94056],[10.50065,54.9386],[10.50116,54.93694],[10.50224,54.93565],[10.50273,54.93531],[10.50275,54.93521],[10.50381,54.93456],[10.50671,54.93385],[10.50901,54.93255],[10.51324,54.92929],[10.51573,54.92876],[10.51955,54.92698],[10.52462,54.92374],[10.52392,54.92366],[10.5167,54.92669],[10.51155,54.92753],[10.50516,54.92733],[10.50268,54.92774],[10.50033,54.92768],[10.4995,54.92697]]]}},{"type":"Feature","properties":{"name":"Ærø"},"geometry":{"type":"Polygon","coordinates":[[[10.49161,54.91425],[10.48565,54.91538],[10.48209,54.91659],[10.47886,54.91622],[10.47693,54.9171],[10.47577,54.917],[10.47553,54.91641],[10.47477,54.91687],[10.47472,54.9169],[10.4743,54.91787],[10.47487,54.91943],[10.47616,54.92034],[10.47786,54.92291],[10.48112,54.92459],[10.48407,54.92435],[10.48643,54.9235],[10.48632,54.92301],[10.48432,54.92373],[10.48565,54.91924],[10.48714,54.91856],[10.48941,54.91826],[10.49007,54.91653],[10.49135,54.91593],[10.49161,54.91425]]]}},{"type":"Feature","properties":{"name":"Ærø"},"geometry":{"type":"Polygon","coordinates":[[[10.49614,54.91055],[10.49579,54.91121],[10.49521,54.91168],[10.4942,54.91302],[10.49453,54.91327],[10.49872,54.91282],[10.49883,54.91146],[10.49848,54.91126],[10.49713,54.9111],[10.49614,54.91055]]]}},{"type":"Feature","properties":{"name":"Nordfyns"},"geometry":{"type":"Polygon","coordinates":[[[10.49144,55.52785],[10.49024,55.52803],[10.48818,55.52875],[10.48747,55.52881],[10.48582,55.5296],[10.48533,55.5297],[10.48484,55.52972],[10.48381,55.53042],[10.48333,55.53129],[10.48387,55.53164],[10.48503,55.53176],[10.48586,55.53154],[10.48664,55.53084],[10.4881,55.53005],[10.48868,55.5295],[10.49051,55.5283],[10.49122,55.52817],[10.49144,55.52785]]]}},{"type":"Feature","properties":{"name":"Nordfyns"},"geometry":{"type":"Polygon","coordinates":[[[10.45653,55.46295],[10.45625,55.46478],[10.45498,55.46679],[10.45635,55.47173],[10.45552,55.47282],[10.45579,55.47363],[10.45802,55.47369],[10.45843,55.47411],[10.45903,55.47473],[10.46069,55.47533],[10.46082,55.47545],[10.46277,55.47632],[10.46357,55.47788],[10.46373,55.47878],[10.46434,55.47894],[10.46771,55.47885],[10.46929,55.47893],[10.4715,55.47959],[10.47395,55.48084],[10.47555,55.48127],[10.47848,55.48178],[10.48167,55.48156],[10.48238,55.4814],[10.4787,55.48121],[10.4743,55.48075],[10.47222,55.47947],[10.47239,55.47854],[10.47264,55.47791],[10.47123,55.47569],[10.46963,55.47575],[10.46798,55.47544],[10.46655,55.47418],[10.46616,55.47332],[10.46596,55.47309],[10.46604,55.47305],[10.46585,55.47267],[10.46739,55.47153],[10.47176,55.47038],[10.47201,55.47027],[10.47348,55.4691],[10.47427,55.46786],[10.47463,55.46633],[10.47176,55.46616],[10.46535,55.46385],[10.45653,55.46295]]]}},{"type":"Feature","properties":{"name":"Nordfyns"},"geometry":{"type":"Polygon","coordinates":[[[10.45942,55.47716],[10.45852,55.47735],[10.45903,55.47763],[10.45933,55.4778],[10.46054,55.47814],[10.4607,55.4777],[10.45963,55.4775],[10.45942,55.47716]]]}},{"type":"Feature","properties":{"name":"Nordfyns"},"geometry":{"type":"Polygon","coordinates":[[[10.30167,55.60336],[10.30135,55.60377],[10.30072,55.60822],[10.29973,55.60948],[10.29344,55.61286],[10.29176,55.61639],[10.29219,55.61784],[10.29263,55.61833],[10.29294,55.61852],[10.29402,55.61841],[10.29471,55.61727],[10.29398,55.61532],[10.29487,55.61395],[10.29711,55.61246],[10.29888,55.61217],[10.29955,55.61175],[10.3024,55.60935],[10.30347,55.60511],[10.30308,55.60494],[10.30282,55.60518],[10.30185,55.60851],[10.30116,55.60859],[10.30209,55.60414],[10.30208,55.60338],[10.30167,55.60336]]]}},{"type":"Feature","properties":{"name":"Nordfyns"},"geometry":{"type":"Polygon","coordinates":[[[10.19924,55.60194],[10.20079,55.60177],[10.20708,55.60035],[10.20717,55.60023],[10.20714,55.59911],[10.20578,55.59971],[10.19862,55.5998],[10.19843,55.59984],[10.19694,55.60076],[10.19692,55.60077],[10.19269,55.60164],[10.19216,55.60142],[10.1921,55.60146],[10.19227,55.60185],[10.19246,55.60197],[10.1939,55.60223],[10.19619,55.60227],[10.19924,55.60194]]]}},{"type":"Feature","properties":{"name":"Nordfyns"},"geometry":{"type":"Polygon","coordinates":[[[10.09835,55.57724],[10.09804,55.57753],[10.0983,55.57785],[10.09848,55.57795],[10.09871,55.57985],[10.09934,55.5815],[10.0983,55.5817],[10.09873,55.58249],[10.10016,55.58369],[10.10172,55.5848],[10.10273,55.58395],[10.10248,55.58303],[10.10164,55.58418],[10.10128,55.58345],[10.10237,55.58198],[10.10111,55.58287],[10.09979,55.58298],[10.0993,55.5822],[10.10006,55.58152],[10.10001,55.5813],[10.09975,55.57987],[10.09968,55.57947],[10.09886,55.57738],[10.09835,55.57724]]]}},{"type":"Feature","properties":{"name":"Nordfyns"},"geometry":{"type":"Polygon","coordinates":[[[10.00411,55.50764],[9.98565,55.51586],[9.98671,55.52472],[9.98126,55.53019],[9.9852,55.53202],[9.99112,55.53546],[9.99705,55.53826],[10.00387,55.54041],[10.02048,55.5449],[10.02353,55.54607],[10.02354,55.54608],[10.02763,55.54833],[10.03212,55.55235],[10.03458,55.55589],[10.03609,55.55687],[10.03825,55.55745],[10.04476,55.55832],[10.04479,55.55832],[10.05618,55.55986],[10.05688,55.56052],[10.05837,55.56109],[10.05912,55.5602],[10.07361,55.5616],[10.07562,55.56219],[10.07784,55.56333],[10.07861,55.56423],[10.07862,55.56478],[10.07846,55.56513],[10.08088,55.56665],[10.07871,55.5679],[10.07844,55.56779],[10.0782,55.56769],[10.07676,55.56841],[10.07775,55.56944],[10.08109,55.56845],[10.08873,55.56852],[10.09595,55.57078],[10.0981,55.57223],[10.09961,55.57183],[10.10299,55.57353],[10.1057,55.57421],[10.10827,55.57406],[10.10744,55.57383],[10.10971,55.57281],[10.10999,55.57277],[10.11165,55.57301],[10.11295,55.57349],[10.11365,55.57363],[10.11455,55.57424],[10.11527,55.57654],[10.11645,55.5778],[10.12046,55.57953],[10.1239,55.57918],[10.12466,55.57779],[10.12448,55.57728],[10.12368,55.57716],[10.12373,55.57678],[10.12616,55.57652],[10.12617,55.57652],[10.12916,55.57632],[10.13303,55.57689],[10.13715,55.57687],[10.13718,55.57687],[10.13792,55.57697],[10.14679,55.57985],[10.15387,55.58372],[10.15679,55.58426],[10.16627,55.58513],[10.1692,55.58563],[10.17852,55.58903],[10.17869,55.58904],[10.18127,55.58917],[10.18218,55.58933],[10.18209,55.58903],[10.18123,55.58884],[10.18191,55.58852],[10.18192,55.58852],[10.19374,55.58848],[10.19589,55.59028],[10.20049,55.5902],[10.20072,55.59056],[10.20015,55.59062],[10.19556,55.59051],[10.19412,55.59156],[10.19337,55.59259],[10.19043,55.59358],[10.19014,55.59377],[10.18819,55.59606],[10.18879,55.59645],[10.19046,55.5966],[10.19697,55.59557],[10.19823,55.59503],[10.19888,55.59476],[10.20003,55.59238],[10.20164,55.59211],[10.20192,55.5913],[10.20299,55.59337],[10.20364,55.59384],[10.20374,55.59391],[10.20429,55.59413],[10.20638,55.59468],[10.20761,55.59546],[10.20795,55.5956],[10.20794,55.59575],[10.20787,55.59662],[10.20884,55.5987],[10.20781,55.59921],[10.21023,55.60011],[10.21635,55.60094],[10.22419,55.60279],[10.23311,55.6045],[10.24544,55.60581],[10.24747,55.60573],[10.25215,55.60614],[10.2628,55.60658],[10.26435,55.60638],[10.26721,55.60691],[10.26771,55.60666],[10.27065,55.60667],[10.28487,55.60924],[10.28661,55.60925],[10.28807,55.60877],[10.29028,55.60846],[10.29287,55.60763],[10.29367,55.60671],[10.29353,55.60657],[10.29304,55.60608],[10.29188,55.60597],[10.29178,55.606],[10.2916,55.60665],[10.28871,55.607],[10.28694,55.60783],[10.28342,55.60794],[10.28286,55.60784],[10.28259,55.60789],[10.28235,55.60774],[10.28168,55.60762],[10.28128,55.6071],[10.28141,55.60708],[10.28208,55.60642],[10.27963,55.60473],[10.28021,55.6041],[10.27985,55.60303],[10.28109,55.60164],[10.28356,55.60052],[10.28376,55.6003],[10.28389,55.59722],[10.28454,55.59572],[10.28568,55.59492],[10.28582,55.59452],[10.2829,55.59314],[10.28275,55.59245],[10.27966,55.59156],[10.28067,55.59122],[10.28189,55.59135],[10.28153,55.59053],[10.28208,55.58996],[10.28225,55.58977],[10.28168,55.58933],[10.27908,55.58764],[10.27929,55.58745],[10.27918,55.58736],[10.2794,55.58736],[10.27985,55.58699],[10.28181,55.58767],[10.28263,55.58768],[10.28307,55.58739],[10.28091,55.58511],[10.28033,55.58369],[10.28021,55.5834],[10.28189,55.58252],[10.28266,55.58276],[10.28293,55.58284],[10.28309,55.58269],[10.28338,55.58242],[10.28434,55.58227],[10.2867,55.58293],[10.28928,55.58288],[10.29147,55.58244],[10.29168,55.5817],[10.29245,55.58149],[10.29351,55.58176],[10.29499,55.58334],[10.29752,55.58443],[10.29994,55.58464],[10.30672,55.58523],[10.30673,55.58523],[10.30981,55.58531],[10.31284,55.58423],[10.31413,55.58436],[10.31425,55.58437],[10.31468,55.5856],[10.31491,55.58596],[10.31619,55.58691],[10.31588,55.58736],[10.3164,55.58816],[10.31604,55.58872],[10.31596,55.58884],[10.31149,55.5906],[10.30673,55.59384],[10.30536,55.59356],[10.30484,55.5937],[10.30594,55.59438],[10.30509,55.59512],[10.30416,55.59571],[10.30404,55.59461],[10.30352,55.59596],[10.30366,55.59707],[10.30308,55.59799],[10.30294,55.59875],[10.30284,55.60097],[10.30535,55.60534],[10.30457,55.609],[10.30395,55.60943],[10.30002,55.61269],[10.29664,55.61445],[10.29558,55.61709],[10.29438,55.61872],[10.29371,55.61916],[10.2925,55.61917],[10.29169,55.61892],[10.2902,55.61809],[10.29229,55.62047],[10.29186,55.62094],[10.29083,55.62007],[10.29031,55.61998],[10.29008,55.62026],[10.29086,55.62098],[10.29307,55.62157],[10.30069,55.6228],[10.3083,55.62276],[10.31097,55.62252],[10.31197,55.62243],[10.32178,55.62079],[10.32433,55.62011],[10.34265,55.61223],[10.36031,55.60547],[10.3696,55.60243],[10.37649,55.60058],[10.37963,55.60002],[10.38946,55.59742],[10.39837,55.59409],[10.40949,55.59092],[10.41572,55.58896],[10.41755,55.5881],[10.42274,55.58564],[10.42873,55.58155],[10.43153,55.57992],[10.43202,55.57959],[10.44604,55.57147],[10.45088,55.56875],[10.45465,55.56671],[10.46715,55.56127],[10.47926,55.55706],[10.48154,55.55579],[10.48514,55.55451],[10.49659,55.55026],[10.50591,55.54583],[10.51193,55.54361],[10.51714,55.54139],[10.52258,55.53821],[10.539,55.53136],[10.53986,55.53087],[10.54978,55.52517],[10.55335,55.52203],[10.55747,55.52035],[10.56012,55.51781],[10.56056,55.51695],[10.5615,55.5165],[10.56176,55.51626],[10.56173,55.51592],[10.55874,55.51439],[10.55668,55.51374],[10.55485,55.51352],[10.55402,55.51375],[10.55335,55.51428],[10.55249,55.5154],[10.54931,55.51711],[10.5472,55.51906],[10.54328,55.52099],[10.54147,55.52162],[10.53922,55.52173],[10.53822,55.52205],[10.53342,55.52642],[10.52788,55.53402],[10.52448,55.53645],[10.52169,55.53779],[10.51812,55.54017],[10.51617,55.54105],[10.51244,55.54196],[10.51194,55.54185],[10.5098,55.54262],[10.5095,55.54338],[10.50608,55.54449],[10.50462,55.54444],[10.50348,55.54405],[10.50023,55.54448],[10.49684,55.54568],[10.49559,55.54741],[10.49561,55.54802],[10.49284,55.54687],[10.49164,55.54682],[10.49197,55.54652],[10.49107,55.54566],[10.49341,55.54394],[10.49455,55.5437],[10.49564,55.54172],[10.49567,55.54065],[10.49698,55.53931],[10.49717,55.53897],[10.49638,55.53845],[10.49456,55.5382],[10.49317,55.53815],[10.4928,55.53813],[10.49151,55.53873],[10.48996,55.5384],[10.48901,55.53845],[10.48876,55.53789],[10.48867,55.53787],[10.48871,55.53775],[10.4908,55.53672],[10.49167,55.53553],[10.49352,55.53429],[10.49733,55.53272],[10.49746,55.53195],[10.49678,55.53191],[10.49312,55.53281],[10.49253,55.53319],[10.48753,55.53382],[10.48389,55.5342],[10.48314,55.53451],[10.48219,55.53363],[10.48181,55.53261],[10.48,55.53227],[10.47788,55.53236],[10.47762,55.53213],[10.47638,55.53104],[10.47766,55.53031],[10.47764,55.53025],[10.47739,55.53026],[10.47537,55.53032],[10.47462,55.53042],[10.47185,55.53132],[10.47113,55.53034],[10.4711,55.53029],[10.47025,55.52884],[10.47059,55.52727],[10.47067,55.52726],[10.47094,55.52689],[10.47105,55.52643],[10.47329,55.5267],[10.47398,55.52607],[10.47398,55.52576],[10.48421,55.52049],[10.48531,55.51845],[10.48465,55.51752],[10.48368,55.517],[10.48459,55.51169],[10.4887,55.50931],[10.48917,55.50876],[10.489,55.5081],[10.49075,55.50613],[10.49136,55.50564],[10.49183,55.50549],[10.49526,55.50492],[10.49863,55.50476],[10.50025,55.50415],[10.50392,55.50148],[10.50461,55.5001],[10.50442,55.49933],[10.50439,55.49921],[10.5038,55.49874],[10.50228,55.49846],[10.50232,55.49768],[10.5009,55.49792],[10.49326,55.49505],[10.49031,55.49586],[10.48873,55.49719],[10.48486,55.49737],[10.48327,55.495],[10.47927,55.49196],[10.4793,55.49149],[10.48308,55.48949],[10.48329,55.48938],[10.48488,55.49002],[10.48765,55.48951],[10.48775,55.48942],[10.48966,55.4877],[10.48955,55.48695],[10.48869,55.4868],[10.48802,55.487],[10.4878,55.48626],[10.48965,55.48463],[10.48902,55.48472],[10.4851,55.48595],[10.48276,55.48604],[10.48102,55.48654],[10.47315,55.4865],[10.46842,55.48792],[10.46761,55.48845],[10.46114,55.48915],[10.46001,55.48854],[10.45933,55.48855],[10.45806,55.48898],[10.45441,55.48689],[10.45425,55.48501],[10.45592,55.48318],[10.45518,55.48064],[10.45421,55.4797],[10.45487,55.47861],[10.45275,55.47826],[10.45083,55.47829],[10.44796,55.47896],[10.44588,55.47993],[10.44421,55.47989],[10.44412,55.47989],[10.44384,55.47988],[10.44284,55.47813],[10.44066,55.47605],[10.44259,55.4749],[10.44281,55.47354],[10.44286,55.47319],[10.43944,55.47001],[10.43795,55.47034],[10.43826,55.47014],[10.43673,55.47039],[10.43137,55.46779],[10.39554,55.46632],[10.39252,55.47447],[10.38583,55.47688],[10.36347,55.4741],[10.37374,55.48083],[10.35726,55.48079],[10.35385,55.4739],[10.34498,55.47547],[10.33365,55.46344],[10.31662,55.47016],[10.31089,55.46826],[10.30818,55.47089],[10.31412,55.47287],[10.30862,55.47891],[10.28327,55.45544],[10.27839,55.45322],[10.25873,55.4545],[10.25777,55.44339],[10.24616,55.44405],[10.24167,55.4395],[10.24861,55.4341],[10.24549,55.42775],[10.23294,55.42927],[10.23471,55.42611],[10.22262,55.42214],[10.21667,55.41084],[10.20508,55.41173],[10.20275,55.40556],[10.18449,55.40541],[10.18318,55.40889],[10.15248,55.41804],[10.14303,55.42019],[10.1348,55.42627],[10.12724,55.42433],[10.12364,55.42676],[10.12139,55.42479],[10.11436,55.42554],[10.08987,55.43195],[10.09055,55.43303],[10.08539,55.43627],[10.07726,55.43845],[10.07894,55.44143],[10.07466,55.44604],[10.0694,55.44694],[10.06768,55.45224],[10.0667,55.45467],[10.04336,55.48059],[10.02882,55.48403],[10.04183,55.49159],[10.02901,55.49646],[10.02972,55.50353],[10.00411,55.50764]]]}},{"type":"Feature","properties":{"name":"Nordfyns"},"geometry":{"type":"Polygon","coordinates":[[[10.18197,55.60465],[10.18081,55.60536],[10.18007,55.6062],[10.17976,55.60753],[10.17882,55.60738],[10.17849,55.60844],[10.1782,55.60941],[10.18081,55.61399],[10.18081,55.62042],[10.18133,55.62505],[10.18079,55.6269],[10.18076,55.62753],[10.18045,55.628],[10.18031,55.62848],[10.17982,55.62864],[10.1789,55.63024],[10.17393,55.63174],[10.17149,55.63414],[10.16847,55.63565],[10.16791,55.63606],[10.16661,55.63801],[10.16572,55.63825],[10.16583,55.63885],[10.16505,55.64026],[10.16255,55.64237],[10.16205,55.64686],[10.16584,55.6463],[10.16831,55.64681],[10.16949,55.64666],[10.17264,55.64556],[10.17766,55.64434],[10.18219,55.64309],[10.18251,55.64306],[10.18548,55.64353],[10.18985,55.64312],[10.18961,55.64182],[10.19185,55.63887],[10.1915,55.63819],[10.19175,55.63717],[10.1902,55.6368],[10.18848,55.63559],[10.18543,55.63446],[10.1828,55.63253],[10.18235,55.6315],[10.18214,55.63138],[10.1821,55.63096],[10.18183,55.63032],[10.18228,55.62537],[10.18144,55.62169],[10.182,55.61548],[10.18283,55.61433],[10.18392,55.61282],[10.18687,55.61055],[10.19074,55.60856],[10.19084,55.60809],[10.18935,55.60712],[10.18973,55.608],[10.18778,55.60921],[10.1875,55.6085],[10.18709,55.60782],[10.18531,55.60692],[10.18484,55.60587],[10.18268,55.60502],[10.18049,55.6071],[10.1806,55.60637],[10.18197,55.60465]]]}},{"type":"Feature","properties":{"name":"Nordfyns"},"geometry":{"type":"Polygon","coordinates":[[[10.16999,55.59862],[10.16867,55.59893],[10.16768,55.59916],[10.16752,55.59964],[10.16727,55.60034],[10.16791,55.60208],[10.17134,55.60423],[10.17181,55.60439],[10.17337,55.60452],[10.17542,55.60469],[10.17825,55.60482],[10.18005,55.60447],[10.18059,55.60416],[10.17818,55.60459],[10.17791,55.60419],[10.17809,55.60415],[10.17807,55.60411],[10.18187,55.60333],[10.1824,55.60299],[10.18165,55.60131],[10.18129,55.60192],[10.1806,55.60213],[10.17957,55.60213],[10.1792,55.60206],[10.17839,55.60202],[10.17679,55.6016],[10.17492,55.60132],[10.17005,55.60143],[10.16902,55.60123],[10.16904,55.60115],[10.16888,55.6011],[10.16976,55.59906],[10.17087,55.5991],[10.17125,55.59886],[10.17157,55.59897],[10.1718,55.59892],[10.16999,55.59862]]]}},{"type":"Feature","properties":{"name":"Holstebro"},"geometry":{"type":"Polygon","coordinates":[[[8.72602,56.47762],[8.72608,56.47764],[8.72808,56.4784],[8.73134,56.47828],[8.7343,56.48001],[8.73428,56.48083],[8.73746,56.48177],[8.7382,56.48251],[8.73894,56.48342],[8.74221,56.49014],[8.74347,56.49861],[8.74367,56.49993],[8.74341,56.50128],[8.74338,56.50195],[8.74323,56.50217],[8.74114,56.50332],[8.74157,56.50777],[8.74099,56.51167],[8.74127,56.51581],[8.74066,56.51707],[8.74048,56.52126],[8.73974,56.52231],[8.73832,56.52351],[8.73746,56.52643],[8.73515,56.52892],[8.73412,56.53146],[8.73533,56.53126],[8.73597,56.53148],[8.7406,56.53495],[8.74392,56.53904],[8.7473,56.54403],[8.74975,56.54521],[8.75316,56.54607],[8.75542,56.54633],[8.75737,56.54711],[8.7597,56.54903],[8.76196,56.55255],[8.76693,56.55212],[8.76651,56.557],[8.80302,56.56618],[8.82359,56.5659],[8.82362,56.56302],[8.84336,56.55792],[8.84164,56.55403],[8.84994,56.54912],[8.85522,56.54504],[8.8537,56.53008],[8.86873,56.51819],[8.86817,56.51534],[8.86101,56.49763],[8.90707,56.49959],[8.93279,56.49626],[8.96336,56.49612],[8.96674,56.48921],[8.9874,56.49168],[8.9851,56.47238],[8.9835,56.45474],[9.00092,56.44516],[9.00216,56.44053],[8.99467,56.42744],[9.00016,56.41404],[8.97889,56.40756],[8.96048,56.40139],[8.95617,56.37936],[8.91364,56.37931],[8.89727,56.35524],[8.87575,56.34045],[8.85167,56.34255],[8.80384,56.34856],[8.78554,56.36493],[8.77881,56.36528],[8.77968,56.34784],[8.77022,56.33436],[8.79567,56.32339],[8.8141,56.32136],[8.81593,56.3171],[8.80733,56.31077],[8.78553,56.30388],[8.7847,56.30372],[8.74292,56.28839],[8.73971,56.27999],[8.69797,56.28506],[8.67785,56.27818],[8.66375,56.28471],[8.65638,56.29767],[8.60424,56.2826],[8.6063,56.28477],[8.57198,56.29072],[8.5469,56.30076],[8.51693,56.30169],[8.50834,56.29692],[8.49536,56.28238],[8.48169,56.28704],[8.46637,56.28742],[8.46127,56.28422],[8.46373,56.2737],[8.48074,56.26508],[8.43499,56.2451],[8.41867,56.24549],[8.38957,56.25399],[8.35974,56.24752],[8.3466,56.23774],[8.34226,56.23406],[8.3334,56.2371],[8.29449,56.23428],[8.29307,56.22769],[8.27073,56.22751],[8.24986,56.23164],[8.2481,56.23734],[8.20422,56.25215],[8.15991,56.25738],[8.15112,56.25503],[8.12885,56.26257],[8.12787,56.27102],[8.12557,56.28657],[8.12319,56.2963],[8.12319,56.29632],[8.12252,56.29946],[8.12263,56.30375],[8.12179,56.3078],[8.12105,56.31987],[8.12017,56.32551],[8.12068,56.32868],[8.12076,56.34129],[8.12035,56.34506],[8.11992,56.35818],[8.11949,56.35884],[8.11913,56.36303],[8.11833,56.36463],[8.1177,56.36836],[8.11782,56.3686],[8.11764,56.36863],[8.11753,56.36918],[8.11766,56.3693],[8.11747,56.36953],[8.11745,56.36965],[8.11733,56.37027],[8.11683,56.37137],[8.119,56.37125],[8.11957,56.37122],[8.11986,56.36579],[8.11994,56.36579],[8.1201,56.36578],[8.12165,56.36592],[8.12167,56.36853],[8.12161,56.36853],[8.12026,56.37142],[8.12562,56.37152],[8.12714,56.37155],[8.13048,56.37162],[8.13285,56.37109],[8.13563,56.36983],[8.13612,56.36882],[8.1347,56.36811],[8.12758,56.36815],[8.12705,56.36938],[8.1258,56.36951],[8.1252,56.36747],[8.12326,56.36698],[8.12323,56.36686],[8.12317,56.36668],[8.12427,56.36659],[8.12486,56.36654],[8.12655,56.3668],[8.13494,56.36765],[8.13745,56.36664],[8.14005,56.36405],[8.13932,56.36124],[8.13753,56.35898],[8.13662,56.35847],[8.13507,56.35809],[8.13343,56.3578],[8.13254,56.35711],[8.13354,56.35632],[8.13341,56.35527],[8.13239,56.3544],[8.13286,56.3531],[8.13392,56.35132],[8.13358,56.35034],[8.1334,56.34983],[8.1308,56.34871],[8.12806,56.34846],[8.12839,56.34654],[8.12936,56.34537],[8.1283,56.34339],[8.13008,56.34053],[8.13092,56.33991],[8.13157,56.3393],[8.12945,56.33935],[8.12894,56.33831],[8.12887,56.33818],[8.1292,56.33506],[8.13052,56.33291],[8.12984,56.33129],[8.13014,56.32888],[8.1309,56.32802],[8.13153,56.32795],[8.13521,56.32989],[8.13682,56.33002],[8.14245,56.33006],[8.14689,56.33125],[8.1472,56.33046],[8.14765,56.33058],[8.14793,56.33082],[8.14778,56.33245],[8.14689,56.33349],[8.14778,56.33471],[8.14856,56.33459],[8.14981,56.3324],[8.15051,56.33195],[8.1508,56.33198],[8.15087,56.33193],[8.15095,56.332],[8.15117,56.33203],[8.15218,56.33308],[8.15314,56.33383],[8.15359,56.33381],[8.15491,56.33349],[8.15626,56.33367],[8.15877,56.33503],[8.16267,56.33588],[8.16554,56.33682],[8.16997,56.33641],[8.17079,56.33599],[8.16868,56.33595],[8.1677,56.33527],[8.16718,56.33202],[8.16777,56.33098],[8.16626,56.3297],[8.16613,56.32679],[8.16645,56.32635],[8.16707,56.32447],[8.16875,56.3232],[8.16901,56.32316],[8.16904,56.32308],[8.16956,56.32308],[8.17101,56.3235],[8.17282,56.3236],[8.17332,56.32335],[8.17268,56.32312],[8.17325,56.32291],[8.17412,56.32305],[8.17558,56.32304],[8.17572,56.32308],[8.17685,56.32424],[8.1795,56.32501],[8.18102,56.32492],[8.18229,56.32524],[8.1847,56.32446],[8.18591,56.32464],[8.18625,56.32462],[8.18659,56.32474],[8.18712,56.32549],[8.18925,56.32669],[8.19185,56.32677],[8.19313,56.32632],[8.19433,56.325],[8.19546,56.32473],[8.19583,56.32427],[8.19644,56.32432],[8.19871,56.32268],[8.19932,56.32207],[8.20094,56.32201],[8.20264,56.32181],[8.20801,56.32006],[8.21262,56.32012],[8.2149,56.31991],[8.22171,56.32123],[8.22746,56.32088],[8.22916,56.32085],[8.23006,56.32123],[8.23346,56.32148],[8.23648,56.32178],[8.23724,56.32163],[8.23841,56.3214],[8.23697,56.31999],[8.23528,56.31625],[8.23571,56.3142],[8.23718,56.31341],[8.24026,56.30822],[8.24355,56.30325],[8.24459,56.30167],[8.2439,56.30084],[8.24011,56.30014],[8.23759,56.29958],[8.23546,56.29906],[8.23454,56.29871],[8.23405,56.29852],[8.23418,56.29729],[8.23513,56.29697],[8.23612,56.29601],[8.23612,56.296],[8.23786,56.29381],[8.24075,56.29168],[8.24436,56.28963],[8.24734,56.28822],[8.25168,56.28791],[8.26076,56.29222],[8.26271,56.29295],[8.26649,56.29393],[8.26792,56.29519],[8.26941,56.29575],[8.27144,56.29687],[8.27394,56.29744],[8.27454,56.29646],[8.27565,56.2965],[8.27791,56.29739],[8.27706,56.29918],[8.2779,56.29969],[8.2779,56.2997],[8.28549,56.30466],[8.2901,56.31028],[8.29013,56.31068],[8.28982,56.31136],[8.29187,56.31368],[8.29335,56.31482],[8.2955,56.31571],[8.29884,56.31855],[8.30085,56.31849],[8.30235,56.31932],[8.30124,56.31987],[8.30032,56.31967],[8.29998,56.31896],[8.29903,56.31895],[8.29931,56.31958],[8.30348,56.323],[8.30252,56.3225],[8.30059,56.32148],[8.30049,56.32142],[8.29874,56.3205],[8.29757,56.31931],[8.29657,56.3206],[8.29997,56.3222],[8.30071,56.32316],[8.2972,56.32325],[8.29593,56.32296],[8.29561,56.32175],[8.29547,56.32073],[8.29693,56.31889],[8.29462,56.31758],[8.29329,56.31682],[8.29171,56.31701],[8.29008,56.3183],[8.28572,56.31977],[8.28483,56.32083],[8.28025,56.32188],[8.27627,56.32198],[8.27561,56.32278],[8.27405,56.32318],[8.27077,56.32285],[8.26513,56.32359],[8.26139,56.32466],[8.26245,56.3252],[8.2631,56.32554],[8.26853,56.32491],[8.26928,56.32581],[8.26907,56.32583],[8.26911,56.32591],[8.26845,56.32589],[8.26262,56.32652],[8.26139,56.32629],[8.26041,56.32544],[8.25802,56.32569],[8.25735,56.32614],[8.25762,56.3272],[8.25688,56.32816],[8.25594,56.32865],[8.25549,56.32889],[8.25035,56.32933],[8.24912,56.32964],[8.24873,56.33028],[8.24994,56.33208],[8.25161,56.33324],[8.25187,56.33342],[8.25416,56.33417],[8.25664,56.33447],[8.25923,56.33434],[8.26773,56.33124],[8.27527,56.32858],[8.27701,56.32818],[8.27526,56.32929],[8.27143,56.33092],[8.26074,56.33507],[8.25883,56.33563],[8.25698,56.33771],[8.25609,56.33853],[8.25564,56.33768],[8.25543,56.33758],[8.25516,56.33762],[8.2548,56.33783],[8.25418,56.33861],[8.25363,56.34035],[8.2548,56.34023],[8.25516,56.34074],[8.25454,56.34277],[8.25307,56.344],[8.25387,56.34244],[8.25384,56.34117],[8.25279,56.34193],[8.25156,56.34462],[8.25175,56.34493],[8.2531,56.34425],[8.25328,56.34583],[8.25283,56.34664],[8.25179,56.34739],[8.2469,56.34852],[8.24553,56.34895],[8.24266,56.35008],[8.2444,56.35051],[8.26286,56.34725],[8.27805,56.35082],[8.29898,56.3729],[8.31936,56.35812],[8.34524,56.3714],[8.34658,56.3764],[8.36478,56.38056],[8.36634,56.37719],[8.37718,56.37674],[8.37825,56.38375],[8.39792,56.38991],[8.43168,56.38887],[8.44006,56.38734],[8.45437,56.391],[8.46891,56.40178],[8.492,56.39739],[8.50753,56.40113],[8.51297,56.41152],[8.50905,56.42083],[8.54712,56.42286],[8.55825,56.42192],[8.55258,56.4144],[8.57471,56.41077],[8.57634,56.41439],[8.58219,56.41462],[8.58499,56.42387],[8.60903,56.41854],[8.62371,56.41501],[8.62624,56.40574],[8.65181,56.40196],[8.65386,56.40605],[8.66361,56.39892],[8.67566,56.40598],[8.6739,56.4105],[8.68174,56.413],[8.69418,56.43194],[8.70543,56.45093],[8.70263,56.46895],[8.71241,56.4761],[8.7136,56.47645],[8.7153,56.47638],[8.71642,56.47693],[8.71659,56.47748],[8.71677,56.47754],[8.71936,56.47669],[8.72119,56.47664],[8.7231,56.47768],[8.72602,56.47762]]]}},{"type":"Feature","properties":{"name":"Holstebro"},"geometry":{"type":"Polygon","coordinates":[[[8.12334,56.37263],[8.11706,56.37266],[8.11501,56.3726],[8.11494,56.37408],[8.11637,56.37745],[8.11689,56.3794],[8.11689,56.37942],[8.12841,56.37995],[8.13097,56.37847],[8.13153,56.37709],[8.13131,56.3762],[8.1302,56.37428],[8.1291,56.37354],[8.12666,56.37265],[8.12483,56.37273],[8.12334,56.37263]]]}},{"type":"Feature","properties":{"name":"Holstebro"},"geometry":{"type":"Polygon","coordinates":[[[8.1719,56.33679],[8.17109,56.33709],[8.17094,56.33744],[8.17083,56.3377],[8.1736,56.33962],[8.17432,56.33986],[8.17637,56.34055],[8.1836,56.34259],[8.18742,56.34315],[8.19186,56.34359],[8.18943,56.34096],[8.18907,56.33991],[8.18862,56.33859],[8.1879,56.33835],[8.18777,56.33831],[8.18634,56.33923],[8.18126,56.33943],[8.1757,56.33856],[8.17376,56.33814],[8.17269,56.33764],[8.17251,56.33721],[8.17216,56.3368],[8.1719,56.33679]]]}},{"type":"Feature","properties":{"name":"Holstebro"},"geometry":{"type":"Polygon","coordinates":[[[8.2502,56.32653],[8.24925,56.3264],[8.24883,56.32641],[8.24849,56.3263],[8.24726,56.32614],[8.24621,56.32641],[8.24495,56.32688],[8.24473,56.32765],[8.2456,56.3286],[8.24717,56.32914],[8.24784,56.32898],[8.24759,56.32823],[8.25012,56.327],[8.25195,56.32717],[8.25283,56.32688],[8.2502,56.32653]]]}},{"type":"Feature","properties":{"name":"Holstebro"},"geometry":{"type":"Polygon","coordinates":[[[8.24069,56.32341],[8.23916,56.32462],[8.23977,56.32534],[8.24348,56.326],[8.24494,56.32601],[8.24511,56.32594],[8.24513,56.32601],[8.24571,56.32602],[8.24548,56.32484],[8.24403,56.32442],[8.24261,56.32441],[8.24069,56.32341]]]}},{"type":"Feature","properties":{"name":"Læsø"},"geometry":{"type":"Polygon","coordinates":[[[10.9612,57.20924],[10.95558,57.21061],[10.9546,57.21116],[10.95561,57.21216],[10.95597,57.21237],[10.95783,57.21283],[10.95929,57.21273],[10.95948,57.21263],[10.95939,57.2125],[10.95852,57.21237],[10.95847,57.21224],[10.95867,57.21194],[10.96123,57.21218],[10.96384,57.21202],[10.96437,57.21177],[10.96577,57.21111],[10.96471,57.21049],[10.96254,57.21029],[10.9623,57.21016],[10.96263,57.20984],[10.96341,57.2097],[10.9629,57.20936],[10.9612,57.20924]]]}},{"type":"Feature","properties":{"name":"Læsø"},"geometry":{"type":"Polygon","coordinates":[[[11.17128,57.2782],[11.17044,57.27823],[11.1697,57.27838],[11.16939,57.27872],[11.16967,57.27892],[11.16997,57.27898],[11.17033,57.27897],[11.17077,57.27875],[11.17155,57.27858],[11.17289,57.27867],[11.17386,57.27908],[11.17705,57.28121],[11.17733,57.28136],[11.17745,57.28129],[11.1758,57.27977],[11.1745,57.27898],[11.17235,57.27835],[11.17128,57.2782]]]}},{"type":"Feature","properties":{"name":"Læsø"},"geometry":{"type":"Polygon","coordinates":[[[10.92413,57.36054],[10.92744,57.36017],[10.92827,57.36062],[10.92971,57.36105],[10.92994,57.3629],[10.93138,57.36402],[10.93232,57.36363],[10.93105,57.36254],[10.92988,57.36041],[10.92804,57.3587],[10.92751,57.35869],[10.92661,57.35926],[10.92635,57.35982],[10.92499,57.36018],[10.92487,57.36012],[10.92469,57.36015],[10.92229,57.3585],[10.9224,57.35931],[10.92094,57.35959],[10.92015,57.35859],[10.9182,57.35849],[10.91722,57.35878],[10.91692,57.35936],[10.91751,57.35964],[10.91829,57.35948],[10.91813,57.35895],[10.91833,57.35893],[10.91832,57.35885],[10.91914,57.35883],[10.91995,57.35974],[10.92263,57.3611],[10.92304,57.36165],[10.92413,57.36054]]]}},{"type":"Feature","properties":{"name":"Læsø"},"geometry":{"type":"Polygon","coordinates":[[[10.98775,57.20715],[10.98842,57.20759],[10.98952,57.20793],[10.99127,57.2086],[10.99277,57.20942],[10.9932,57.20956],[10.99685,57.21005],[10.99717,57.21021],[10.99847,57.21055],[11.0005,57.21083],[11.00101,57.21073],[10.99969,57.21024],[10.99879,57.20981],[10.99834,57.20968],[10.99682,57.20947],[10.99643,57.2093],[10.99629,57.20915],[10.99633,57.20904],[10.99661,57.20899],[10.99703,57.20905],[10.99886,57.2095],[10.99846,57.20921],[10.99561,57.20797],[10.99493,57.20761],[10.99432,57.20729],[10.99339,57.20515],[10.99192,57.20407],[10.99187,57.20403],[10.99298,57.20344],[10.99291,57.20333],[10.99177,57.20302],[10.99017,57.2034],[10.98845,57.20381],[10.98824,57.20395],[10.98773,57.20466],[10.98763,57.20683],[10.98775,57.20715]]]}},{"type":"Feature","properties":{"name":"Læsø"},"geometry":{"type":"Polygon","coordinates":[[[11.00433,57.21032],[11.00225,57.21071],[11.00303,57.211],[11.0043,57.21129],[11.00541,57.21129],[11.00565,57.21118],[11.00453,57.21091],[11.00526,57.21059],[11.00433,57.21032]]]}},{"type":"Feature","properties":{"name":"Læsø"},"geometry":{"type":"Polygon","coordinates":[[[10.86402,57.26557],[10.86371,57.26476],[10.86263,57.26475],[10.86195,57.26533],[10.85948,57.26538],[10.85829,57.2649],[10.85783,57.26421],[10.86012,57.2646],[10.86055,57.26451],[10.86323,57.26345],[10.8662,57.26312],[10.86497,57.26276],[10.86216,57.26328],[10.86031,57.26327],[10.85929,57.26327],[10.85961,57.26229],[10.86153,57.26219],[10.86298,57.26212],[10.86222,57.26144],[10.86039,57.26112],[10.86075,57.26008],[10.86137,57.25983],[10.8634,57.25823],[10.8658,57.25787],[10.86753,57.25824],[10.86787,57.25885],[10.86887,57.25696],[10.87092,57.25484],[10.87539,57.25217],[10.87836,57.25121],[10.88016,57.25007],[10.87888,57.24947],[10.87989,57.24867],[10.88239,57.24769],[10.88601,57.24593],[10.88802,57.24529],[10.88838,57.24549],[10.88978,57.24498],[10.89135,57.24295],[10.89389,57.24087],[10.89646,57.23961],[10.89714,57.23856],[10.9013,57.23704],[10.90119,57.23673],[10.89998,57.23677],[10.89444,57.23723],[10.88566,57.24395],[10.87591,57.25057],[10.86596,57.25639],[10.86375,57.25726],[10.8602,57.25959],[10.85686,57.2648],[10.85734,57.26579],[10.86264,57.26599],[10.86402,57.26557]]]}},{"type":"Feature","properties":{"name":"Læsø"},"geometry":{"type":"Polygon","coordinates":[[[10.9139,57.23939],[10.91102,57.2397],[10.90515,57.23968],[10.90262,57.23992],[10.89905,57.24027],[10.89563,57.24173],[10.89403,57.24292],[10.89266,57.24466],[10.89231,57.24592],[10.8938,57.24686],[10.8958,57.24713],[10.8982,57.24542],[10.89808,57.24505],[10.89887,57.24486],[10.90526,57.24367],[10.90852,57.24259],[10.91449,57.2417],[10.9173,57.24078],[10.91588,57.2396],[10.9139,57.23939]]]}},{"type":"Feature","properties":{"name":"Læsø"},"geometry":{"type":"Polygon","coordinates":[[[11.03158,57.21405],[11.03481,57.21295],[11.03819,57.21082],[11.03891,57.2101],[11.03947,57.20786],[11.03853,57.2064],[11.0371,57.20547],[11.03432,57.20433],[11.02867,57.203],[11.01339,57.2015],[11.01143,57.20157],[11.01015,57.20161],[11.00664,57.20158],[11.00562,57.20193],[11.00404,57.20188],[11.00024,57.20084],[10.9973,57.19944],[10.99559,57.19982],[10.99412,57.2007],[10.99372,57.20094],[10.99344,57.20218],[10.99538,57.20732],[10.99781,57.20859],[10.99909,57.20888],[10.99981,57.20997],[11.00255,57.21047],[11.004,57.21009],[11.00682,57.21069],[11.01495,57.21164],[11.02718,57.21424],[11.02866,57.21418],[11.03158,57.21405]]]}},{"type":"Feature","properties":{"name":"Læsø"},"geometry":{"type":"Polygon","coordinates":[[[11.18908,57.28785],[11.18805,57.28789],[11.18796,57.28813],[11.18804,57.28932],[11.18722,57.28986],[11.18773,57.29067],[11.18898,57.29096],[11.1892,57.29108],[11.19136,57.29218],[11.19169,57.29253],[11.19287,57.29331],[11.19324,57.29334],[11.19284,57.29196],[11.19222,57.29104],[11.18975,57.28829],[11.18956,57.2879],[11.18908,57.28785]]]}},{"type":"Feature","properties":{"name":"Læsø"},"geometry":{"type":"Polygon","coordinates":[[[11.11318,57.29749],[11.11315,57.29749],[11.11063,57.29769],[11.10454,57.29647],[11.10212,57.2959],[11.10106,57.29492],[11.09879,57.29493],[11.09646,57.29415],[11.09144,57.29271],[11.08913,57.29196],[11.08686,57.29111],[11.08612,57.29047],[11.08596,57.28904],[11.08409,57.28889],[11.08077,57.28912],[11.07858,57.28825],[11.07858,57.28824],[11.07781,57.28777],[11.07879,57.28753],[11.07998,57.28724],[11.07962,57.28637],[11.07823,57.28537],[11.0767,57.28522],[11.07393,57.28429],[11.07314,57.283],[11.07436,57.28219],[11.07455,57.28145],[11.07618,57.2803],[11.07624,57.28027],[11.07836,57.28024],[11.0801,57.27954],[11.08214,57.27955],[11.08387,57.27993],[11.08563,57.28006],[11.09011,57.27908],[11.09199,57.27946],[11.09401,57.2788],[11.09291,57.27673],[11.09336,57.27449],[11.09443,57.27424],[11.09479,57.27279],[11.09487,57.27213],[11.09491,57.27186],[11.09362,57.26968],[11.09103,57.26817],[11.09083,57.265],[11.09088,57.26457],[11.09174,57.26341],[11.09123,57.26232],[11.09092,57.26214],[11.09092,57.26213],[11.09083,57.26187],[11.09042,57.26057],[11.09075,57.25998],[11.09038,57.25906],[11.08707,57.25617],[11.08769,57.25569],[11.08764,57.25514],[11.08649,57.2542],[11.08585,57.25366],[11.08264,57.25203],[11.07556,57.24588],[11.07489,57.24551],[11.07129,57.2435],[11.06638,57.24198],[11.02486,57.24378],[11.02206,57.24406],[11.01731,57.2436],[11.01317,57.24225],[11.01393,57.24213],[11.03421,57.24109],[11.05933,57.24016],[11.06417,57.23993],[11.06771,57.24032],[11.06727,57.23875],[11.06581,57.23744],[11.06361,57.23608],[11.05969,57.23438],[11.05267,57.23238],[11.04778,57.23141],[11.03747,57.22847],[11.0331,57.22748],[11.02546,57.22514],[11.0239,57.2242],[11.02221,57.22296],[11.01845,57.22168],[11.01574,57.22101],[11.01338,57.22109],[11.01012,57.22055],[11.01,57.21986],[11.00893,57.21965],[11.00519,57.21781],[11.00452,57.21772],[11.00418,57.21767],[11.00309,57.21775],[11.00187,57.21952],[11.0003,57.21934],[10.99844,57.21842],[10.99833,57.21849],[10.99764,57.21887],[10.99793,57.21972],[10.99755,57.21967],[10.99713,57.21962],[10.99513,57.21725],[10.99266,57.21675],[10.99201,57.21689],[10.99043,57.2172],[10.99045,57.21764],[10.99066,57.2178],[10.99185,57.21871],[10.99323,57.21844],[10.99464,57.21912],[10.99143,57.21959],[10.99209,57.22044],[10.99327,57.22145],[10.9925,57.2216],[10.99027,57.21977],[10.99012,57.22109],[10.98692,57.22196],[10.98703,57.22152],[10.98853,57.22074],[10.9887,57.21957],[10.98943,57.21871],[10.98537,57.2186],[10.98413,57.21834],[10.98413,57.21834],[10.98392,57.21826],[10.97798,57.216],[10.97736,57.21604],[10.97726,57.2169],[10.97719,57.21745],[10.97623,57.21772],[10.97354,57.21949],[10.97424,57.22149],[10.9736,57.2222],[10.97284,57.22278],[10.97194,57.22306],[10.97148,57.22533],[10.97074,57.22624],[10.97017,57.22799],[10.97018,57.22918],[10.96895,57.23026],[10.96795,57.22991],[10.96649,57.23017],[10.96705,57.23226],[10.96825,57.23331],[10.96792,57.23342],[10.96798,57.23354],[10.96773,57.23347],[10.96696,57.2337],[10.96526,57.23314],[10.96455,57.23254],[10.9615,57.2332],[10.96082,57.23418],[10.95973,57.23398],[10.95798,57.23425],[10.95584,57.23494],[10.95417,57.23467],[10.95141,57.23535],[10.94737,57.23615],[10.94709,57.23812],[10.94797,57.23904],[10.94929,57.23984],[10.94695,57.24144],[10.94538,57.24086],[10.94477,57.24112],[10.94452,57.24185],[10.94493,57.24269],[10.94451,57.24308],[10.94346,57.24343],[10.94293,57.24442],[10.94225,57.24466],[10.94023,57.24496],[10.93887,57.24569],[10.93833,57.24574],[10.93794,57.24586],[10.93741,57.24582],[10.93643,57.24589],[10.93611,57.24571],[10.93594,57.24569],[10.93597,57.24563],[10.93717,57.24518],[10.93806,57.24469],[10.93788,57.24442],[10.93412,57.24441],[10.9315,57.24545],[10.93144,57.24606],[10.9289,57.24642],[10.92361,57.24688],[10.92287,57.2464],[10.91764,57.24566],[10.91823,57.24481],[10.91437,57.24355],[10.91152,57.24393],[10.9088,57.2448],[10.90603,57.2461],[10.90332,57.24699],[10.89848,57.2479],[10.89232,57.24956],[10.89006,57.24991],[10.88855,57.24956],[10.88612,57.24991],[10.88457,57.2502],[10.87834,57.25209],[10.87557,57.25339],[10.87097,57.25621],[10.87002,57.25814],[10.87206,57.26173],[10.87097,57.262],[10.87089,57.26206],[10.87095,57.26227],[10.87118,57.2626],[10.87156,57.26351],[10.8727,57.26488],[10.87293,57.26501],[10.87457,57.26529],[10.87661,57.26578],[10.87828,57.26686],[10.88342,57.26885],[10.88638,57.26955],[10.90269,57.27745],[10.90537,57.2795],[10.90596,57.27937],[10.90621,57.27974],[10.91255,57.28466],[10.91903,57.29059],[10.9213,57.29366],[10.92163,57.29398],[10.92207,57.2947],[10.92047,57.29684],[10.92243,57.2966],[10.9227,57.29657],[10.92328,57.29583],[10.9238,57.29517],[10.92461,57.29579],[10.92654,57.29672],[10.92783,57.29727],[10.92966,57.29806],[10.93164,57.29898],[10.9357,57.30015],[10.94287,57.30113],[10.94795,57.30247],[10.95211,57.30297],[10.95386,57.30304],[10.95628,57.30238],[10.96081,57.30266],[10.96547,57.30249],[10.96874,57.30335],[10.97324,57.304],[10.9757,57.30476],[10.976,57.30509],[10.97509,57.30585],[10.97543,57.3063],[10.98235,57.30527],[10.98642,57.30502],[10.98653,57.30501],[10.99839,57.3046],[11.00099,57.30486],[11.00137,57.30485],[11.00211,57.30498],[11.0048,57.30525],[11.00932,57.30606],[11.01012,57.30632],[11.01072,57.30643],[11.01122,57.30669],[11.01276,57.3072],[11.01624,57.30901],[11.01778,57.3102],[11.01831,57.31068],[11.01971,57.31257],[11.02182,57.31596],[11.02508,57.31643],[11.02719,57.31784],[11.0301,57.31861],[11.03441,57.31874],[11.04564,57.31782],[11.0583,57.31761],[11.06095,57.3175],[11.06268,57.31754],[11.06507,57.3175],[11.07165,57.31762],[11.07874,57.31823],[11.08164,57.31829],[11.08343,57.31801],[11.09116,57.31842],[11.09356,57.31805],[11.10059,57.31832],[11.10059,57.31832],[11.10416,57.31825],[11.11307,57.31882],[11.12199,57.32017],[11.12388,57.32045],[11.1247,57.32058],[11.12573,57.32064],[11.12866,57.32104],[11.1292,57.32109],[11.13022,57.32118],[11.13331,57.32207],[11.13715,57.32384],[11.14281,57.32723],[11.14444,57.32777],[11.14734,57.32807],[11.15907,57.32709],[11.16506,57.32477],[11.17072,57.3238],[11.17974,57.32334],[11.19297,57.32394],[11.19809,57.3233],[11.19957,57.32238],[11.20014,57.32026],[11.19769,57.31293],[11.19604,57.30549],[11.19745,57.29218],[11.19438,57.28531],[11.19368,57.28495],[11.19265,57.28537],[11.19124,57.28552],[11.19007,57.28564],[11.18421,57.28547],[11.18495,57.28578],[11.19057,57.28615],[11.19084,57.28676],[11.19026,57.28796],[11.19334,57.29057],[11.1936,57.29183],[11.19458,57.29367],[11.19329,57.29794],[11.19248,57.29846],[11.19209,57.29865],[11.18838,57.29867],[11.1859,57.30031],[11.18242,57.30135],[11.18266,57.30202],[11.18408,57.30288],[11.1846,57.30451],[11.18567,57.30538],[11.18617,57.30542],[11.18654,57.30609],[11.18735,57.30761],[11.18685,57.3094],[11.18587,57.30926],[11.18087,57.30614],[11.17902,57.30492],[11.17847,57.30407],[11.17734,57.30329],[11.17475,57.30292],[11.17177,57.30196],[11.17089,57.30024],[11.17354,57.30071],[11.1742,57.30037],[11.17345,57.29974],[11.17275,57.29914],[11.17102,57.29851],[11.17027,57.29844],[11.16661,57.29814],[11.16173,57.29857],[11.15943,57.29903],[11.15397,57.3004],[11.15181,57.30074],[11.14934,57.30077],[11.14855,57.30086],[11.14803,57.30078],[11.14663,57.30079],[11.14257,57.30022],[11.13991,57.2999],[11.1369,57.29923],[11.13288,57.2986],[11.12556,57.29784],[11.12547,57.29729],[11.12084,57.29712],[11.11873,57.29815],[11.11668,57.29839],[11.11318,57.29749]]]}},{"type":"Feature","properties":{"name":"Læsø"},"geometry":{"type":"Polygon","coordinates":[[[10.95372,57.21615],[10.95296,57.2164],[10.95181,57.217],[10.95093,57.21717],[10.95107,57.21741],[10.95026,57.21771],[10.9498,57.21865],[10.95042,57.21954],[10.95154,57.22007],[10.95387,57.22058],[10.95432,57.22062],[10.95562,57.22046],[10.95601,57.21971],[10.95599,57.21925],[10.95683,57.21915],[10.95676,57.21882],[10.95613,57.21842],[10.95506,57.218],[10.95507,57.21753],[10.9545,57.21623],[10.95372,57.21615]]]}},{"type":"Feature","properties":{"name":"Læsø"},"geometry":{"type":"Polygon","coordinates":[[[10.98332,57.21313],[10.98309,57.21323],[10.98248,57.21351],[10.98254,57.21438],[10.98365,57.21597],[10.98449,57.21633],[10.98502,57.21648],[10.98589,57.21656],[10.98741,57.21658],[10.98828,57.2169],[10.98891,57.21664],[10.98936,57.21611],[10.99022,57.21581],[10.99052,57.21576],[10.99073,57.21573],[10.99235,57.21565],[10.99125,57.21517],[10.99024,57.21523],[10.98857,57.21499],[10.98613,57.21423],[10.98372,57.21323],[10.98332,57.21313]]]}},{"type":"Feature","properties":{"name":"Læsø"},"geometry":{"type":"Polygon","coordinates":[[[10.97446,57.21555],[10.97318,57.21581],[10.97084,57.2163],[10.97042,57.21649],[10.97046,57.21675],[10.97128,57.21724],[10.97157,57.21862],[10.97192,57.21927],[10.97211,57.21934],[10.97239,57.21933],[10.97305,57.21902],[10.97361,57.21865],[10.97439,57.21827],[10.97495,57.21789],[10.97529,57.21752],[10.9757,57.21683],[10.97475,57.21608],[10.97446,57.21555]]]}},{"type":"Feature","properties":{"name":"Læsø"},"geometry":{"type":"Polygon","coordinates":[[[11.01281,57.21334],[11.01261,57.21337],[11.01258,57.21344],[11.01255,57.21349],[11.01274,57.21398],[11.01391,57.21433],[11.01831,57.21522],[11.01891,57.2149],[11.02135,57.21572],[11.02304,57.21595],[11.02295,57.21582],[11.02157,57.21512],[11.01878,57.21432],[11.01832,57.21419],[11.01457,57.21348],[11.01382,57.21339],[11.01281,57.21334]]]}},{"type":"Feature","properties":{"name":"Billund"},"geometry":{"type":"Polygon","coordinates":[[[8.81472,55.73903],[8.78951,55.75204],[8.77768,55.76057],[8.76918,55.75689],[8.75273,55.75847],[8.74993,55.7765],[8.75745,55.77977],[8.75889,55.80608],[8.80611,55.81505],[8.82724,55.81986],[8.79452,55.83783],[8.82314,55.84754],[8.83956,55.88179],[8.85555,55.88025],[8.8652,55.89541],[8.87579,55.89293],[8.88148,55.89575],[8.94329,55.89217],[8.96555,55.88487],[8.96753,55.86518],[8.95779,55.84541],[8.95941,55.84171],[8.96739,55.84149],[8.99237,55.83896],[9.00953,55.83066],[9.03007,55.84064],[9.0463,55.83646],[9.05881,55.85067],[9.07092,55.84445],[9.07767,55.83944],[9.05807,55.81397],[9.06497,55.81125],[9.05483,55.76912],[9.08454,55.76686],[9.10083,55.7704],[9.11714,55.76669],[9.1143,55.75298],[9.13422,55.74868],[9.1548,55.7487],[9.17897,55.74647],[9.19923,55.74018],[9.1976,55.7375],[9.17447,55.73706],[9.16927,55.73437],[9.1622,55.73447],[9.15814,55.73241],[9.15369,55.73383],[9.15785,55.71583],[9.14908,55.70228],[9.16149,55.69823],[9.16855,55.70027],[9.16774,55.69544],[9.15139,55.69043],[9.15924,55.68478],[9.15665,55.66535],[9.14987,55.639],[9.15981,55.63741],[9.15896,55.62917],[9.18871,55.62793],[9.18502,55.61843],[9.18337,55.61409],[9.15378,55.61462],[9.12345,55.60747],[9.12425,55.59926],[9.11138,55.60049],[9.08239,55.59351],[9.06924,55.60118],[8.99341,55.60584],[8.99319,55.61829],[8.9771,55.62338],[8.92899,55.62769],[8.90302,55.62567],[8.88121,55.63784],[8.89015,55.65928],[8.88611,55.66123],[8.87261,55.67268],[8.84302,55.66911],[8.81774,55.68231],[8.81841,55.67923],[8.79872,55.6832],[8.80051,55.69667],[8.81131,55.69753],[8.81717,55.71382],[8.83069,55.72664],[8.83742,55.72672],[8.83361,55.73237],[8.81472,55.73903]]]}},{"type":"Feature","properties":{"name":"Lejre"},"geometry":{"type":"Polygon","coordinates":[[[11.87027,55.73371],[11.87048,55.7341],[11.87073,55.73422],[11.87074,55.73422],[11.87082,55.73427],[11.87188,55.73418],[11.87297,55.73461],[11.87402,55.73567],[11.87591,55.73668],[11.87625,55.73736],[11.87577,55.73782],[11.87577,55.73782],[11.88706,55.73669],[11.90521,55.73137],[11.92101,55.73625],[11.92208,55.74491],[11.93202,55.7453],[11.94795,55.7419],[11.95008,55.73819],[11.95771,55.73441],[11.98121,55.73009],[11.97962,55.72835],[11.9808,55.72649],[11.98078,55.72534],[11.98103,55.72286],[11.98178,55.72198],[11.98105,55.72029],[11.98056,55.71641],[11.97485,55.71309],[11.97483,55.71308],[11.97434,55.7123],[11.97278,55.7106],[11.97222,55.70851],[11.97115,55.70805],[11.97096,55.70683],[11.97083,55.70662],[11.96894,55.70559],[11.96768,55.70278],[11.96782,55.70068],[11.96702,55.69944],[11.96461,55.69725],[11.96396,55.69561],[11.96203,55.69483],[11.96114,55.69531],[11.95989,55.69543],[11.95926,55.69507],[11.95912,55.69504],[11.95899,55.69492],[11.95821,55.69275],[11.957,55.69232],[11.95501,55.69044],[11.95359,55.68975],[11.95387,55.68914],[11.95388,55.68912],[11.95391,55.68801],[11.95341,55.68741],[11.95168,55.68745],[11.95146,55.68688],[11.95099,55.68644],[11.94846,55.68455],[11.94753,55.68347],[11.94656,55.68176],[11.94496,55.68023],[11.94326,55.67933],[11.94232,55.67715],[11.93966,55.67317],[11.9387,55.67201],[11.93897,55.66906],[11.93796,55.66848],[11.93767,55.66819],[11.93735,55.66719],[11.938,55.66613],[11.93775,55.66613],[11.93449,55.66617],[11.93403,55.66574],[11.93272,55.6654],[11.93183,55.66458],[11.93003,55.66175],[11.93006,55.66089],[11.93094,55.66058],[11.93056,55.65968],[11.92882,55.65795],[11.92842,55.65666],[11.92909,55.65604],[11.92878,55.65543],[11.92813,55.65537],[11.92789,55.6544],[11.92827,55.65415],[11.92723,55.65331],[11.92759,55.65213],[11.92874,55.65107],[11.92935,55.65098],[11.92991,55.65151],[11.93064,55.65139],[11.93048,55.65098],[11.92963,55.65054],[11.92998,55.64965],[11.92993,55.64902],[11.93129,55.64888],[11.93153,55.64819],[11.93229,55.64757],[11.93261,55.6474],[11.93274,55.64744],[11.93291,55.64739],[11.93425,55.64761],[11.93543,55.64815],[11.93589,55.64826],[11.93594,55.64837],[11.93626,55.64851],[11.93753,55.6496],[11.93801,55.6511],[11.93783,55.65383],[11.93999,55.65614],[11.94164,55.66099],[11.95033,55.66297],[11.95123,55.66439],[11.95275,55.66384],[11.95278,55.66383],[11.95309,55.66372],[11.95323,55.66451],[11.95221,55.6651],[11.95016,55.66557],[11.94966,55.66612],[11.9501,55.66756],[11.94983,55.66926],[11.95144,55.6709],[11.95195,55.67284],[11.95148,55.67523],[11.95184,55.67581],[11.95454,55.6754],[11.95968,55.6762],[11.9661,55.67564],[11.97113,55.67682],[11.97629,55.67747],[11.98068,55.67719],[11.98294,55.67761],[11.9868,55.67782],[11.98821,55.67755],[11.99015,55.67707],[11.99262,55.67782],[11.99646,55.67843],[11.9973,55.67842],[11.99719,55.67967],[11.9956,55.68047],[11.99287,55.68122],[11.99096,55.68346],[11.99272,55.68339],[11.9934,55.68385],[11.99288,55.68467],[11.99327,55.6862],[11.99228,55.68849],[11.99102,55.68987],[11.99069,55.69023],[11.98877,55.69153],[11.98847,55.69158],[11.98827,55.6917],[11.98775,55.69171],[11.98673,55.69191],[11.98243,55.69186],[11.98171,55.69285],[11.98052,55.69352],[11.98233,55.69497],[11.98912,55.69646],[11.99161,55.69814],[11.99169,55.69834],[11.99261,55.70101],[11.99123,55.7069],[11.99274,55.70384],[11.99414,55.70307],[11.99485,55.70296],[11.99495,55.70283],[11.99551,55.70285],[11.99603,55.70278],[12.00037,55.70307],[12.00147,55.70374],[12.00156,55.70458],[12.00379,55.70514],[12.00558,55.7052],[12.00689,55.70599],[12.00811,55.70541],[12.00818,55.70528],[12.00844,55.70479],[12.00763,55.70457],[12.00471,55.70183],[12.00254,55.70051],[12.00212,55.69776],[12.00118,55.6965],[11.99833,55.69494],[11.99698,55.69538],[11.99694,55.69532],[11.99692,55.69529],[11.99703,55.69522],[11.99724,55.69422],[11.9997,55.6931],[11.99986,55.69297],[12.00047,55.69274],[12.00455,55.69199],[12.00602,55.69146],[12.00661,55.69216],[12.00588,55.69301],[12.00745,55.69339],[12.00826,55.69458],[12.00804,55.695],[12.01039,55.69494],[12.01233,55.69536],[12.01261,55.69567],[12.0121,55.69622],[12.01399,55.6966],[12.0157,55.69481],[12.0171,55.69402],[12.01965,55.69349],[12.02277,55.69348],[12.02417,55.69386],[12.0242,55.69424],[12.02446,55.69428],[12.02596,55.69399],[12.02697,55.6947],[12.02947,55.69502],[12.02999,55.69414],[12.0302,55.69469],[12.03139,55.69526],[12.03197,55.6937],[12.03286,55.69321],[12.0338,55.69323],[12.03573,55.69269],[12.03864,55.69263],[12.04088,55.69197],[12.04404,55.69047],[12.04428,55.69004],[12.04136,55.68878],[12.04132,55.68864],[12.04119,55.68856],[12.04119,55.68817],[12.04058,55.68607],[12.04124,55.68517],[12.04135,55.68515],[12.04395,55.68478],[12.04828,55.68498],[12.04824,55.68344],[12.04958,55.68291],[12.05029,55.68327],[12.0511,55.68304],[12.05123,55.68227],[12.05293,55.68163],[12.0529,55.67959],[12.05162,55.67922],[12.05062,55.67828],[12.04717,55.67871],[12.04549,55.67945],[12.04216,55.67971],[12.04138,55.68035],[12.03957,55.68089],[12.03971,55.68148],[12.03893,55.68226],[12.03726,55.68282],[12.03619,55.68275],[12.03492,55.6818],[12.03257,55.68102],[12.02927,55.68052],[12.02746,55.68063],[12.02413,55.68096],[12.02289,55.68175],[12.02137,55.68293],[12.02037,55.68337],[12.01951,55.68393],[12.01918,55.68448],[12.0159,55.68593],[12.01522,55.68682],[12.01449,55.68714],[12.01211,55.68666],[12.00861,55.68707],[12.00836,55.6882],[12.00711,55.68807],[12.00389,55.68884],[12.00297,55.68989],[12.00158,55.68946],[11.99858,55.68972],[11.99722,55.689],[11.99614,55.68755],[11.99704,55.68649],[11.99631,55.68625],[11.99656,55.68563],[11.99719,55.68535],[11.99882,55.68462],[11.99961,55.68465],[12.00205,55.68559],[12.00442,55.68516],[12.00553,55.68553],[12.00715,55.6847],[12.00659,55.68396],[12.00802,55.6833],[12.00857,55.68134],[12.00694,55.6813],[12.00603,55.68058],[12.00596,55.67993],[12.00618,55.67966],[12.00904,55.67867],[12.00987,55.67803],[12.00922,55.67723],[12.01075,55.67686],[12.01214,55.67381],[12.01121,55.67293],[12.00963,55.67306],[12.0092,55.67283],[12.00927,55.67022],[12.00809,55.66934],[12.00887,55.66909],[12.00988,55.67012],[12.01143,55.67001],[12.01152,55.66964],[12.0091,55.66845],[12.00832,55.66829],[12.00724,55.66807],[12.00914,55.66706],[12.00914,55.66706],[12.01276,55.65516],[12.00559,55.65101],[12.00357,55.64406],[12.00238,55.63819],[11.98972,55.63039],[11.98835,55.61984],[11.99173,55.61967],[11.9992,55.62095],[12.03116,55.61761],[12.03713,55.61774],[12.03779,55.62112],[12.05089,55.61661],[12.05159,55.60663],[12.07437,55.59333],[12.05816,55.58281],[12.04998,55.58601],[12.0436,55.5816],[12.03065,55.58213],[12.02089,55.58693],[12.01293,55.58667],[12.0091,55.58329],[12.00936,55.57837],[12.00291,55.57429],[11.98669,55.57636],[11.98632,55.57042],[11.97936,55.57255],[11.97625,55.54158],[11.96979,55.53519],[11.95909,55.52949],[11.9374,55.52666],[11.92888,55.52929],[11.91387,55.52988],[11.90232,55.54313],[11.87501,55.54487],[11.86902,55.54645],[11.8686,55.54902],[11.86485,55.55237],[11.86624,55.55355],[11.86611,55.55458],[11.86261,55.5545],[11.86023,55.55815],[11.84709,55.55809],[11.84656,55.56363],[11.85837,55.5691],[11.85136,55.57233],[11.85341,55.58186],[11.84364,55.5871],[11.82201,55.59024],[11.82295,55.59957],[11.81108,55.60639],[11.80922,55.61473],[11.79719,55.63345],[11.79672,55.64017],[11.77902,55.65147],[11.77913,55.65845],[11.77913,55.65845],[11.78104,55.65817],[11.78249,55.65846],[11.78218,55.65997],[11.78048,55.66137],[11.78065,55.6622],[11.78265,55.663],[11.78448,55.66319],[11.78709,55.66282],[11.78824,55.66215],[11.78919,55.66062],[11.78977,55.66025],[11.79001,55.65999],[11.79098,55.66032],[11.79128,55.66135],[11.79156,55.66165],[11.79489,55.66246],[11.7971,55.66263],[11.79903,55.66304],[11.80084,55.66254],[11.80347,55.6604],[11.80581,55.66156],[11.80915,55.66441],[11.81084,55.66509],[11.81084,55.66509],[11.81304,55.6668],[11.81431,55.67098],[11.81401,55.6727],[11.81321,55.67375],[11.81483,55.67412],[11.816,55.67524],[11.81851,55.67805],[11.82127,55.67876],[11.82362,55.68076],[11.82899,55.68279],[11.82672,55.68668],[11.82825,55.68837],[11.83063,55.69313],[11.83163,55.69263],[11.83287,55.69092],[11.8335,55.6895],[11.83349,55.68948],[11.83262,55.68652],[11.83246,55.68563],[11.83041,55.68509],[11.8316,55.68165],[11.83498,55.68229],[11.83685,55.68363],[11.83895,55.68806],[11.83804,55.68976],[11.83863,55.69326],[11.83781,55.69532],[11.83724,55.69611],[11.8373,55.69861],[11.8377,55.69963],[11.8406,55.70441],[11.84054,55.70669],[11.84054,55.7067],[11.84052,55.70792],[11.84234,55.70955],[11.84424,55.71336],[11.84829,55.71665],[11.85027,55.72028],[11.85253,55.72259],[11.85491,55.72791],[11.85539,55.72861],[11.85733,55.73139],[11.85915,55.73187],[11.86004,55.73141],[11.86292,55.73188],[11.86515,55.73189],[11.86801,55.73322],[11.87027,55.73371]]]}},{"type":"Feature","properties":{"name":"Lejre"},"geometry":{"type":"Polygon","coordinates":[[[11.79698,55.663],[11.79678,55.6636],[11.79684,55.66375],[11.7978,55.66404],[11.79805,55.66351],[11.79803,55.66308],[11.79738,55.663],[11.79698,55.663]]]}},{"type":"Feature","properties":{"name":"Brønderslev-Dronninglund"},"geometry":{"type":"Polygon","coordinates":[[[10.15708,57.32614],[10.15826,57.32663],[10.15936,57.32581],[10.16099,57.32591],[10.16316,57.32671],[10.16679,57.32694],[10.16883,57.32911],[10.17328,57.33581],[10.19195,57.33726],[10.19788,57.3338],[10.19022,57.32739],[10.19248,57.3194],[10.20452,57.31667],[10.2053,57.31225],[10.20354,57.30668],[10.21285,57.30307],[10.20962,57.29969],[10.22059,57.29805],[10.22253,57.29414],[10.2128,57.28531],[10.21489,57.24858],[10.24094,57.24994],[10.24271,57.24693],[10.2603,57.25129],[10.25913,57.25563],[10.28862,57.2678],[10.31858,57.26304],[10.32421,57.27725],[10.34403,57.26702],[10.36666,57.26207],[10.37649,57.26502],[10.38332,57.25485],[10.36684,57.24361],[10.37511,57.23751],[10.41439,57.21773],[10.40622,57.20812],[10.42165,57.19346],[10.42058,57.18836],[10.40645,57.18494],[10.41309,57.17957],[10.43016,57.17123],[10.44227,57.17009],[10.44152,57.16895],[10.43844,57.1663],[10.43777,57.16537],[10.43656,57.16408],[10.43544,57.16313],[10.43108,57.15859],[10.43055,57.15744],[10.42971,57.15652],[10.42818,57.15515],[10.42807,57.1545],[10.42741,57.15363],[10.42664,57.1534],[10.4245,57.15088],[10.4261,57.15033],[10.42554,57.14996],[10.42483,57.14967],[10.42389,57.15012],[10.42251,57.14872],[10.42178,57.1472],[10.42155,57.14638],[10.42182,57.14584],[10.42663,57.14606],[10.42802,57.14526],[10.42794,57.14496],[10.42625,57.1454],[10.42556,57.14461],[10.42585,57.14393],[10.42571,57.14376],[10.42594,57.14372],[10.42617,57.14319],[10.42718,57.14298],[10.42651,57.14259],[10.42621,57.14252],[10.42593,57.14225],[10.42321,57.1407],[10.41999,57.14025],[10.41901,57.14056],[10.42254,57.14426],[10.4202,57.14448],[10.41856,57.1434],[10.41698,57.1414],[10.41491,57.13843],[10.41382,57.13706],[10.4136,57.13525],[10.41228,57.13343],[10.41191,57.1325],[10.41023,57.13048],[10.40878,57.12718],[10.40726,57.12537],[10.40725,57.12452],[10.40703,57.12395],[10.40558,57.1212],[10.40355,57.12115],[10.40275,57.12099],[10.40227,57.12038],[10.40202,57.12008],[10.40197,57.1195],[10.40264,57.11899],[10.40164,57.11775],[10.40068,57.11675],[10.40058,57.11367],[10.40578,57.1128],[10.40503,57.11235],[10.40006,57.1132],[10.39954,57.11038],[10.39901,57.109],[10.398,57.10804],[10.39786,57.10739],[10.3966,57.10417],[10.39621,57.10288],[10.39527,57.10219],[10.39303,57.09704],[10.39202,57.09502],[10.38937,57.08863],[10.36411,57.08918],[10.33955,57.07054],[10.33377,57.0712],[10.32836,57.08263],[10.3361,57.10007],[10.32621,57.09886],[10.31053,57.10807],[10.22096,57.10863],[10.20104,57.10965],[10.19646,57.11021],[10.16545,57.1162],[10.1355,57.13893],[10.12281,57.14224],[10.11958,57.14306],[10.11066,57.14932],[10.10147,57.15278],[10.0981,57.15167],[10.09517,57.15192],[10.08121,57.15395],[10.0788,57.15024],[10.05101,57.17401],[10.02317,57.18981],[10.01927,57.19298],[9.98535,57.195],[9.99131,57.19945],[9.94515,57.21711],[9.93691,57.21332],[9.941,57.21861],[9.92904,57.21729],[9.934,57.22605],[9.90619,57.22959],[9.90074,57.22725],[9.89247,57.23059],[9.89045,57.22392],[9.83727,57.22246],[9.83695,57.21684],[9.77385,57.22919],[9.73904,57.23753],[9.74671,57.25248],[9.7639,57.26131],[9.78296,57.27101],[9.78272,57.278],[9.78389,57.29317],[9.77127,57.3071],[9.78326,57.30713],[9.79223,57.31532],[9.82483,57.3164],[9.83159,57.33864],[9.85245,57.33272],[9.86314,57.33706],[9.86666,57.34267],[9.8943,57.33886],[9.90058,57.32878],[9.92669,57.32298],[9.94084,57.32018],[9.93752,57.32957],[9.94576,57.33007],[9.94623,57.3351],[9.97765,57.33321],[9.99059,57.32757],[10.02816,57.32184],[10.04395,57.31431],[10.06769,57.3153],[10.06975,57.32497],[10.0626,57.32585],[10.0687,57.33171],[10.09864,57.32405],[10.11018,57.33175],[10.11641,57.32793],[10.1442,57.32955],[10.14852,57.32912],[10.15232,57.32759],[10.15652,57.3269],[10.15708,57.32614]]]}},{"type":"Feature","properties":{"name":"Rudersdal"},"geometry":{"type":"Polygon","coordinates":[[[12.39652,55.84203],[12.40186,55.84236],[12.39962,55.84661],[12.40169,55.85048],[12.40886,55.84748],[12.41284,55.85009],[12.41695,55.86251],[12.42674,55.86741],[12.4417,55.86521],[12.46045,55.86744],[12.4705,55.87454],[12.46842,55.87812],[12.47989,55.87493],[12.49271,55.8772],[12.49235,55.87387],[12.49726,55.87494],[12.49824,55.8647],[12.51187,55.86603],[12.53837,55.86252],[12.53681,55.85876],[12.54047,55.85703],[12.54438,55.86198],[12.56223,55.86265],[12.56597,55.85739],[12.56752,55.85592],[12.56851,55.85419],[12.56874,55.85267],[12.56992,55.85128],[12.57077,55.85063],[12.57042,55.85043],[12.57169,55.84865],[12.57173,55.84859],[12.57184,55.84844],[12.57192,55.84832],[12.57248,55.84812],[12.57237,55.84642],[12.57448,55.84317],[12.57486,55.84046],[12.57405,55.83485],[12.57485,55.82855],[12.57582,55.81861],[12.57689,55.81378],[12.57732,55.81184],[12.57874,55.81009],[12.58207,55.80792],[12.56822,55.80958],[12.56094,55.80588],[12.55062,55.80739],[12.54462,55.80355],[12.52799,55.80252],[12.52394,55.80433],[12.50003,55.79891],[12.49407,55.79989],[12.49105,55.7972],[12.48926,55.80106],[12.48091,55.79897],[12.47317,55.79704],[12.47324,55.80211],[12.4533,55.79951],[12.4391,55.79964],[12.43951,55.80211],[12.43511,55.80213],[12.41647,55.79514],[12.41213,55.80152],[12.42587,55.81258],[12.41963,55.82653],[12.40869,55.82592],[12.40926,55.82795],[12.39747,55.83048],[12.39278,55.83963],[12.39492,55.84139],[12.39652,55.84203]]]}},{"type":"Feature","properties":{"name":"Favrskov"},"geometry":{"type":"Polygon","coordinates":[[[9.73016,56.38437],[9.72935,56.3859],[9.71577,56.39231],[9.72525,56.39119],[9.74265,56.39928],[9.73652,56.402],[9.74098,56.40953],[9.75871,56.42017],[9.75823,56.42103],[9.75819,56.42108],[9.75026,56.42902],[9.75655,56.42895],[9.7695,56.44146],[9.77276,56.43905],[9.7762,56.4497],[9.78804,56.44378],[9.81792,56.44552],[9.82651,56.4497],[9.84416,56.44745],[9.84982,56.43332],[9.84237,56.42515],[9.84223,56.41581],[9.83776,56.41462],[9.82835,56.41108],[9.82285,56.41325],[9.82509,56.41753],[9.80787,56.41981],[9.79793,56.41351],[9.80419,56.40353],[9.80353,56.39317],[9.8184,56.39623],[9.83665,56.39502],[9.84709,56.38802],[9.86745,56.3856],[9.87932,56.37941],[9.89316,56.38135],[9.909,56.38319],[9.90829,56.39386],[9.9379,56.3891],[9.93868,56.38046],[9.95137,56.36988],[9.95637,56.37219],[9.96822,56.37077],[9.98416,56.38241],[10.00387,56.38863],[10.02531,56.38731],[10.02791,56.39054],[10.03564,56.3895],[10.03974,56.39102],[10.04487,56.38119],[10.07008,56.38336],[10.09508,56.3711],[10.10568,56.37541],[10.10623,56.38013],[10.13063,56.37444],[10.13,56.38146],[10.14091,56.39282],[10.14599,56.39037],[10.15842,56.39163],[10.19626,56.39112],[10.19643,56.38913],[10.20587,56.38997],[10.21359,56.38265],[10.21917,56.38193],[10.22967,56.37655],[10.23542,56.3733],[10.22768,56.36674],[10.2314,56.36444],[10.2219,56.35904],[10.21202,56.35878],[10.19878,56.36599],[10.1854,56.3615],[10.18372,56.35174],[10.17755,56.34803],[10.16251,56.34653],[10.16821,56.34037],[10.16049,56.33929],[10.16068,56.32903],[10.16405,56.32767],[10.18454,56.32501],[10.19168,56.32644],[10.19789,56.32434],[10.18799,56.31846],[10.1916,56.31392],[10.18821,56.30975],[10.16613,56.29823],[10.16229,56.30158],[10.16445,56.30449],[10.14996,56.30877],[10.13234,56.30551],[10.12543,56.2808],[10.12978,56.27884],[10.13529,56.26756],[10.13253,56.26189],[10.12666,56.26238],[10.12408,56.24822],[10.12581,56.24162],[10.12249,56.22465],[10.12861,56.2211],[10.11651,56.21597],[10.10462,56.2202],[10.08351,56.22287],[10.07745,56.22835],[10.07267,56.22771],[10.07163,56.22332],[10.06642,56.22617],[10.06551,56.2257],[10.04583,56.22474],[10.04302,56.22994],[10.02836,56.2318],[10.03369,56.22234],[10.02239,56.22308],[10.00264,56.21675],[10.0029,56.21469],[9.99722,56.21546],[9.99995,56.20746],[9.99091,56.20557],[9.98176,56.20791],[9.97961,56.21288],[9.9584,56.21694],[9.9572,56.21426],[9.94028,56.216],[9.93209,56.2093],[9.91675,56.21286],[9.91091,56.2109],[9.90567,56.21337],[9.89801,56.21415],[9.88806,56.2056],[9.87999,56.19873],[9.85881,56.18939],[9.85666,56.18967],[9.83663,56.19283],[9.80539,56.18868],[9.79117,56.19145],[9.78976,56.19538],[9.78261,56.19676],[9.77807,56.19684],[9.77301,56.19135],[9.75894,56.19776],[9.7715,56.20297],[9.76802,56.21192],[9.78309,56.21522],[9.77664,56.22016],[9.7869,56.23394],[9.78032,56.23921],[9.76955,56.23745],[9.79124,56.24949],[9.7849,56.24948],[9.78424,56.25443],[9.77069,56.26265],[9.75843,56.2601],[9.75472,56.26422],[9.75727,56.26772],[9.78076,56.27111],[9.77466,56.28174],[9.77658,56.29223],[9.76917,56.28981],[9.7661,56.29028],[9.76527,56.28912],[9.75662,56.29161],[9.75414,56.29043],[9.75217,56.29077],[9.75338,56.29219],[9.75123,56.29482],[9.74837,56.29566],[9.72793,56.29303],[9.71964,56.29602],[9.70051,56.30225],[9.67882,56.29974],[9.67584,56.31039],[9.66078,56.31518],[9.67072,56.32779],[9.70034,56.32662],[9.72172,56.33025],[9.72261,56.3352],[9.70544,56.34293],[9.70156,56.34927],[9.70593,56.35476],[9.70122,56.35795],[9.70184,56.36631],[9.68859,56.37576],[9.69004,56.37728],[9.69522,56.37699],[9.69584,56.37716],[9.73016,56.38437]]]}},{"type":"Feature","properties":{"name":"Holbæk"},"geometry":{"type":"Polygon","coordinates":[[[11.35174,55.64201],[11.35803,55.6446],[11.38854,55.65718],[11.39017,55.66003],[11.37834,55.66574],[11.37347,55.68403],[11.38384,55.68668],[11.38785,55.69933],[11.40644,55.71165],[11.4131,55.73304],[11.42586,55.73695],[11.44097,55.73532],[11.45948,55.73498],[11.47685,55.73944],[11.48367,55.74663],[11.53436,55.77225],[11.54363,55.77156],[11.59781,55.76785],[11.62217,55.77494],[11.63101,55.77172],[11.6319,55.77194],[11.63304,55.77209],[11.63312,55.77204],[11.63396,55.77221],[11.63668,55.77257],[11.63761,55.77304],[11.63952,55.77331],[11.64371,55.77299],[11.64649,55.77324],[11.65083,55.77295],[11.65096,55.77295],[11.65096,55.77295],[11.65554,55.7729],[11.65699,55.77338],[11.66248,55.77417],[11.66446,55.77508],[11.66649,55.7754],[11.66861,55.77564],[11.67199,55.77698],[11.6744,55.77753],[11.676,55.77831],[11.67708,55.77871],[11.6774,55.77899],[11.67788,55.77922],[11.6798,55.78118],[11.68034,55.78277],[11.68206,55.78388],[11.68396,55.78458],[11.68525,55.78506],[11.69174,55.78505],[11.69383,55.7854],[11.69561,55.78551],[11.698,55.78624],[11.6999,55.78782],[11.70185,55.78838],[11.70247,55.78985],[11.70277,55.79055],[11.70726,55.79051],[11.71042,55.7907],[11.71378,55.79024],[11.71648,55.79097],[11.71784,55.79091],[11.72153,55.79146],[11.72198,55.79156],[11.72422,55.79282],[11.72728,55.79564],[11.73202,55.79656],[11.73273,55.79604],[11.73513,55.79551],[11.73539,55.79528],[11.73396,55.79471],[11.7345,55.79394],[11.74395,55.78926],[11.74424,55.78687],[11.74633,55.78551],[11.74601,55.78408],[11.74838,55.78088],[11.7478,55.78058],[11.74766,55.77949],[11.74865,55.77493],[11.74915,55.77433],[11.74918,55.7741],[11.74946,55.77395],[11.75012,55.77317],[11.75282,55.77158],[11.75763,55.76974],[11.75927,55.76793],[11.7607,55.76551],[11.76007,55.76456],[11.75575,55.76238],[11.75523,55.76267],[11.75341,55.76278],[11.75289,55.76287],[11.75061,55.76636],[11.75171,55.76829],[11.75232,55.76842],[11.75275,55.76911],[11.75275,55.76912],[11.75217,55.76989],[11.74941,55.77075],[11.74711,55.76987],[11.74306,55.76751],[11.74241,55.76674],[11.74035,55.76556],[11.74128,55.76448],[11.74124,55.76368],[11.74277,55.762],[11.7431,55.76146],[11.74759,55.75719],[11.74779,55.75707],[11.75032,55.75696],[11.75329,55.75587],[11.75454,55.75556],[11.75554,55.75457],[11.76095,55.75305],[11.76668,55.7525],[11.76819,55.75138],[11.76915,55.75112],[11.76972,55.75118],[11.76998,55.75008],[11.76991,55.74454],[11.76969,55.74457],[11.76833,55.74503],[11.76506,55.74535],[11.76331,55.74528],[11.7619,55.7445],[11.76045,55.74325],[11.75677,55.74243],[11.75512,55.7418],[11.75453,55.74098],[11.75001,55.73967],[11.74884,55.73906],[11.74442,55.73858],[11.73764,55.73941],[11.73275,55.73955],[11.73274,55.73955],[11.72768,55.73895],[11.72424,55.73687],[11.72141,55.73606],[11.71568,55.73566],[11.71175,55.736],[11.7092,55.73573],[11.70804,55.7356],[11.70758,55.73555],[11.70742,55.73553],[11.70737,55.73557],[11.70733,55.73556],[11.70668,55.73545],[11.70454,55.73483],[11.69475,55.73522],[11.69149,55.7354],[11.68558,55.73559],[11.68531,55.73558],[11.68308,55.73491],[11.67549,55.73454],[11.67262,55.73404],[11.67142,55.73354],[11.67053,55.73352],[11.66584,55.73392],[11.66409,55.73413],[11.6622,55.73423],[11.65829,55.73341],[11.65467,55.73218],[11.65272,55.73193],[11.65185,55.73105],[11.65185,55.73104],[11.65171,55.73091],[11.65254,55.73039],[11.65331,55.72888],[11.65434,55.7274],[11.6567,55.72584],[11.65704,55.72513],[11.65365,55.72491],[11.6522,55.72453],[11.65454,55.72345],[11.65455,55.72345],[11.6546,55.72319],[11.65417,55.72213],[11.65291,55.72158],[11.65223,55.72121],[11.65394,55.72031],[11.65559,55.72049],[11.65926,55.71988],[11.66338,55.71974],[11.66304,55.71801],[11.6624,55.71687],[11.66406,55.71602],[11.66761,55.71551],[11.67362,55.7163],[11.67363,55.7163],[11.67771,55.71654],[11.68271,55.71807],[11.6959,55.71895],[11.70243,55.71914],[11.70589,55.7195],[11.70591,55.7195],[11.70799,55.72013],[11.70838,55.72037],[11.70948,55.72106],[11.71307,55.72216],[11.71311,55.72088],[11.71399,55.7208],[11.72144,55.72014],[11.72175,55.72106],[11.72025,55.72212],[11.72123,55.72297],[11.72435,55.72201],[11.7257,55.72098],[11.72654,55.72071],[11.72709,55.72066],[11.72959,55.72009],[11.73275,55.7198],[11.73703,55.7202],[11.74055,55.72088],[11.7462,55.72212],[11.74948,55.72326],[11.75172,55.72319],[11.75623,55.72216],[11.75726,55.72243],[11.75772,55.72265],[11.75991,55.72232],[11.76036,55.72215],[11.76046,55.72222],[11.76145,55.72209],[11.76248,55.72179],[11.76249,55.72175],[11.76251,55.72169],[11.76251,55.72178],[11.76778,55.72063],[11.76953,55.72078],[11.7726,55.72272],[11.77488,55.72636],[11.77448,55.72751],[11.77401,55.72762],[11.77292,55.7281],[11.76815,55.72891],[11.76422,55.72944],[11.76336,55.73012],[11.76313,55.7303],[11.76389,55.732],[11.76685,55.73338],[11.77161,55.73112],[11.77199,55.73094],[11.77284,55.73],[11.7729,55.72839],[11.77315,55.72823],[11.77525,55.7273],[11.77584,55.72665],[11.78065,55.72535],[11.78362,55.72367],[11.78427,55.72247],[11.78652,55.71923],[11.79211,55.71311],[11.7931,55.71246],[11.79226,55.71216],[11.79259,55.70766],[11.79158,55.70481],[11.79086,55.70386],[11.79071,55.70177],[11.79117,55.70105],[11.79223,55.69939],[11.79486,55.6982],[11.79774,55.69703],[11.80002,55.69687],[11.8009,55.69712],[11.80211,55.69821],[11.80354,55.69807],[11.80448,55.69671],[11.80578,55.69593],[11.8074,55.69328],[11.80655,55.69139],[11.8073,55.68984],[11.80683,55.6884],[11.80724,55.6873],[11.8087,55.68669],[11.81005,55.68671],[11.81171,55.68632],[11.81166,55.68478],[11.81008,55.68439],[11.80818,55.68391],[11.80723,55.68401],[11.80576,55.68474],[11.80543,55.68467],[11.80526,55.68472],[11.80351,55.68397],[11.80269,55.68306],[11.80394,55.68204],[11.80496,55.68178],[11.80523,55.67966],[11.80511,55.67747],[11.80685,55.6758],[11.80754,55.67412],[11.80847,55.67375],[11.81129,55.67356],[11.80862,55.67269],[11.80417,55.67347],[11.80342,55.67442],[11.80289,55.6751],[11.80395,55.67989],[11.80311,55.68066],[11.80088,55.6815],[11.79916,55.68179],[11.79707,55.68136],[11.7966,55.68088],[11.79683,55.68024],[11.7963,55.68006],[11.79242,55.68005],[11.79234,55.68048],[11.78991,55.68185],[11.78974,55.68173],[11.78962,55.68181],[11.78962,55.68164],[11.78865,55.68093],[11.78929,55.67988],[11.78849,55.67805],[11.78845,55.67581],[11.78919,55.67392],[11.78963,55.67339],[11.78962,55.6713],[11.7879,55.67018],[11.7844,55.67039],[11.78193,55.67026],[11.7811,55.67028],[11.7811,55.67023],[11.78095,55.67021],[11.77979,55.66909],[11.7774,55.669],[11.77646,55.6686],[11.77555,55.66739],[11.77581,55.66543],[11.77475,55.664],[11.77054,55.66181],[11.76923,55.66094],[11.76946,55.65932],[11.77099,55.65849],[11.77464,55.65853],[11.77913,55.65845],[11.77902,55.65147],[11.79672,55.64017],[11.79719,55.63345],[11.80922,55.61473],[11.81108,55.60639],[11.82295,55.59957],[11.82201,55.59024],[11.84364,55.5871],[11.85341,55.58186],[11.85136,55.57233],[11.85837,55.5691],[11.84656,55.56363],[11.82601,55.56131],[11.82258,55.55756],[11.8203,55.54944],[11.80793,55.54893],[11.80885,55.5437],[11.78223,55.53986],[11.76657,55.539],[11.76575,55.5395],[11.7661,55.54403],[11.75372,55.54704],[11.73911,55.54046],[11.73892,55.52615],[11.74426,55.52493],[11.73812,55.51778],[11.69882,55.51657],[11.68005,55.50893],[11.66336,55.51275],[11.66321,55.51341],[11.67501,55.52126],[11.66193,55.52275],[11.66474,55.53064],[11.66837,55.53413],[11.67969,55.53203],[11.68713,55.55288],[11.67071,55.56699],[11.65269,55.57009],[11.6468,55.56601],[11.62808,55.56598],[11.61989,55.57131],[11.5889,55.57359],[11.58128,55.58017],[11.54088,55.59116],[11.5252,55.58847],[11.48588,55.58057],[11.46944,55.58062],[11.45057,55.57647],[11.43636,55.57954],[11.42683,55.58031],[11.40416,55.58776],[11.39938,55.60137],[11.37141,55.62764],[11.37845,55.63868],[11.35107,55.63951],[11.35155,55.64097],[11.35105,55.64133],[11.35174,55.64201]]]}},{"type":"Feature","properties":{"name":"Holbæk"},"geometry":{"type":"Polygon","coordinates":[[[11.8271,55.7985],[11.82697,55.79861],[11.82708,55.7988],[11.82559,55.79971],[11.82376,55.80103],[11.822,55.80281],[11.82188,55.80323],[11.82117,55.80568],[11.82195,55.80737],[11.82452,55.80885],[11.82695,55.80919],[11.82902,55.80889],[11.83171,55.807],[11.83243,55.80594],[11.834,55.80422],[11.83396,55.80395],[11.8332,55.80295],[11.83371,55.80183],[11.83559,55.80116],[11.83673,55.80016],[11.8379,55.79974],[11.84046,55.79765],[11.84178,55.79674],[11.84172,55.79323],[11.84225,55.79247],[11.84404,55.79115],[11.84518,55.79011],[11.84557,55.78892],[11.84559,55.78837],[11.84515,55.78818],[11.84523,55.78779],[11.84599,55.78748],[11.84577,55.78403],[11.84586,55.7826],[11.84593,55.78245],[11.84793,55.78125],[11.84799,55.78094],[11.84598,55.77779],[11.84456,55.77446],[11.8404,55.77013],[11.83993,55.7687],[11.83623,55.76533],[11.83367,55.76173],[11.8336,55.7612],[11.83343,55.76087],[11.83362,55.7584],[11.83658,55.75719],[11.83632,55.75675],[11.83591,55.75663],[11.83389,55.75635],[11.83273,55.75631],[11.83014,55.75525],[11.82012,55.75249],[11.81599,55.75053],[11.8148,55.75016],[11.81129,55.7505],[11.80253,55.75751],[11.80241,55.7578],[11.80216,55.75781],[11.80119,55.75858],[11.79258,55.75826],[11.79204,55.75895],[11.79277,55.75992],[11.79278,55.76116],[11.7926,55.76154],[11.79165,55.76274],[11.78784,55.76409],[11.78454,55.76584],[11.78364,55.7675],[11.78141,55.77356],[11.77586,55.77967],[11.77566,55.78072],[11.77499,55.7825],[11.77674,55.78308],[11.77746,55.78406],[11.77963,55.78554],[11.78714,55.78598],[11.78765,55.78555],[11.78908,55.78546],[11.79031,55.7856],[11.79249,55.78629],[11.79291,55.78788],[11.79568,55.78865],[11.79583,55.78927],[11.79652,55.79067],[11.79568,55.79181],[11.79837,55.79241],[11.80043,55.79148],[11.80071,55.78914],[11.80304,55.78838],[11.80506,55.78831],[11.80581,55.78675],[11.806,55.78561],[11.80652,55.78526],[11.80702,55.78491],[11.81171,55.7833],[11.8143,55.78294],[11.81565,55.78271],[11.81612,55.78257],[11.81624,55.78262],[11.81783,55.78387],[11.81898,55.78462],[11.82221,55.78764],[11.82229,55.7904],[11.8248,55.79497],[11.82382,55.79631],[11.82619,55.79715],[11.8268,55.7983],[11.8271,55.7985]]]}},{"type":"Feature","properties":{"name":"Holbæk"},"geometry":{"type":"Polygon","coordinates":[[[11.81908,55.73605],[11.81731,55.73666],[11.81469,55.73682],[11.81489,55.73719],[11.81428,55.73741],[11.81276,55.73708],[11.8122,55.7381],[11.81102,55.73837],[11.81128,55.73908],[11.8125,55.73991],[11.81284,55.74056],[11.81248,55.74118],[11.81256,55.74163],[11.81344,55.74298],[11.81013,55.74438],[11.80995,55.74469],[11.81134,55.74454],[11.81366,55.74447],[11.81209,55.7459],[11.8121,55.74631],[11.8121,55.74641],[11.81397,55.74726],[11.81565,55.74666],[11.81441,55.74603],[11.81442,55.74589],[11.8171,55.74086],[11.81721,55.74018],[11.81647,55.73926],[11.8169,55.73823],[11.81714,55.73766],[11.81908,55.73605]]]}},{"type":"Feature","properties":{"name":"Holbæk"},"geometry":{"type":"Polygon","coordinates":[[[11.83481,55.74365],[11.83215,55.74386],[11.83203,55.74441],[11.83197,55.74489],[11.83176,55.74657],[11.83529,55.746],[11.83676,55.74561],[11.83807,55.74614],[11.83856,55.74625],[11.83955,55.7463],[11.841,55.74693],[11.84138,55.74723],[11.84155,55.74776],[11.84176,55.74756],[11.84163,55.74709],[11.84124,55.74679],[11.83978,55.74617],[11.8388,55.74611],[11.83831,55.74601],[11.83707,55.74551],[11.83611,55.74396],[11.83481,55.74365]]]}},{"type":"Feature","properties":{"name":"Ikast-Brande"},"geometry":{"type":"Polygon","coordinates":[[[9.14884,56.21138],[9.14287,56.23207],[9.15608,56.2365],[9.10934,56.26723],[9.11129,56.26727],[9.18683,56.26834],[9.19453,56.27604],[9.19952,56.27444],[9.20154,56.26387],[9.19519,56.26176],[9.19724,56.25265],[9.19056,56.25001],[9.19023,56.24211],[9.21005,56.22891],[9.21309,56.22165],[9.22295,56.21913],[9.23242,56.22575],[9.27974,56.20515],[9.28137,56.20765],[9.3146,56.20645],[9.32675,56.20947],[9.32197,56.19986],[9.35128,56.19324],[9.34972,56.19038],[9.36623,56.19332],[9.36809,56.18727],[9.35844,56.18157],[9.37173,56.1735],[9.39094,56.17296],[9.38633,56.15167],[9.39326,56.14512],[9.42264,56.13674],[9.40378,56.12906],[9.40902,56.12264],[9.41122,56.10492],[9.42029,56.09809],[9.41887,56.09485],[9.39804,56.09207],[9.39734,56.08775],[9.38174,56.08834],[9.34572,56.09822],[9.33273,56.09648],[9.31776,56.10003],[9.3187,56.08923],[9.30814,56.07614],[9.34796,56.0539],[9.34523,56.0271],[9.38405,56.02513],[9.38787,56.0221],[9.40439,56.02921],[9.41822,56.02865],[9.43599,56.00479],[9.46029,55.99614],[9.46235,55.99398],[9.47468,55.98798],[9.50332,55.97156],[9.50934,55.95282],[9.51091,55.94457],[9.51784,55.94323],[9.51195,55.94281],[9.51336,55.93354],[9.52505,55.92918],[9.52365,55.92491],[9.5347,55.91946],[9.55903,55.91591],[9.55834,55.90539],[9.54009,55.90575],[9.54019,55.91146],[9.53359,55.9064],[9.5235,55.90666],[9.52073,55.90055],[9.50218,55.90689],[9.46985,55.90683],[9.43604,55.9098],[9.41046,55.91469],[9.39869,55.92221],[9.38701,55.92415],[9.37161,55.93065],[9.35042,55.93808],[9.33548,55.93139],[9.31859,55.93363],[9.31104,55.9377],[9.29538,55.93536],[9.28074,55.9383],[9.25729,55.95353],[9.21941,55.95471],[9.21488,55.9433],[9.20998,55.94441],[9.19517,55.93075],[9.19592,55.91686],[9.17735,55.90944],[9.17923,55.90656],[9.14998,55.88359],[9.14303,55.88449],[9.14284,55.88397],[9.14279,55.88393],[9.14276,55.88392],[9.14247,55.88399],[9.14212,55.88401],[9.14181,55.88404],[9.1417,55.88404],[9.13484,55.88196],[9.13485,55.88182],[9.11764,55.86927],[9.09731,55.8772],[9.08493,55.86691],[9.07131,55.84494],[9.07092,55.84445],[9.05881,55.85067],[9.0463,55.83646],[9.03007,55.84064],[9.00953,55.83066],[8.99237,55.83896],[8.96739,55.84149],[8.95941,55.84171],[8.95779,55.84541],[8.96753,55.86518],[8.96555,55.88487],[8.99864,55.91495],[8.998,55.94707],[9.01275,55.96859],[8.99232,55.97438],[8.98245,55.9832],[8.98599,55.99257],[9.00476,55.98922],[9.00955,55.99293],[9.04689,55.98285],[9.06541,55.9837],[9.08623,55.98704],[9.08958,55.99132],[9.10628,55.99095],[9.11464,55.99771],[9.13216,56.00105],[9.12567,56.02504],[9.16653,56.02351],[9.18784,56.05113],[9.1527,56.05504],[9.17817,56.0636],[9.14025,56.06744],[9.11988,56.09611],[9.10872,56.09373],[9.10151,56.10368],[9.11042,56.12293],[9.1178,56.12602],[9.10754,56.1316],[9.10929,56.13582],[9.10381,56.13905],[9.11237,56.16133],[9.07084,56.17477],[9.10667,56.2088],[9.14955,56.20888],[9.14884,56.21138]]]}},{"type":"Feature","properties":{"name":"Greve"},"geometry":{"type":"Polygon","coordinates":[[[12.2095,55.60456],[12.21522,55.61767],[12.23033,55.61692],[12.23126,55.62109],[12.23503,55.62105],[12.2432,55.61348],[12.27596,55.62209],[12.28592,55.61711],[12.29416,55.61739],[12.31561,55.6092],[12.33663,55.60836],[12.36063,55.60068],[12.3575,55.59904],[12.36328,55.59402],[12.35773,55.59239],[12.3559,55.59149],[12.35516,55.5908],[12.35419,55.5909],[12.35398,55.59134],[12.35543,55.59229],[12.35654,55.59302],[12.35684,55.59322],[12.35697,55.59349],[12.35718,55.59393],[12.35713,55.59391],[12.35703,55.59386],[12.35681,55.59374],[12.35672,55.59377],[12.35618,55.5934],[12.35401,55.59223],[12.3531,55.59275],[12.35275,55.59327],[12.35177,55.59384],[12.35229,55.59451],[12.35356,55.59419],[12.35397,55.59365],[12.35433,55.59318],[12.35479,55.59338],[12.35483,55.59346],[12.35795,55.5952],[12.35843,55.59547],[12.35747,55.59667],[12.35677,55.59607],[12.35566,55.59512],[12.35368,55.59577],[12.35434,55.59629],[12.3553,55.5961],[12.35587,55.59645],[12.3558,55.59658],[12.35661,55.59731],[12.35648,55.59802],[12.35644,55.59826],[12.3564,55.59845],[12.35443,55.59817],[12.35243,55.59751],[12.34924,55.59341],[12.34918,55.59324],[12.34978,55.59177],[12.35176,55.59077],[12.34875,55.59059],[12.33678,55.58765],[12.32532,55.58396],[12.31944,55.58257],[12.31944,55.58257],[12.30767,55.5789],[12.30214,55.57703],[12.29591,55.57435],[12.29591,55.57435],[12.28895,55.57086],[12.28623,55.5689],[12.28622,55.56889],[12.28602,55.56874],[12.28657,55.56722],[12.28745,55.56572],[12.28602,55.5656],[12.28345,55.56653],[12.28326,55.56653],[12.28066,55.56544],[12.27728,55.56388],[12.27617,55.56329],[12.26396,55.55878],[12.25502,55.5536],[12.24795,55.5535],[12.22873,55.55828],[12.21765,55.55809],[12.20189,55.56567],[12.18986,55.5658],[12.18431,55.56677],[12.1802,55.57144],[12.18316,55.57747],[12.13814,55.5862],[12.14592,55.60077],[12.15959,55.61282],[12.2095,55.60456]]]}},{"type":"Feature","properties":{"name":"Rebild"},"geometry":{"type":"Polygon","coordinates":[[[10.18628,56.81815],[10.19801,56.81112],[10.22792,56.79601],[10.22576,56.79261],[10.17972,56.79774],[10.16591,56.78524],[10.15336,56.78337],[10.1514,56.7782],[10.12431,56.76846],[10.11995,56.76232],[10.10979,56.76549],[10.06606,56.75531],[10.0534,56.76111],[10.04512,56.77021],[10.05797,56.78083],[10.05065,56.79443],[10.03059,56.79477],[10.02243,56.79396],[9.99647,56.79092],[9.95427,56.79593],[9.93305,56.8037],[9.9055,56.79661],[9.90508,56.79671],[9.88342,56.79973],[9.86004,56.80344],[9.84414,56.80113],[9.81835,56.80647],[9.7976,56.81577],[9.77698,56.79204],[9.78809,56.77812],[9.77536,56.77418],[9.77218,56.76408],[9.77864,56.76491],[9.7932,56.75392],[9.8096,56.7545],[9.81243,56.74867],[9.80003,56.73773],[9.7988,56.72963],[9.7786,56.73547],[9.76036,56.73458],[9.74723,56.71776],[9.7494,56.71349],[9.74203,56.7063],[9.72711,56.70222],[9.71707,56.68379],[9.72367,56.67982],[9.72168,56.66612],[9.71875,56.66278],[9.71276,56.65144],[9.69443,56.65619],[9.67074,56.65508],[9.65445,56.66115],[9.6403,56.67135],[9.61849,56.67485],[9.61087,56.67995],[9.62084,56.68654],[9.62279,56.69572],[9.62591,56.70073],[9.58795,56.70884],[9.57695,56.73172],[9.54549,56.7367],[9.53308,56.73846],[9.51841,56.74298],[9.54507,56.76281],[9.54717,56.77563],[9.56559,56.77872],[9.56683,56.78506],[9.58854,56.80299],[9.61787,56.79509],[9.6381,56.80163],[9.62853,56.80192],[9.61631,56.80796],[9.62302,56.81346],[9.61262,56.81872],[9.62453,56.82959],[9.6226,56.83581],[9.63696,56.84822],[9.63681,56.85272],[9.65923,56.85433],[9.64544,56.86207],[9.61856,56.86779],[9.61076,56.87347],[9.61043,56.88206],[9.59073,56.88298],[9.57478,56.88903],[9.59182,56.89134],[9.61264,56.91339],[9.62858,56.91345],[9.64601,56.92637],[9.66803,56.92112],[9.67479,56.92391],[9.71491,56.9209],[9.70975,56.93299],[9.72027,56.93915],[9.70971,56.9603],[9.72909,56.97054],[9.75518,56.97087],[9.76784,56.9635],[9.77157,56.96299],[9.7672,56.95795],[9.77243,56.95695],[9.78158,56.96198],[9.80048,56.9606],[9.79689,56.95817],[9.81333,56.95885],[9.81636,56.95441],[9.81291,56.94861],[9.83657,56.94223],[9.83329,56.92935],[9.82366,56.92295],[9.83016,56.92141],[9.83643,56.90725],[9.87235,56.8926],[9.8751,56.88737],[9.88782,56.88878],[9.90569,56.88539],[9.92111,56.89483],[9.95182,56.90257],[9.96334,56.90624],[9.9817,56.90441],[10.00373,56.90049],[10.02213,56.90378],[10.03574,56.91091],[10.05729,56.91106],[10.05994,56.89127],[10.08479,56.88331],[10.09383,56.86985],[10.10305,56.87764],[10.13718,56.87007],[10.16355,56.87042],[10.15322,56.84957],[10.18628,56.81815]]]}},{"type":"Feature","properties":{"name":"Slagelse"},"geometry":{"type":"Polygon","coordinates":[[[11.15912,55.17179],[11.15941,55.17176],[11.16057,55.17201],[11.15958,55.17157],[11.15938,55.17121],[11.1592,55.17089],[11.15943,55.17084],[11.15984,55.17075],[11.15986,55.17086],[11.16096,55.17066],[11.16178,55.17058],[11.16197,55.17043],[11.16224,55.17021],[11.16341,55.17034],[11.16548,55.17058],[11.17371,55.17398],[11.17781,55.17615],[11.17892,55.17662],[11.17723,55.17255],[11.17706,55.17072],[11.17759,55.16947],[11.17914,55.16858],[11.17962,55.16757],[11.1795,55.16684],[11.17948,55.16674],[11.17787,55.16544],[11.17117,55.16264],[11.16966,55.16247],[11.16762,55.16167],[11.16284,55.15837],[11.15529,55.14855],[11.15268,55.14221],[11.15099,55.14009],[11.15052,55.14008],[11.14966,55.14119],[11.14516,55.14506],[11.14272,55.14669],[11.14281,55.14931],[11.14229,55.15213],[11.14113,55.15395],[11.14106,55.15432],[11.14078,55.15451],[11.14049,55.15496],[11.13578,55.15877],[11.13333,55.15987],[11.13391,55.16014],[11.13792,55.16135],[11.14403,55.16377],[11.15185,55.16878],[11.15636,55.17037],[11.15693,55.17074],[11.15762,55.17106],[11.15885,55.17199],[11.15912,55.17179]]]}},{"type":"Feature","properties":{"name":"Slagelse"},"geometry":{"type":"Polygon","coordinates":[[[10.94528,55.32486],[10.94484,55.32529],[10.94514,55.32578],[10.95036,55.32788],[10.95196,55.32897],[10.9573,55.3308],[10.96123,55.33303],[10.96365,55.33553],[10.96926,55.33762],[10.97252,55.33968],[10.97643,55.33976],[10.98037,55.34025],[10.98722,55.34213],[10.98901,55.34185],[10.98966,55.34102],[10.98898,55.34008],[10.97844,55.33642],[10.97631,55.33503],[10.97641,55.33494],[10.97623,55.33487],[10.97646,55.3349],[10.97662,55.33476],[10.97671,55.33468],[10.99129,55.33697],[10.99239,55.3366],[10.99248,55.33596],[10.99199,55.33574],[10.99151,55.33551],[10.97682,55.33368],[10.97253,55.33265],[10.97051,55.33173],[10.96976,55.33159],[10.97011,55.33155],[10.96985,55.33143],[10.97302,55.33109],[10.97614,55.33145],[10.97323,55.33082],[10.96741,55.32925],[10.96614,55.32906],[10.96203,55.32859],[10.95617,55.32804],[10.95462,55.32796],[10.95396,55.32783],[10.94638,55.32483],[10.94626,55.32483],[10.94528,55.32486]]]}},{"type":"Feature","properties":{"name":"Slagelse"},"geometry":{"type":"Polygon","coordinates":[[[11.19937,55.3822],[11.20186,55.38265],[11.202,55.38267],[11.20615,55.38516],[11.21097,55.3892],[11.21383,55.39242],[11.21384,55.39243],[11.21509,55.39649],[11.21511,55.39766],[11.21498,55.39934],[11.21344,55.40311],[11.21218,55.404],[11.20947,55.4055],[11.20822,55.40673],[11.20504,55.40879],[11.20174,55.41338],[11.20006,55.41456],[11.19618,55.41635],[11.19533,55.41778],[11.19503,55.41829],[11.19551,55.42189],[11.19671,55.42473],[11.19722,55.42596],[11.20181,55.4338],[11.20363,55.43835],[11.20438,55.44322],[11.20437,55.44396],[11.20417,55.4458],[11.2031,55.44985],[11.20162,55.4527],[11.20089,55.45362],[11.20081,55.45385],[11.20051,55.45411],[11.19925,55.4557],[11.1962,55.45829],[11.19387,55.45955],[11.19238,55.45998],[11.19066,55.46272],[11.21384,55.46224],[11.22196,55.46674],[11.22941,55.46597],[11.24505,55.47474],[11.26996,55.46181],[11.28853,55.46233],[11.28933,55.46852],[11.30509,55.46663],[11.30912,55.4682],[11.30843,55.4737],[11.32712,55.47806],[11.33808,55.46702],[11.33954,55.45819],[11.34739,55.46149],[11.35602,55.45865],[11.36897,55.46154],[11.36916,55.46392],[11.38107,55.4693],[11.38414,55.47438],[11.39654,55.47729],[11.39991,55.48469],[11.40075,55.49168],[11.42235,55.49585],[11.43767,55.50004],[11.44415,55.50906],[11.46861,55.5061],[11.47735,55.50254],[11.47166,55.49898],[11.48122,55.49469],[11.48554,55.49126],[11.48388,55.48535],[11.47839,55.4866],[11.46149,55.47939],[11.4655,55.47487],[11.4777,55.47285],[11.47163,55.46817],[11.48289,55.46735],[11.48571,55.46333],[11.50062,55.45927],[11.49623,55.45208],[11.50584,55.45226],[11.50919,55.44619],[11.51395,55.43554],[11.5028,55.42223],[11.50389,55.41243],[11.51414,55.41238],[11.50587,55.40549],[11.51097,55.40052],[11.48506,55.40115],[11.47987,55.3981],[11.4755,55.39506],[11.47703,55.39185],[11.48793,55.39138],[11.49129,55.38079],[11.5048,55.37459],[11.50402,55.36952],[11.51527,55.36848],[11.52154,55.36384],[11.521,55.36026],[11.51265,55.35705],[11.50996,55.34715],[11.49952,55.34675],[11.48946,55.34199],[11.49272,55.33795],[11.47732,55.33586],[11.46044,55.32153],[11.46445,55.30931],[11.45208,55.3064],[11.44514,55.29955],[11.43528,55.297],[11.43554,55.2933],[11.44269,55.29454],[11.44138,55.29033],[11.44985,55.2904],[11.45005,55.28748],[11.46082,55.29018],[11.47075,55.28771],[11.47194,55.27096],[11.47835,55.2613],[11.49173,55.2569],[11.4856,55.25023],[11.49436,55.23234],[11.49063,55.22691],[11.49177,55.22023],[11.50825,55.2198],[11.50923,55.20211],[11.51735,55.20179],[11.51635,55.19786],[11.5163,55.19786],[11.5062,55.19964],[11.50397,55.19973],[11.50325,55.19984],[11.5029,55.19977],[11.50171,55.19981],[11.49725,55.19911],[11.49284,55.19763],[11.49157,55.19925],[11.49172,55.2021],[11.48919,55.20464],[11.48854,55.20482],[11.48836,55.20498],[11.48727,55.20517],[11.48483,55.20586],[11.47731,55.20696],[11.47355,55.20615],[11.47206,55.20491],[11.46816,55.20442],[11.4671,55.20459],[11.46625,55.20598],[11.46641,55.20683],[11.46725,55.20799],[11.46858,55.20842],[11.46833,55.20948],[11.46805,55.20971],[11.46807,55.20984],[11.46766,55.21002],[11.46565,55.21161],[11.46284,55.21301],[11.46135,55.21354],[11.45974,55.21339],[11.45905,55.21368],[11.45674,55.21652],[11.45522,55.21683],[11.45407,55.21609],[11.45121,55.21453],[11.44792,55.21373],[11.44538,55.21381],[11.44346,55.21482],[11.44178,55.21554],[11.44059,55.21771],[11.43851,55.21846],[11.43847,55.21847],[11.43345,55.21945],[11.43184,55.21947],[11.43019,55.2191],[11.42932,55.21864],[11.42909,55.21784],[11.42816,55.21573],[11.42596,55.21447],[11.42373,55.21036],[11.42176,55.20975],[11.42059,55.20859],[11.42022,55.20751],[11.41949,55.20706],[11.41474,55.20631],[11.41746,55.20297],[11.42483,55.20375],[11.42577,55.20486],[11.42546,55.20583],[11.42735,55.20655],[11.42987,55.20591],[11.4308,55.20568],[11.43355,55.20499],[11.43512,55.20619],[11.43616,55.20644],[11.4389,55.20628],[11.4399,55.20571],[11.44032,55.20455],[11.44115,55.20429],[11.44317,55.20443],[11.44428,55.20479],[11.44511,55.20458],[11.44861,55.20345],[11.44997,55.20226],[11.44812,55.20181],[11.4481,55.20123],[11.44808,55.20016],[11.44731,55.19891],[11.44822,55.19777],[11.44855,55.19767],[11.4487,55.19752],[11.45199,55.19709],[11.4551,55.19629],[11.45437,55.19275],[11.45797,55.19151],[11.45839,55.19103],[11.45618,55.18827],[11.45788,55.18852],[11.45937,55.18884],[11.46532,55.19051],[11.46957,55.19196],[11.47006,55.19162],[11.4696,55.19141],[11.46537,55.18882],[11.45862,55.18758],[11.45038,55.18675],[11.44691,55.18716],[11.44424,55.1868],[11.44045,55.18612],[11.43421,55.1858],[11.42195,55.18815],[11.40419,55.19057],[11.39905,55.19062],[11.38901,55.18878],[11.38434,55.18885],[11.38413,55.18885],[11.38698,55.18941],[11.3898,55.19162],[11.39166,55.19418],[11.39503,55.19618],[11.39609,55.19619],[11.39842,55.19501],[11.39884,55.19387],[11.39876,55.19328],[11.40067,55.19223],[11.40302,55.19198],[11.40354,55.19253],[11.40329,55.19335],[11.40332,55.19382],[11.40457,55.19427],[11.41188,55.19261],[11.41452,55.19073],[11.41696,55.19035],[11.41685,55.18927],[11.42105,55.18858],[11.42155,55.18937],[11.42201,55.1901],[11.42066,55.19142],[11.41638,55.19213],[11.41677,55.19702],[11.41526,55.19982],[11.41543,55.20209],[11.41608,55.20252],[11.41294,55.20637],[11.40958,55.20568],[11.40655,55.20672],[11.40279,55.20671],[11.40011,55.20812],[11.3972,55.20892],[11.39577,55.20793],[11.39563,55.20707],[11.39452,55.20625],[11.39452,55.20625],[11.3913,55.20523],[11.38697,55.20502],[11.38591,55.20464],[11.38334,55.20319],[11.38034,55.19985],[11.37859,55.19888],[11.36861,55.19791],[11.36577,55.19846],[11.36144,55.20046],[11.35684,55.20456],[11.35364,55.20886],[11.35236,55.20966],[11.35229,55.2097],[11.3505,55.20975],[11.34757,55.20812],[11.34545,55.20724],[11.34167,55.2059],[11.34165,55.20587],[11.3409,55.20493],[11.3412,55.20371],[11.34187,55.20221],[11.34187,55.20198],[11.34166,55.20165],[11.33896,55.20028],[11.33687,55.20013],[11.33369,55.20355],[11.33169,55.20502],[11.33164,55.20521],[11.33043,55.20947],[11.32698,55.20941],[11.32641,55.2096],[11.32521,55.20982],[11.32343,55.21048],[11.3194,55.21064],[11.31809,55.21034],[11.31647,55.20928],[11.31537,55.2084],[11.31538,55.20777],[11.31595,55.20756],[11.31736,55.20804],[11.31735,55.20737],[11.31544,55.20591],[11.31542,55.20422],[11.31542,55.20413],[11.31468,55.20302],[11.31251,55.20299],[11.31175,55.20028],[11.31219,55.19934],[11.31297,55.19914],[11.31417,55.19773],[11.31642,55.19563],[11.31873,55.19531],[11.32233,55.19482],[11.32614,55.19632],[11.32681,55.19463],[11.33049,55.19528],[11.33144,55.19423],[11.33483,55.19522],[11.3397,55.19427],[11.34409,55.19347],[11.34766,55.19309],[11.35263,55.19235],[11.35335,55.19415],[11.35645,55.19127],[11.35748,55.1891],[11.36191,55.18841],[11.36962,55.18737],[11.37764,55.18753],[11.37829,55.18857],[11.37924,55.18876],[11.37938,55.18716],[11.37719,55.18656],[11.37155,55.18654],[11.37037,55.18647],[11.36614,55.18702],[11.35906,55.18784],[11.35812,55.18812],[11.35752,55.18831],[11.35613,55.1888],[11.35527,55.18931],[11.35483,55.1897],[11.3538,55.19137],[11.3536,55.19139],[11.34218,55.19261],[11.33497,55.19241],[11.32989,55.19304],[11.32165,55.19395],[11.30985,55.19479],[11.30466,55.19424],[11.29899,55.19284],[11.2954,55.19272],[11.28852,55.19609],[11.28828,55.19689],[11.28433,55.19945],[11.28262,55.20001],[11.28231,55.20018],[11.28206,55.20019],[11.28141,55.2004],[11.27828,55.20084],[11.27312,55.20079],[11.27085,55.20036],[11.26652,55.20022],[11.26309,55.2005],[11.2596,55.20068],[11.25948,55.20076],[11.25941,55.20073],[11.25761,55.20129],[11.25537,55.20256],[11.25465,55.20281],[11.25225,55.20363],[11.25162,55.20403],[11.25322,55.20568],[11.25245,55.20648],[11.25225,55.20641],[11.24882,55.20522],[11.2442,55.20795],[11.24532,55.20894],[11.24534,55.20894],[11.24903,55.20858],[11.25037,55.20869],[11.25039,55.2088],[11.25027,55.20901],[11.25022,55.20909],[11.24973,55.20934],[11.24833,55.21046],[11.24555,55.21205],[11.24449,55.21254],[11.24323,55.21328],[11.23807,55.21728],[11.23739,55.21858],[11.23745,55.22011],[11.2383,55.22067],[11.2411,55.22137],[11.2444,55.22182],[11.24587,55.22166],[11.247,55.22166],[11.24961,55.22188],[11.25097,55.22241],[11.25135,55.2227],[11.25006,55.22433],[11.24703,55.22575],[11.24452,55.22932],[11.24322,55.23078],[11.23943,55.235],[11.23543,55.23907],[11.23534,55.23921],[11.23414,55.24106],[11.23373,55.24389],[11.23445,55.24486],[11.23514,55.24578],[11.23613,55.24624],[11.23942,55.24628],[11.2424,55.24497],[11.24309,55.24467],[11.24582,55.24451],[11.24749,55.24408],[11.2467,55.24341],[11.24534,55.24226],[11.24518,55.24213],[11.24586,55.24104],[11.24673,55.2407],[11.24709,55.24056],[11.25365,55.23946],[11.25639,55.24009],[11.25991,55.2397],[11.26151,55.23928],[11.26125,55.23858],[11.26326,55.23756],[11.2655,55.23723],[11.26683,55.23725],[11.26927,55.23834],[11.27037,55.23816],[11.27072,55.23811],[11.27106,55.23742],[11.27199,55.23666],[11.27395,55.23681],[11.27414,55.23629],[11.27349,55.2354],[11.27548,55.23437],[11.27902,55.23478],[11.28093,55.23589],[11.28122,55.23598],[11.28132,55.23613],[11.28058,55.23779],[11.28066,55.23921],[11.28194,55.24204],[11.28255,55.24294],[11.2838,55.24478],[11.28878,55.24743],[11.2888,55.24744],[11.28935,55.25108],[11.28869,55.25141],[11.28912,55.25167],[11.29018,55.25259],[11.29149,55.25323],[11.29237,55.25521],[11.29813,55.25577],[11.29981,55.25731],[11.30015,55.25828],[11.30136,55.26168],[11.30625,55.26699],[11.30651,55.26746],[11.30679,55.26847],[11.30684,55.27132],[11.30584,55.27329],[11.30597,55.27528],[11.30524,55.27565],[11.30342,55.27565],[11.30229,55.27641],[11.30249,55.27715],[11.30169,55.27916],[11.29887,55.27961],[11.29788,55.27951],[11.29682,55.27888],[11.29485,55.27773],[11.29305,55.27794],[11.2915,55.27771],[11.28921,55.27495],[11.28727,55.27372],[11.28686,55.27262],[11.28732,55.27188],[11.28717,55.27015],[11.28583,55.26761],[11.28541,55.26515],[11.28577,55.26262],[11.28529,55.26169],[11.28481,55.26077],[11.28512,55.25849],[11.28399,55.25771],[11.28385,55.25696],[11.28394,55.25694],[11.28393,55.25677],[11.28744,55.25635],[11.29086,55.25547],[11.29199,55.2553],[11.29197,55.25501],[11.29137,55.25368],[11.29045,55.25348],[11.28883,55.25289],[11.28462,55.25258],[11.2834,55.25222],[11.28321,55.25216],[11.28117,55.25103],[11.27917,55.24965],[11.2766,55.24771],[11.27376,55.24701],[11.27106,55.24458],[11.26959,55.24],[11.26921,55.23967],[11.26725,55.23932],[11.26704,55.23873],[11.26576,55.23916],[11.2637,55.24106],[11.26302,55.24125],[11.26211,55.24328],[11.26013,55.24464],[11.25835,55.24682],[11.25812,55.24694],[11.25432,55.24824],[11.25244,55.2483],[11.25213,55.24838],[11.24747,55.2473],[11.2467,55.24619],[11.24483,55.24676],[11.24368,55.24838],[11.24359,55.2484],[11.23905,55.24969],[11.24105,55.25144],[11.24398,55.25524],[11.24528,55.26004],[11.24494,55.26291],[11.24494,55.26291],[11.24297,55.26682],[11.23704,55.27331],[11.2376,55.27875],[11.23723,55.28057],[11.23725,55.2813],[11.23699,55.28175],[11.23658,55.28386],[11.23489,55.28632],[11.23374,55.28722],[11.23195,55.28787],[11.22922,55.28953],[11.22576,55.29117],[11.21952,55.29292],[11.21811,55.29299],[11.21031,55.29467],[11.20438,55.29816],[11.20017,55.29976],[11.20016,55.29976],[11.18916,55.30278],[11.1805,55.30552],[11.18041,55.30555],[11.18041,55.30555],[11.17657,55.30535],[11.1746,55.30592],[11.16605,55.31089],[11.1576,55.31669],[11.15472,55.3188],[11.15061,55.32065],[11.14976,55.32089],[11.14824,55.32075],[11.1456,55.32188],[11.14019,55.32318],[11.13582,55.32469],[11.13217,55.32537],[11.13146,55.32524],[11.13023,55.32622],[11.13179,55.32725],[11.1325,55.32772],[11.13248,55.32821],[11.13198,55.32905],[11.12707,55.32897],[11.12889,55.32994],[11.12919,55.33],[11.12926,55.32991],[11.1307,55.33027],[11.12957,55.33215],[11.12902,55.33268],[11.12984,55.33306],[11.13089,55.33233],[11.13535,55.33346],[11.13475,55.33428],[11.13546,55.33494],[11.13702,55.33493],[11.13795,55.33373],[11.13768,55.33284],[11.13837,55.33181],[11.13884,55.33145],[11.1395,55.33112],[11.13993,55.33097],[11.14174,55.33064],[11.14259,55.3306],[11.15122,55.33016],[11.15324,55.33006],[11.1548,55.32963],[11.15431,55.32783],[11.15727,55.32749],[11.16057,55.32694],[11.16321,55.32768],[11.16482,55.32767],[11.17046,55.32851],[11.17408,55.32782],[11.1777,55.32559],[11.17963,55.32516],[11.18054,55.32549],[11.18401,55.3255],[11.18812,55.32649],[11.18815,55.3265],[11.18851,55.32697],[11.18848,55.32755],[11.18848,55.32758],[11.18848,55.3276],[11.18872,55.32768],[11.18968,55.32761],[11.19056,55.32831],[11.19057,55.32831],[11.18913,55.33062],[11.19054,55.33159],[11.1908,55.33168],[11.19363,55.33209],[11.19611,55.33308],[11.19789,55.33445],[11.20185,55.33498],[11.20541,55.33633],[11.20729,55.3389],[11.20698,55.33968],[11.20745,55.34244],[11.20576,55.34433],[11.20439,55.34497],[11.19985,55.34589],[11.1977,55.34585],[11.19649,55.34595],[11.18884,55.35014],[11.18623,55.35116],[11.18419,55.35257],[11.18123,55.35382],[11.18091,55.35388],[11.18052,55.35405],[11.17984,55.35406],[11.17914,55.35418],[11.1763,55.35338],[11.17401,55.35449],[11.17134,55.3544],[11.16692,55.35466],[11.16514,55.35436],[11.16514,55.35436],[11.1571,55.35102],[11.15663,55.35012],[11.15705,55.34804],[11.16139,55.34581],[11.1613,55.34576],[11.15955,55.34471],[11.15711,55.34384],[11.15694,55.34344],[11.15742,55.34227],[11.15789,55.34114],[11.16057,55.34091],[11.16049,55.33961],[11.16328,55.33815],[11.16277,55.33743],[11.15441,55.33632],[11.14941,55.33506],[11.14677,55.33367],[11.14667,55.33361],[11.14637,55.33346],[11.14627,55.33307],[11.14648,55.33255],[11.14094,55.3315],[11.13898,55.33563],[11.13733,55.33686],[11.13371,55.33579],[11.13143,55.33564],[11.13012,55.33585],[11.12696,55.337],[11.12502,55.33727],[11.12398,55.3375],[11.12394,55.33744],[11.12379,55.33747],[11.12204,55.33874],[11.12096,55.33919],[11.11913,55.33942],[11.11589,55.34148],[11.11449,55.34301],[11.11262,55.34427],[11.11174,55.34521],[11.11058,55.34665],[11.10923,55.34833],[11.10756,55.3472],[11.10735,55.34712],[11.10524,55.3478],[11.10326,55.34768],[11.10329,55.34681],[11.09527,55.34691],[11.09476,55.34594],[11.09254,55.34691],[11.0926,55.34707],[11.09415,55.34864],[11.0946,55.34966],[11.0939,55.35078],[11.09412,55.35208],[11.09941,55.35631],[11.10437,55.36139],[11.10716,55.3652],[11.11077,55.3682],[11.11369,55.37024],[11.11381,55.37017],[11.11409,55.36921],[11.11646,55.36872],[11.11686,55.3684],[11.11699,55.36575],[11.11901,55.36515],[11.11998,55.36485],[11.1277,55.36487],[11.12839,55.36504],[11.13218,55.36569],[11.1359,55.36682],[11.1359,55.36683],[11.13762,55.36745],[11.14222,55.36673],[11.14905,55.3672],[11.15056,55.36763],[11.15078,55.36764],[11.15222,55.36811],[11.15948,55.37122],[11.16253,55.37184],[11.16561,55.37309],[11.16596,55.37325],[11.16725,55.37382],[11.17482,55.37889],[11.17719,55.37964],[11.18025,55.37924],[11.18569,55.38057],[11.19114,55.38098],[11.19319,55.38171],[11.19551,55.38235],[11.19775,55.38201],[11.19937,55.3822]]]}},{"type":"Feature","properties":{"name":"Slagelse"},"geometry":{"type":"Polygon","coordinates":[[[11.20834,55.18655],[11.20843,55.18648],[11.20983,55.18907],[11.21195,55.19014],[11.2128,55.19023],[11.21394,55.19034],[11.21443,55.19129],[11.21403,55.1914],[11.21486,55.19328],[11.21515,55.19548],[11.21556,55.1958],[11.21643,55.19579],[11.21727,55.19627],[11.21816,55.19754],[11.21772,55.19818],[11.21844,55.19864],[11.21894,55.19859],[11.2195,55.19822],[11.21965,55.19812],[11.21929,55.19665],[11.21708,55.1942],[11.21589,55.19205],[11.21582,55.19021],[11.2166,55.18845],[11.21603,55.18592],[11.21252,55.18484],[11.21161,55.18374],[11.20854,55.18449],[11.20719,55.18622],[11.2055,55.18753],[11.19893,55.18974],[11.19407,55.19245],[11.19156,55.19346],[11.18115,55.19606],[11.1745,55.19858],[11.17445,55.19876],[11.17334,55.20252],[11.1719,55.2228],[11.17136,55.22865],[11.17056,55.23082],[11.17073,55.23238],[11.17147,55.23384],[11.17174,55.23646],[11.17522,55.24187],[11.1741,55.24439],[11.17015,55.24669],[11.16913,55.24849],[11.17106,55.25041],[11.17303,55.25092],[11.17462,55.25068],[11.17737,55.24952],[11.18401,55.24721],[11.18713,55.24561],[11.18833,55.2442],[11.19013,55.24059],[11.18947,55.23974],[11.1878,55.23966],[11.18593,55.23998],[11.18401,55.23964],[11.18245,55.23707],[11.17663,55.24016],[11.17439,55.23808],[11.17278,55.23575],[11.17388,55.23568],[11.17936,55.23672],[11.17921,55.23417],[11.17849,55.23309],[11.1767,55.23286],[11.17689,55.23215],[11.17704,55.23162],[11.17823,55.2301],[11.1818,55.22757],[11.19018,55.22459],[11.19351,55.22254],[11.19614,55.21857],[11.19743,55.21211],[11.1975,55.21042],[11.19753,55.20943],[11.19754,55.20924],[11.19791,55.20884],[11.20326,55.20439],[11.20427,55.20219],[11.2043,55.20094],[11.20671,55.1989],[11.20675,55.19822],[11.20536,55.1963],[11.20555,55.19603],[11.20421,55.19468],[11.20399,55.19446],[11.2013,55.19513],[11.2002,55.19503],[11.19951,55.19562],[11.19879,55.19548],[11.1972,55.19624],[11.19622,55.19588],[11.19642,55.19521],[11.1969,55.1948],[11.19779,55.19487],[11.1967,55.19391],[11.19776,55.1932],[11.19864,55.19325],[11.19836,55.1924],[11.19879,55.19198],[11.20032,55.19185],[11.20161,55.19134],[11.20257,55.19151],[11.20362,55.19128],[11.20318,55.19095],[11.20388,55.19033],[11.20483,55.19035],[11.20593,55.18982],[11.20674,55.18915],[11.20688,55.18865],[11.20463,55.18883],[11.20588,55.1881],[11.20659,55.18812],[11.20827,55.18649],[11.20834,55.18655]]]}},{"type":"Feature","properties":{"name":"Slagelse"},"geometry":{"type":"Polygon","coordinates":[[[11.48981,55.19743],[11.48984,55.1974],[11.48406,55.19549],[11.47687,55.19251],[11.47185,55.19215],[11.47122,55.19262],[11.47652,55.19748],[11.48209,55.19968],[11.48632,55.19997],[11.4869,55.1997],[11.48815,55.19911],[11.48981,55.19743]]]}},{"type":"Feature","properties":{"name":"Slagelse"},"geometry":{"type":"Polygon","coordinates":[[[11.45627,55.20169],[11.45415,55.20207],[11.4535,55.20221],[11.45392,55.20434],[11.45394,55.20444],[11.45538,55.20515],[11.45926,55.20466],[11.46221,55.20496],[11.46259,55.20488],[11.46271,55.20478],[11.45915,55.20262],[11.45627,55.20169]]]}},{"type":"Feature","properties":{"name":"Allerød"},"geometry":{"type":"Polygon","coordinates":[[[12.31845,55.88305],[12.31137,55.8875],[12.31053,55.89241],[12.32163,55.89067],[12.35455,55.89614],[12.36088,55.89218],[12.36792,55.89612],[12.37312,55.89917],[12.38174,55.8966],[12.38854,55.89696],[12.39755,55.88704],[12.40233,55.88687],[12.40344,55.87948],[12.39812,55.8775],[12.42674,55.86741],[12.41695,55.86251],[12.41284,55.85009],[12.40886,55.84748],[12.40169,55.85048],[12.39962,55.84661],[12.40186,55.84236],[12.39652,55.84203],[12.39492,55.84139],[12.39278,55.83963],[12.36844,55.8515],[12.36088,55.84992],[12.35488,55.83792],[12.31416,55.82428],[12.32619,55.81236],[12.29715,55.81992],[12.26165,55.81627],[12.23822,55.8188],[12.20744,55.82782],[12.20994,55.83235],[12.21592,55.83486],[12.218,55.83847],[12.22549,55.83893],[12.22879,55.84287],[12.22983,55.84256],[12.2313,55.84582],[12.23424,55.85338],[12.26265,55.85419],[12.26188,55.85813],[12.27857,55.86479],[12.27965,55.87671],[12.27474,55.8823],[12.2998,55.88471],[12.3019,55.88631],[12.30705,55.88136],[12.31561,55.88067],[12.31845,55.88305]]]}},{"type":"Feature","properties":{"name":"Sorø"},"geometry":{"type":"Polygon","coordinates":[[[11.45793,55.55003],[11.45989,55.55444],[11.4508,55.55791],[11.452,55.56153],[11.43174,55.56117],[11.43636,55.57954],[11.45057,55.57647],[11.46944,55.58062],[11.48588,55.58057],[11.5252,55.58847],[11.54088,55.59116],[11.58128,55.58017],[11.5889,55.57359],[11.61989,55.57131],[11.62808,55.56598],[11.6468,55.56601],[11.65269,55.57009],[11.67071,55.56699],[11.68713,55.55288],[11.67969,55.53203],[11.66837,55.53413],[11.66474,55.53064],[11.66193,55.52275],[11.67501,55.52126],[11.66321,55.51341],[11.66336,55.51275],[11.64424,55.50661],[11.64073,55.49868],[11.65033,55.49187],[11.64029,55.49321],[11.63683,55.49075],[11.64024,55.47958],[11.65348,55.47535],[11.65322,55.47248],[11.65983,55.47358],[11.66407,55.46458],[11.68731,55.45764],[11.68864,55.44841],[11.71081,55.44554],[11.70164,55.42635],[11.6919,55.41845],[11.70768,55.41274],[11.70521,55.40513],[11.70012,55.40576],[11.68958,55.40131],[11.68719,55.39778],[11.67701,55.39567],[11.6756,55.39142],[11.66661,55.38859],[11.65728,55.38906],[11.65396,55.38761],[11.62211,55.37503],[11.59901,55.37372],[11.58291,55.37817],[11.57867,55.376],[11.5758,55.37288],[11.56061,55.37306],[11.53786,55.3723],[11.52154,55.36384],[11.51527,55.36848],[11.50402,55.36952],[11.5048,55.37459],[11.49129,55.38079],[11.48793,55.39138],[11.47703,55.39185],[11.4755,55.39506],[11.47987,55.3981],[11.48506,55.40115],[11.51097,55.40052],[11.50587,55.40549],[11.51414,55.41238],[11.50389,55.41243],[11.5028,55.42223],[11.51395,55.43554],[11.50919,55.44619],[11.50584,55.45226],[11.49623,55.45208],[11.50062,55.45927],[11.48571,55.46333],[11.48289,55.46735],[11.47163,55.46817],[11.4777,55.47285],[11.4655,55.47487],[11.46149,55.47939],[11.47839,55.4866],[11.48388,55.48535],[11.48554,55.49126],[11.48122,55.49469],[11.47166,55.49898],[11.47735,55.50254],[11.46861,55.5061],[11.44415,55.50906],[11.43767,55.50004],[11.42235,55.49585],[11.41866,55.50755],[11.39874,55.50913],[11.41188,55.51235],[11.41107,55.52196],[11.42014,55.52614],[11.41769,55.53046],[11.37781,55.52086],[11.34083,55.53651],[11.33156,55.53389],[11.31856,55.53653],[11.33364,55.54149],[11.33733,55.54855],[11.36867,55.5527],[11.37296,55.54864],[11.38046,55.55371],[11.40271,55.54622],[11.41803,55.54862],[11.44279,55.54385],[11.44243,55.54774],[11.45793,55.55003]]]}},{"type":"Feature","properties":{"name":"Vejen"},"geometry":{"type":"Polygon","coordinates":[[[8.86187,55.47134],[8.86507,55.48459],[8.87062,55.48507],[8.86487,55.48787],[8.86963,55.48836],[8.87003,55.49234],[8.86488,55.49369],[8.86639,55.49512],[8.85937,55.49976],[8.8579,55.49912],[8.8544,55.50741],[8.85945,55.50765],[8.85707,55.51247],[8.8138,55.52092],[8.81607,55.52613],[8.80123,55.53679],[8.76221,55.55339],[8.7745,55.57944],[8.81068,55.58807],[8.87667,55.59636],[8.88426,55.60302],[8.90397,55.60707],[8.91448,55.61784],[8.90302,55.62567],[8.92899,55.62769],[8.9771,55.62338],[8.99319,55.61829],[8.99341,55.60584],[9.06924,55.60118],[9.08239,55.59351],[9.11138,55.60049],[9.12425,55.59926],[9.12345,55.60747],[9.15378,55.61462],[9.18337,55.61409],[9.18502,55.61843],[9.19898,55.61491],[9.21107,55.61885],[9.21956,55.61562],[9.2258,55.61835],[9.22001,55.60343],[9.2349,55.59229],[9.2778,55.58509],[9.27263,55.57316],[9.27929,55.55104],[9.26634,55.54929],[9.26206,55.53504],[9.27371,55.53072],[9.27011,55.52753],[9.30335,55.49807],[9.28718,55.48732],[9.28266,55.49044],[9.26977,55.48932],[9.26244,55.47994],[9.26608,55.47113],[9.25872,55.47158],[9.2613,55.46466],[9.25254,55.46075],[9.24785,55.46151],[9.24155,55.45497],[9.22046,55.45908],[9.21516,55.45081],[9.22411,55.44687],[9.21724,55.43742],[9.22369,55.43515],[9.21573,55.42404],[9.22612,55.41814],[9.22958,55.40042],[9.28451,55.38785],[9.28813,55.38132],[9.28092,55.37891],[9.27393,55.38215],[9.26872,55.37933],[9.25358,55.38189],[9.23852,55.37491],[9.24069,55.36128],[9.23342,55.35077],[9.2263,55.35135],[9.21507,55.33393],[9.19772,55.34193],[9.188,55.32383],[9.17961,55.30069],[9.18741,55.30316],[9.19877,55.29744],[9.17719,55.28981],[9.16168,55.28936],[9.11557,55.29679],[9.11654,55.32303],[9.10956,55.33553],[9.09564,55.33516],[9.09612,55.32903],[9.06852,55.31083],[9.06421,55.3152],[9.04396,55.31831],[9.0423,55.32748],[9.02955,55.32279],[9.02486,55.33176],[8.97545,55.33809],[8.97877,55.33438],[8.96832,55.33256],[8.96697,55.32373],[8.93978,55.31258],[8.9068,55.32309],[8.89198,55.32314],[8.89955,55.34138],[8.88667,55.34506],[8.87344,55.36627],[8.89741,55.36484],[8.91075,55.38127],[8.93266,55.38114],[8.9371,55.39328],[8.91243,55.39282],[8.90713,55.39592],[8.92361,55.40113],[8.92016,55.40864],[8.86702,55.40889],[8.8657,55.4334],[8.86725,55.43734],[8.84563,55.43772],[8.8465,55.45021],[8.83585,55.45261],[8.86187,55.47134]]]}},{"type":"Feature","properties":{"name":"Rødovre"},"geometry":{"type":"Polygon","coordinates":[[[12.42862,55.68151],[12.43236,55.68873],[12.42887,55.6921],[12.42865,55.70759],[12.43534,55.7131],[12.45242,55.71498],[12.45304,55.71225],[12.45496,55.70623],[12.45678,55.70442],[12.46368,55.7029],[12.4641,55.70102],[12.46348,55.69628],[12.466,55.69372],[12.46611,55.68968],[12.46717,55.68583],[12.47415,55.67293],[12.47452,55.67256],[12.47855,55.67204],[12.47822,55.66552],[12.47397,55.66617],[12.46151,55.66547],[12.46324,55.66486],[12.45293,55.66484],[12.44851,55.66504],[12.44706,55.67018],[12.44299,55.6701],[12.44266,55.67153],[12.42466,55.66952],[12.42327,55.67312],[12.42862,55.68151]]]}},{"type":"Feature","properties":{"name":"Ishøj"},"geometry":{"type":"Polygon","coordinates":[[[12.28592,55.61711],[12.27596,55.62209],[12.2432,55.61348],[12.23503,55.62105],[12.23126,55.62109],[12.23033,55.61692],[12.21522,55.61767],[12.20938,55.61796],[12.21607,55.62702],[12.21248,55.63483],[12.23379,55.63518],[12.24552,55.63341],[12.28176,55.63448],[12.28346,55.63515],[12.28574,55.63436],[12.28765,55.63414],[12.28942,55.63596],[12.30833,55.63723],[12.34662,55.63758],[12.37876,55.6149],[12.38762,55.6127],[12.38506,55.61235],[12.38459,55.61229],[12.3834,55.61286],[12.38333,55.61281],[12.3788,55.60984],[12.37858,55.60981],[12.37714,55.60874],[12.37762,55.60841],[12.37761,55.60834],[12.3778,55.6083],[12.37879,55.60762],[12.37989,55.6084],[12.38281,55.61026],[12.38359,55.61013],[12.38062,55.60717],[12.38045,55.60684],[12.38219,55.60659],[12.38875,55.6078],[12.38415,55.60886],[12.38626,55.61142],[12.38726,55.61118],[12.3861,55.60914],[12.38837,55.60855],[12.38875,55.61059],[12.38886,55.6108],[12.39039,55.61069],[12.39059,55.60873],[12.39176,55.60726],[12.39628,55.60818],[12.39689,55.60864],[12.39733,55.60877],[12.39949,55.60824],[12.39969,55.60628],[12.39765,55.60627],[12.39419,55.60551],[12.38331,55.60207],[12.37515,55.59877],[12.37578,55.59774],[12.37525,55.59717],[12.37077,55.59623],[12.36328,55.59402],[12.3575,55.59904],[12.36063,55.60068],[12.33663,55.60836],[12.31561,55.6092],[12.29416,55.61739],[12.28592,55.61711]]]}},{"type":"Feature","properties":{"name":"Gentofte"},"geometry":{"type":"Polygon","coordinates":[[[12.57891,55.7749],[12.59303,55.77942],[12.59301,55.77935],[12.59227,55.77683],[12.59238,55.77457],[12.59624,55.77195],[12.5966,55.77138],[12.59669,55.77031],[12.59664,55.76838],[12.59703,55.7669],[12.59716,55.76677],[12.59729,55.76637],[12.59855,55.76469],[12.6015,55.76293],[12.60001,55.76288],[12.60001,55.7596],[12.60117,55.7596],[12.59796,55.75763],[12.59236,55.75097],[12.59236,55.75096],[12.59053,55.74951],[12.59099,55.74927],[12.59036,55.74916],[12.58993,55.74862],[12.58888,55.74488],[12.58753,55.74333],[12.58753,55.74333],[12.58547,55.74053],[12.58423,55.73965],[12.58422,55.73964],[12.58245,55.73451],[12.5823,55.73221],[12.58034,55.73216],[12.58057,55.73157],[12.58134,55.73055],[12.58196,55.72902],[12.58642,55.72846],[12.58788,55.72724],[12.58633,55.72648],[12.58544,55.72722],[12.58225,55.7263],[12.58269,55.72469],[12.5853,55.72509],[12.58509,55.72339],[12.58413,55.72225],[12.58313,55.72184],[12.57774,55.72223],[12.57652,55.72895],[12.56819,55.73008],[12.56607,55.73129],[12.56364,55.73153],[12.56164,55.72508],[12.56136,55.72274],[12.55559,55.72293],[12.54938,55.72395],[12.54193,55.72373],[12.53902,55.72628],[12.53526,55.72711],[12.52559,55.72682],[12.52148,55.72783],[12.52138,55.72853],[12.51784,55.73575],[12.51815,55.74145],[12.5162,55.7439],[12.51274,55.74303],[12.51004,55.74414],[12.50071,55.74749],[12.50168,55.75026],[12.49865,55.75152],[12.50048,55.75643],[12.50053,55.75956],[12.50878,55.76258],[12.51646,55.76309],[12.5167,55.76311],[12.51877,55.76337],[12.52329,55.76404],[12.52637,55.76842],[12.53917,55.77367],[12.54703,55.77335],[12.55674,55.77112],[12.56368,55.77076],[12.57149,55.77416],[12.57891,55.7749]]]}},{"type":"Feature","properties":{"name":"Næstved"},"geometry":{"type":"Polygon","coordinates":[[[11.46082,55.29018],[11.45005,55.28748],[11.44985,55.2904],[11.44138,55.29033],[11.44269,55.29454],[11.43554,55.2933],[11.43528,55.297],[11.44514,55.29955],[11.45208,55.3064],[11.46445,55.30931],[11.46044,55.32153],[11.47732,55.33586],[11.49272,55.33795],[11.48946,55.34199],[11.49952,55.34675],[11.50996,55.34715],[11.51265,55.35705],[11.521,55.36026],[11.52154,55.36384],[11.53786,55.3723],[11.56061,55.37306],[11.5758,55.37288],[11.57867,55.376],[11.58291,55.37817],[11.59901,55.37372],[11.62211,55.37503],[11.65396,55.38761],[11.65728,55.38906],[11.66661,55.38859],[11.6756,55.39142],[11.67701,55.39567],[11.68719,55.39778],[11.68958,55.40131],[11.70012,55.40576],[11.70521,55.40513],[11.71229,55.40372],[11.71527,55.4064],[11.72233,55.40498],[11.72492,55.40754],[11.73178,55.40827],[11.73265,55.40706],[11.72993,55.40415],[11.73133,55.40171],[11.73803,55.40102],[11.74193,55.39835],[11.78629,55.36867],[11.80724,55.37144],[11.84277,55.36086],[11.85974,55.35628],[11.86556,55.35186],[11.88718,55.34273],[11.88313,55.34124],[11.88315,55.33536],[11.86455,55.33253],[11.85417,55.33534],[11.85036,55.32637],[11.84432,55.3266],[11.8587,55.3183],[11.83219,55.31355],[11.8432,55.30984],[11.84307,55.30428],[11.83814,55.30479],[11.84996,55.29507],[11.85389,55.29046],[11.86484,55.2889],[11.89976,55.28174],[11.89703,55.27879],[11.90568,55.27069],[11.9252,55.26225],[11.93238,55.26529],[11.93951,55.26187],[11.9353,55.25699],[11.94563,55.25392],[11.93767,55.24946],[11.94476,55.24347],[11.9553,55.24298],[11.97309,55.24942],[11.98081,55.24443],[11.98194,55.236],[11.97307,55.22509],[12.01659,55.21676],[12.02782,55.20503],[12.02377,55.1861],[12.04177,55.17894],[12.04754,55.17202],[12.04753,55.17202],[12.04605,55.17168],[12.04355,55.17124],[12.04264,55.17083],[12.03915,55.16977],[12.03594,55.16854],[12.03303,55.16733],[12.03243,55.16743],[12.02973,55.1665],[12.02954,55.16608],[12.02857,55.16498],[12.02857,55.16498],[12.02581,55.16369],[12.02545,55.16258],[12.02251,55.16136],[12.02221,55.16112],[12.02131,55.15983],[12.02081,55.1596],[12.02044,55.15891],[12.02058,55.15804],[12.01998,55.1572],[12.01883,55.15601],[12.01779,55.15538],[12.01696,55.15357],[12.01552,55.15257],[12.01571,55.15179],[12.01517,55.15103],[12.0133,55.15002],[12.01226,55.14957],[12.01081,55.14866],[12.01031,55.14779],[12.01141,55.14697],[12.01142,55.14696],[12.00736,55.14577],[12.00247,55.14476],[11.99593,55.14739],[11.99334,55.1474],[11.98938,55.15028],[11.98531,55.15078],[11.98872,55.14585],[11.98779,55.14456],[11.98983,55.14142],[11.99473,55.14043],[11.99685,55.13826],[12.00257,55.13709],[12.00233,55.13144],[11.98806,55.13223],[11.98154,55.13963],[11.96337,55.13969],[11.95134,55.15486],[11.93943,55.14813],[11.94838,55.13903],[11.92711,55.14023],[11.90942,55.14764],[11.91132,55.13851],[11.89816,55.13733],[11.89609,55.13304],[11.88778,55.13208],[11.88214,55.12713],[11.87292,55.12721],[11.87014,55.13002],[11.84931,55.11493],[11.83746,55.12072],[11.82148,55.12488],[11.81629,55.13094],[11.81629,55.13094],[11.81631,55.13094],[11.8168,55.13142],[11.81764,55.13153],[11.81769,55.13493],[11.81544,55.13944],[11.81543,55.13946],[11.81548,55.1401],[11.8152,55.14187],[11.81398,55.14406],[11.81449,55.14518],[11.81441,55.14536],[11.81301,55.14736],[11.81106,55.14927],[11.80995,55.14982],[11.80887,55.15014],[11.80467,55.15026],[11.80331,55.14986],[11.8026,55.14986],[11.80132,55.14997],[11.79932,55.15087],[11.79541,55.15358],[11.79513,55.15367],[11.79434,55.1538],[11.79098,55.15351],[11.78912,55.15345],[11.78891,55.1533],[11.78695,55.15275],[11.78631,55.15163],[11.7852,55.15065],[11.78454,55.15018],[11.78457,55.15009],[11.78442,55.14996],[11.78488,55.14753],[11.78303,55.14656],[11.77888,55.14665],[11.7719,55.14878],[11.77078,55.14978],[11.771,55.15206],[11.77418,55.15378],[11.77449,55.15434],[11.77435,55.15556],[11.77281,55.1562],[11.7728,55.15621],[11.77188,55.15676],[11.77082,55.15667],[11.77063,55.15672],[11.77033,55.15663],[11.76965,55.15656],[11.76515,55.15549],[11.7621,55.15454],[11.75886,55.15383],[11.75204,55.15366],[11.74628,55.15469],[11.74469,55.15525],[11.74362,55.15619],[11.74097,55.15602],[11.73918,55.15523],[11.73793,55.15369],[11.73592,55.1526],[11.7333,55.15211],[11.72539,55.15334],[11.71663,55.15607],[11.71328,55.15881],[11.71442,55.16371],[11.71418,55.16852],[11.71486,55.16908],[11.7237,55.17394],[11.72871,55.17458],[11.73035,55.17518],[11.7324,55.17638],[11.74056,55.17905],[11.74298,55.18021],[11.74299,55.18141],[11.73844,55.18452],[11.73353,55.18287],[11.72735,55.18136],[11.72374,55.18165],[11.72406,55.18399],[11.72414,55.18411],[11.73121,55.18835],[11.73146,55.1884],[11.73153,55.18855],[11.73175,55.18868],[11.73332,55.19238],[11.74159,55.19428],[11.74671,55.19808],[11.74625,55.19823],[11.74508,55.19779],[11.74504,55.19778],[11.74354,55.19748],[11.74045,55.19731],[11.73866,55.1972],[11.73581,55.19704],[11.73209,55.19986],[11.73152,55.20144],[11.71557,55.20705],[11.71553,55.20708],[11.71513,55.20736],[11.71377,55.20829],[11.71287,55.20892],[11.70593,55.20758],[11.70367,55.20754],[11.70227,55.2082],[11.70226,55.2082],[11.702,55.20832],[11.70008,55.20781],[11.69403,55.20856],[11.69311,55.2086],[11.69241,55.20863],[11.68582,55.20668],[11.68265,55.2049],[11.68107,55.2043],[11.67845,55.20202],[11.67627,55.20179],[11.67289,55.20087],[11.67213,55.20059],[11.67213,55.20058],[11.67212,55.20013],[11.67078,55.1975],[11.67004,55.19699],[11.66808,55.19693],[11.66691,55.19632],[11.66534,55.19486],[11.66308,55.19305],[11.66064,55.1916],[11.66041,55.1903],[11.65888,55.18952],[11.65736,55.18927],[11.65454,55.18808],[11.65462,55.18573],[11.65447,55.18488],[11.65584,55.18275],[11.6557,55.18145],[11.65193,55.17872],[11.64273,55.17668],[11.64009,55.17652],[11.63918,55.17647],[11.63676,55.17858],[11.63299,55.18076],[11.63069,55.18155],[11.63002,55.1819],[11.62961,55.18191],[11.62889,55.18216],[11.6285,55.18229],[11.62586,55.18269],[11.62332,55.18245],[11.61894,55.18239],[11.60788,55.18671],[11.60479,55.18742],[11.60113,55.18888],[11.59678,55.19012],[11.5943,55.19038],[11.58964,55.18927],[11.58029,55.18815],[11.57204,55.19052],[11.57151,55.19057],[11.57114,55.19068],[11.57049,55.19066],[11.5692,55.19078],[11.55961,55.19093],[11.5571,55.19039],[11.55108,55.19027],[11.55061,55.19034],[11.54912,55.19058],[11.53725,55.1942],[11.53147,55.19596],[11.52776,55.19672],[11.52206,55.19749],[11.51635,55.19786],[11.51735,55.20179],[11.50923,55.20211],[11.50825,55.2198],[11.49177,55.22023],[11.49063,55.22691],[11.49436,55.23234],[11.4856,55.25023],[11.49173,55.2569],[11.47835,55.2613],[11.47194,55.27096],[11.47075,55.28771],[11.46082,55.29018]]]}},{"type":"Feature","properties":{"name":"Næstved"},"geometry":{"type":"Polygon","coordinates":[[[11.69347,55.17171],[11.68991,55.17225],[11.68708,55.17475],[11.68704,55.17573],[11.68909,55.17898],[11.69252,55.18528],[11.69342,55.18745],[11.69327,55.18876],[11.6977,55.19131],[11.70158,55.1945],[11.70116,55.20196],[11.70239,55.20228],[11.70523,55.20239],[11.70723,55.203],[11.71133,55.20056],[11.71588,55.19815],[11.72179,55.19708],[11.72534,55.19672],[11.73249,55.19567],[11.73035,55.19298],[11.7259,55.18869],[11.724,55.18655],[11.721,55.18384],[11.719,55.17703],[11.71667,55.17374],[11.71547,55.17206],[11.7067,55.17459],[11.70583,55.17465],[11.70524,55.17476],[11.70112,55.17453],[11.69988,55.17424],[11.69676,55.17226],[11.69501,55.17171],[11.69347,55.17171]]]}},{"type":"Feature","properties":{"name":"Næstved"},"geometry":{"type":"Polygon","coordinates":[[[11.71133,55.14116],[11.70785,55.14171],[11.70298,55.14438],[11.69572,55.15057],[11.68963,55.15386],[11.68594,55.15682],[11.68209,55.1593],[11.67938,55.16001],[11.67573,55.16098],[11.67156,55.1613],[11.66279,55.16231],[11.66119,55.16313],[11.65323,55.16837],[11.65143,55.1701],[11.64982,55.1733],[11.64935,55.17381],[11.64879,55.17461],[11.64732,55.17602],[11.6527,55.17785],[11.65869,55.17573],[11.65889,55.17552],[11.65967,55.17535],[11.66109,55.17483],[11.66406,55.17489],[11.66404,55.17413],[11.6627,55.17357],[11.66001,55.1728],[11.65736,55.17253],[11.65762,55.17175],[11.65829,55.17144],[11.65944,55.17131],[11.65959,55.17122],[11.65986,55.17127],[11.66021,55.17123],[11.66351,55.17176],[11.66406,55.17198],[11.66422,55.17212],[11.66678,55.17338],[11.66825,55.17545],[11.66903,55.17679],[11.6732,55.17976],[11.67382,55.17985],[11.67888,55.1799],[11.67961,55.17979],[11.67789,55.17325],[11.67816,55.17268],[11.67758,55.16631],[11.67904,55.16282],[11.67936,55.16237],[11.67938,55.16233],[11.68464,55.16021],[11.69167,55.15849],[11.69441,55.1572],[11.69444,55.15719],[11.69524,55.15419],[11.69608,55.15284],[11.69667,55.15227],[11.6968,55.15195],[11.69988,55.14957],[11.7006,55.14916],[11.70146,55.14936],[11.6998,55.15172],[11.70258,55.1521],[11.7034,55.15221],[11.7073,55.15065],[11.7105,55.14899],[11.71231,55.14518],[11.71204,55.14468],[11.70749,55.14428],[11.71065,55.14286],[11.71068,55.14285],[11.71133,55.14116]]]}},{"type":"Feature","properties":{"name":"Næstved"},"geometry":{"type":"Polygon","coordinates":[[[11.71684,55.12364],[11.71377,55.12514],[11.71395,55.12978],[11.71233,55.13618],[11.71301,55.13862],[11.71492,55.1398],[11.71614,55.14157],[11.71655,55.14379],[11.7165,55.14497],[11.71712,55.14625],[11.71759,55.14695],[11.71971,55.14734],[11.72213,55.14678],[11.72266,55.14636],[11.72273,55.1463],[11.72185,55.14426],[11.71984,55.14309],[11.71969,55.14243],[11.72632,55.1391],[11.72789,55.13736],[11.72791,55.13673],[11.72792,55.13635],[11.72768,55.13608],[11.7208,55.12958],[11.72033,55.12768],[11.71847,55.12431],[11.71684,55.12364]]]}},{"type":"Feature","properties":{"name":"Næstved"},"geometry":{"type":"Polygon","coordinates":[[[11.67727,55.18744],[11.6765,55.18982],[11.67727,55.19078],[11.6789,55.19165],[11.68146,55.19237],[11.6824,55.19247],[11.68634,55.19198],[11.68862,55.19149],[11.69075,55.19092],[11.6875,55.18942],[11.68236,55.188],[11.67727,55.18744]]]}},{"type":"Feature","properties":{"name":"Næstved"},"geometry":{"type":"Polygon","coordinates":[[[11.6611,55.1768],[11.66098,55.1768],[11.65959,55.17688],[11.65879,55.17725],[11.65872,55.17814],[11.65891,55.17863],[11.66016,55.17853],[11.6611,55.1768]]]}},{"type":"Feature","properties":{"name":"Odense"},"geometry":{"type":"Polygon","coordinates":[[[10.25777,55.44339],[10.25873,55.4545],[10.27839,55.45322],[10.28327,55.45544],[10.30862,55.47891],[10.31412,55.47287],[10.30818,55.47089],[10.31089,55.46826],[10.31662,55.47016],[10.33365,55.46344],[10.34498,55.47547],[10.35385,55.4739],[10.35726,55.48079],[10.37374,55.48083],[10.36347,55.4741],[10.38583,55.47688],[10.39252,55.47447],[10.39554,55.46632],[10.43137,55.46779],[10.43673,55.47039],[10.43826,55.47014],[10.43885,55.46978],[10.4427,55.46737],[10.44359,55.46669],[10.443,55.46641],[10.44202,55.46617],[10.4399,55.4661],[10.43777,55.46528],[10.43742,55.46499],[10.43723,55.46494],[10.43724,55.46484],[10.43713,55.46474],[10.43692,55.46456],[10.43693,55.46243],[10.43778,55.46124],[10.4365,55.45962],[10.43608,55.45803],[10.43564,55.45775],[10.4339,55.4577],[10.43405,55.4567],[10.43413,55.45535],[10.43127,55.4555],[10.4305,55.45523],[10.4298,55.45443],[10.42946,55.45436],[10.42968,55.45429],[10.42953,55.45411],[10.43491,55.4534],[10.43555,55.45306],[10.43594,55.45218],[10.43404,55.45059],[10.43402,55.44872],[10.43134,55.4455],[10.43181,55.44444],[10.42868,55.44331],[10.42839,55.44171],[10.42501,55.4388],[10.42504,55.43875],[10.42595,55.43764],[10.42636,55.43647],[10.4264,55.43648],[10.42806,55.43709],[10.43006,55.43855],[10.43295,55.43937],[10.43444,55.43913],[10.43886,55.43706],[10.44071,55.43667],[10.44375,55.43695],[10.44479,55.43738],[10.44631,55.43801],[10.44873,55.44125],[10.45004,55.44189],[10.45713,55.44391],[10.45924,55.44374],[10.4626,55.44259],[10.4642,55.44105],[10.46422,55.44103],[10.46541,55.43992],[10.46788,55.43872],[10.46829,55.43845],[10.46837,55.43849],[10.46879,55.43828],[10.47018,55.43947],[10.47093,55.43957],[10.47187,55.43935],[10.47251,55.43846],[10.47319,55.43832],[10.47524,55.43911],[10.4821,55.44448],[10.48241,55.44461],[10.48337,55.44503],[10.48641,55.44551],[10.48746,55.4461],[10.49108,55.44658],[10.49294,55.44863],[10.4942,55.4504],[10.498,55.45143],[10.49834,55.45304],[10.49834,55.45304],[10.50394,55.45007],[10.50872,55.44016],[10.52643,55.43267],[10.53043,55.42603],[10.52399,55.41969],[10.50718,55.42277],[10.50363,55.41917],[10.48472,55.42201],[10.48083,55.41831],[10.50058,55.40582],[10.49799,55.40067],[10.50587,55.38783],[10.53678,55.36203],[10.54553,55.36152],[10.55736,55.35746],[10.55583,55.35144],[10.57686,55.34527],[10.57609,55.34264],[10.5743,55.33804],[10.55198,55.32274],[10.53644,55.32394],[10.51739,55.32055],[10.49026,55.32288],[10.46155,55.31828],[10.46032,55.31232],[10.43619,55.3086],[10.42432,55.30944],[10.42159,55.31903],[10.40887,55.32782],[10.41309,55.32979],[10.41113,55.33317],[10.35126,55.32015],[10.33401,55.30748],[10.34862,55.29842],[10.34838,55.29426],[10.34082,55.29188],[10.31538,55.2927],[10.30057,55.28812],[10.28448,55.29199],[10.286,55.29474],[10.27892,55.2978],[10.28795,55.30132],[10.28525,55.30513],[10.28427,55.3108],[10.27748,55.31395],[10.26175,55.31462],[10.26138,55.32332],[10.25698,55.32693],[10.26495,55.33562],[10.25674,55.33881],[10.25889,55.34825],[10.2507,55.34909],[10.25055,55.35347],[10.23446,55.35901],[10.23037,55.35783],[10.23449,55.35479],[10.2324,55.35113],[10.22586,55.35534],[10.21281,55.3659],[10.19906,55.3637],[10.19394,55.36587],[10.18773,55.36144],[10.18695,55.36322],[10.18285,55.36931],[10.19662,55.3806],[10.20275,55.40556],[10.20508,55.41173],[10.21667,55.41084],[10.22262,55.42214],[10.23471,55.42611],[10.23294,55.42927],[10.24549,55.42775],[10.24861,55.4341],[10.24167,55.4395],[10.24616,55.44405],[10.25777,55.44339]]]}},{"type":"Feature","properties":{"name":"Fanø"},"geometry":{"type":"Polygon","coordinates":[[[8.42607,55.35239],[8.41748,55.36056],[8.39942,55.38795],[8.39938,55.38802],[8.39026,55.39862],[8.38338,55.40745],[8.37706,55.41369],[8.3755,55.41579],[8.37501,55.41568],[8.37442,55.41601],[8.36554,55.42382],[8.36498,55.4237],[8.363,55.42485],[8.35957,55.42798],[8.35182,55.43282],[8.34909,55.4339],[8.3411,55.43647],[8.33646,55.43787],[8.33372,55.43927],[8.33159,55.44087],[8.32961,55.44394],[8.32977,55.44543],[8.32872,55.44773],[8.32739,55.45599],[8.32769,55.45741],[8.32837,55.458],[8.33113,55.45924],[8.33322,55.45945],[8.3363,55.46065],[8.34218,55.46225],[8.34639,55.4659],[8.3535,55.46967],[8.357,55.47034],[8.35874,55.47016],[8.35894,55.46974],[8.35718,55.46885],[8.35086,55.46532],[8.34997,55.46408],[8.34607,55.46068],[8.3449,55.45866],[8.34578,55.45727],[8.3472,55.45568],[8.35057,55.45354],[8.35083,55.45669],[8.3526,55.4597],[8.355,55.46189],[8.36713,55.46787],[8.37154,55.4694],[8.38449,55.46965],[8.39482,55.4685],[8.39736,55.46759],[8.40218,55.46693],[8.40498,55.46619],[8.40946,55.46472],[8.40958,55.46209],[8.40832,55.45726],[8.40836,55.45575],[8.40943,55.45477],[8.41003,55.45503],[8.41047,55.45606],[8.41127,55.4555],[8.41034,55.45405],[8.40953,55.45338],[8.40882,55.45176],[8.40783,55.44953],[8.40737,55.44849],[8.40657,55.44668],[8.40674,55.44593],[8.40701,55.44474],[8.40838,55.44399],[8.40677,55.44339],[8.40589,55.44222],[8.40576,55.44189],[8.40555,55.44138],[8.40562,55.43922],[8.40518,55.43652],[8.40557,55.43512],[8.40862,55.4318],[8.41085,55.42937],[8.41267,55.42823],[8.41557,55.42697],[8.41804,55.42631],[8.42068,55.425],[8.42136,55.42496],[8.42267,55.42538],[8.42376,55.42677],[8.42513,55.42797],[8.42858,55.43324],[8.43291,55.43615],[8.43523,55.43671],[8.44006,55.43787],[8.44218,55.43788],[8.44412,55.43747],[8.44584,55.43631],[8.45152,55.43432],[8.45465,55.4322],[8.45444,55.43116],[8.45321,55.43041],[8.45366,55.42714],[8.46042,55.4203],[8.46086,55.41623],[8.46173,55.41488],[8.46324,55.41388],[8.46335,55.41292],[8.46536,55.4093],[8.46645,55.40597],[8.46585,55.40478],[8.46494,55.404],[8.46004,55.40221],[8.4535,55.39878],[8.45075,55.39773],[8.44911,55.39634],[8.44767,55.39452],[8.44748,55.39354],[8.44825,55.39241],[8.44825,55.39241],[8.44904,55.38944],[8.45388,55.38726],[8.45591,55.38544],[8.45662,55.384],[8.46012,55.38144],[8.46569,55.37895],[8.46747,55.37714],[8.46786,55.37254],[8.46955,55.36984],[8.46939,55.36765],[8.46966,55.36535],[8.47134,55.3578],[8.47323,55.3554],[8.47402,55.35631],[8.4753,55.35621],[8.47854,55.35597],[8.47869,55.35647],[8.48044,55.35734],[8.48168,55.35723],[8.48302,55.35618],[8.48193,55.35391],[8.47693,55.35033],[8.47445,55.34802],[8.47374,55.34582],[8.47171,55.34277],[8.47196,55.34194],[8.47397,55.34002],[8.47534,55.34012],[8.47746,55.34112],[8.47885,55.34075],[8.47848,55.34002],[8.47766,55.33971],[8.47479,55.33915],[8.47056,55.33885],[8.46107,55.33945],[8.45138,55.34116],[8.45084,55.34133],[8.4494,55.34178],[8.43437,55.34749],[8.42607,55.35239]]]}},{"type":"Feature","properties":{"name":"Fanø"},"geometry":{"type":"Polygon","coordinates":[[[8.47452,55.34461],[8.4743,55.34473],[8.47479,55.34582],[8.47521,55.34728],[8.47605,55.34835],[8.47846,55.35],[8.47994,55.35026],[8.48032,55.35026],[8.48042,55.34982],[8.4809,55.3494],[8.48103,55.34915],[8.48124,55.34866],[8.48124,55.34829],[8.48054,55.34755],[8.47999,55.34664],[8.47932,55.34587],[8.4791,55.34573],[8.4786,55.34561],[8.47792,55.34565],[8.47695,55.34581],[8.4761,55.34605],[8.47597,55.34604],[8.47597,55.34514],[8.47584,55.34497],[8.47512,55.34462],[8.47452,55.34461]]]}},{"type":"Feature","properties":{"name":"Vejle"},"geometry":{"type":"Polygon","coordinates":[[[9.11714,55.76669],[9.10083,55.7704],[9.08454,55.76686],[9.05483,55.76912],[9.06497,55.81125],[9.05807,55.81397],[9.07767,55.83944],[9.07092,55.84445],[9.07131,55.84494],[9.08493,55.86691],[9.09731,55.8772],[9.11764,55.86927],[9.13485,55.88182],[9.13484,55.88196],[9.1417,55.88404],[9.14181,55.88404],[9.14212,55.88401],[9.14247,55.88399],[9.14276,55.88392],[9.14279,55.88393],[9.14284,55.88397],[9.14303,55.88449],[9.14998,55.88359],[9.17923,55.90656],[9.17735,55.90944],[9.19592,55.91686],[9.19517,55.93075],[9.20998,55.94441],[9.21488,55.9433],[9.21941,55.95471],[9.25729,55.95353],[9.28074,55.9383],[9.29538,55.93536],[9.31104,55.9377],[9.31859,55.93363],[9.33548,55.93139],[9.35042,55.93808],[9.37161,55.93065],[9.38701,55.92415],[9.3895,55.92011],[9.38858,55.91983],[9.38844,55.91971],[9.3864,55.91923],[9.41253,55.89244],[9.43044,55.88673],[9.44046,55.87674],[9.4602,55.86192],[9.44919,55.86046],[9.44019,55.85378],[9.45556,55.84999],[9.44567,55.83982],[9.44732,55.83468],[9.48339,55.8327],[9.48297,55.82741],[9.50371,55.82711],[9.50716,55.81029],[9.50801,55.80249],[9.51489,55.80021],[9.51437,55.79557],[9.51938,55.79586],[9.5203,55.78572],[9.5409,55.78366],[9.53926,55.77333],[9.55577,55.77815],[9.56433,55.77291],[9.57612,55.77643],[9.57949,55.77475],[9.58571,55.78135],[9.59671,55.77298],[9.58486,55.7641],[9.59209,55.7608],[9.59276,55.7525],[9.60214,55.75201],[9.62458,55.75831],[9.64782,55.75389],[9.65193,55.7596],[9.68152,55.74945],[9.68447,55.7359],[9.67203,55.71217],[9.67194,55.71218],[9.66674,55.71237],[9.6604,55.71036],[9.6563,55.70989],[9.65344,55.70997],[9.64714,55.70898],[9.64236,55.70877],[9.63862,55.70807],[9.63644,55.70813],[9.63413,55.7078],[9.63226,55.70895],[9.63118,55.70936],[9.62787,55.70871],[9.62786,55.70871],[9.62541,55.70798],[9.62218,55.70773],[9.62056,55.70799],[9.61903,55.70808],[9.61445,55.70718],[9.61149,55.70721],[9.60846,55.70681],[9.60822,55.70672],[9.60573,55.70635],[9.60459,55.70537],[9.60315,55.70482],[9.60221,55.70514],[9.60173,55.70541],[9.60134,55.7059],[9.5986,55.70735],[9.59609,55.70708],[9.59462,55.70608],[9.59312,55.70557],[9.58946,55.70668],[9.5862,55.70613],[9.58551,55.70569],[9.5855,55.70568],[9.58537,55.70559],[9.58255,55.70514],[9.58197,55.70476],[9.57962,55.70435],[9.57209,55.70611],[9.56867,55.70727],[9.56665,55.70604],[9.56456,55.70924],[9.56106,55.71022],[9.55801,55.71059],[9.55722,55.71032],[9.55581,55.70736],[9.55589,55.70729],[9.55533,55.70603],[9.55438,55.7062],[9.553,55.70666],[9.55251,55.70673],[9.55241,55.70669],[9.55138,55.70676],[9.55081,55.70596],[9.54314,55.70715],[9.54314,55.70715],[9.54289,55.70715],[9.54286,55.70657],[9.5593,55.704],[9.55923,55.70382],[9.55937,55.70379],[9.55949,55.70285],[9.55877,55.70202],[9.55767,55.70132],[9.5557,55.70144],[9.55626,55.69922],[9.55627,55.69917],[9.55633,55.69894],[9.55689,55.69906],[9.55817,55.69854],[9.56049,55.69742],[9.56136,55.69687],[9.56476,55.69535],[9.56618,55.69508],[9.56702,55.69446],[9.56702,55.69446],[9.57027,55.69402],[9.57199,55.69297],[9.57432,55.6923],[9.58159,55.69105],[9.58458,55.69103],[9.58482,55.69046],[9.58698,55.69018],[9.5879,55.68999],[9.58824,55.69004],[9.58864,55.68998],[9.59155,55.69039],[9.59457,55.69035],[9.59831,55.69128],[9.59908,55.69138],[9.60339,55.69148],[9.60853,55.69268],[9.60853,55.69268],[9.60901,55.69278],[9.61281,55.69264],[9.61553,55.693],[9.61971,55.69264],[9.62389,55.6932],[9.62433,55.69322],[9.62775,55.69296],[9.63516,55.69378],[9.6364,55.69357],[9.64039,55.69424],[9.64154,55.69387],[9.64343,55.69371],[9.6453,55.69415],[9.64516,55.69315],[9.64728,55.69143],[9.6478,55.69122],[9.65103,55.6902],[9.65498,55.68991],[9.65543,55.68987],[9.65588,55.68999],[9.65985,55.69061],[9.66332,55.69199],[9.6656,55.69241],[9.6668,55.69373],[9.66741,55.69478],[9.6701,55.69101],[9.67171,55.69052],[9.67202,55.6898],[9.67312,55.68982],[9.67468,55.68906],[9.67591,55.68769],[9.67742,55.68676],[9.683,55.68472],[9.68403,55.6837],[9.686,55.68282],[9.68764,55.68006],[9.6877,55.67799],[9.68846,55.67581],[9.68897,55.6752],[9.68966,55.67514],[9.68958,55.67458],[9.69038,55.674],[9.6909,55.67434],[9.6923,55.67246],[9.69408,55.67106],[9.69477,55.67102],[9.6954,55.66981],[9.69791,55.66807],[9.69995,55.66745],[9.70452,55.6651],[9.70606,55.66492],[9.70654,55.66499],[9.7077,55.66517],[9.71243,55.6665],[9.71852,55.66496],[9.72389,55.66298],[9.73129,55.6607],[9.73427,55.66035],[9.73549,55.65953],[9.73696,55.6592],[9.7379,55.65849],[9.73977,55.65439],[9.74164,55.65262],[9.74244,55.6486],[9.74662,55.63298],[9.74954,55.62782],[9.74979,55.62762],[9.74341,55.62788],[9.74197,55.62642],[9.737,55.61792],[9.71278,55.61136],[9.70335,55.6088],[9.66836,55.60219],[9.66162,55.61069],[9.66459,55.61946],[9.62694,55.62122],[9.61785,55.61591],[9.62018,55.60669],[9.59883,55.60629],[9.58653,55.60127],[9.58172,55.59194],[9.57158,55.59059],[9.5583,55.57854],[9.53616,55.58095],[9.52248,55.59004],[9.52295,55.6109],[9.51327,55.61098],[9.51527,55.61695],[9.49371,55.62978],[9.49715,55.61208],[9.45014,55.57594],[9.42785,55.57183],[9.41384,55.57116],[9.40893,55.57714],[9.39281,55.58231],[9.38063,55.58166],[9.37666,55.57755],[9.36474,55.57529],[9.35606,55.56695],[9.33832,55.57552],[9.3309,55.57535],[9.32069,55.58376],[9.30282,55.57952],[9.2778,55.58509],[9.2349,55.59229],[9.22001,55.60343],[9.2258,55.61835],[9.21956,55.61562],[9.21107,55.61885],[9.19898,55.61491],[9.18502,55.61843],[9.18871,55.62793],[9.15896,55.62917],[9.15981,55.63741],[9.14987,55.639],[9.15665,55.66535],[9.15924,55.68478],[9.15139,55.69043],[9.16774,55.69544],[9.16855,55.70027],[9.16149,55.69823],[9.14908,55.70228],[9.15785,55.71583],[9.15369,55.73383],[9.15814,55.73241],[9.1622,55.73447],[9.16927,55.73437],[9.17447,55.73706],[9.1976,55.7375],[9.19923,55.74018],[9.17897,55.74647],[9.1548,55.7487],[9.13422,55.74868],[9.1143,55.75298],[9.11714,55.76669]]]}},{"type":"Feature","properties":{"name":"Lyngby-Taarbæk"},"geometry":{"type":"Polygon","coordinates":[[[12.48091,55.79897],[12.48926,55.80106],[12.49105,55.7972],[12.49407,55.79989],[12.50003,55.79891],[12.52394,55.80433],[12.52799,55.80252],[12.54462,55.80355],[12.55062,55.80739],[12.56094,55.80588],[12.56822,55.80958],[12.58207,55.80792],[12.58253,55.80762],[12.58718,55.80407],[12.59022,55.79553],[12.59471,55.78916],[12.59595,55.78826],[12.5954,55.78815],[12.59548,55.78715],[12.59535,55.78604],[12.59412,55.78464],[12.59303,55.77942],[12.57891,55.7749],[12.57149,55.77416],[12.56368,55.77076],[12.55674,55.77112],[12.54703,55.77335],[12.53917,55.77367],[12.52637,55.76842],[12.52329,55.76404],[12.51877,55.76337],[12.5167,55.76311],[12.51646,55.76309],[12.50878,55.76258],[12.50053,55.75956],[12.47951,55.76039],[12.48146,55.7654],[12.47991,55.76843],[12.48345,55.76827],[12.48758,55.77275],[12.47465,55.77583],[12.46936,55.77521],[12.4628,55.76903],[12.45837,55.77269],[12.44819,55.77338],[12.43895,55.77672],[12.41642,55.77455],[12.41328,55.77568],[12.41504,55.78357],[12.41902,55.79312],[12.41647,55.79514],[12.43511,55.80213],[12.43951,55.80211],[12.4391,55.79964],[12.4533,55.79951],[12.47324,55.80211],[12.47317,55.79704],[12.48091,55.79897]]]}}]}